time,run_time_sec,down_time_sec,planned_cycle_ms,downstream_blocked
2026-04-24 19:17:00+00,41.465943664932894,240.16916095715416,111.86653965753827,2629.375328313461
2026-04-24 19:18:00+00,40.61249934036086,270.9947206499116,201.38437850084003,2634.5246622047507
2026-04-24 19:19:00+00,42.508960347218036,241.03117921630172,223.10353876164356,2632.8294288032575
2026-04-24 19:20:00+00,46.58373519218092,236.59300722111274,193.67732306111643,2470.1481957445158
2026-04-24 19:21:00+00,49.37296303730842,265.16517321481064,167.75945755430268,2300.418142233955
2026-04-24 19:22:00+00,42.294472396163,289.00871808687066,255.41838232058262,2229.8580452451038
2026-04-24 19:23:00+00,38.90471756692997,296.2048310013017,275.1168211076646,2328.05250128251
2026-04-24 19:24:00+00,33.30209125091042,292.86810614872616,238.1838531607576,2200.6648542326398
2026-04-24 19:25:00+00,31.45091272304208,285.65430818284347,222.1233141557753,2237.3854993946065
2026-04-24 19:26:00+00,34.807580002518435,286.2854355588923,213.63364400239448,2233.333385352051
2026-04-24 19:27:00+00,37.496706958302035,274.770107163795,172.15212938542413,2057.292745247123
2026-04-24 19:28:00+00,39.484150728764014,279.3337144644918,226.0255241595684,2109.610589257383
2026-04-24 19:32:00+00,36.79905583872577,290.89184433651747,180.78300856758545,2028.2589809556832
2026-04-24 19:33:00+00,36.51514920544146,289.22789071985585,144.92937089878595,2058.1027115910583
2026-04-24 19:34:00+00,36.63110360210487,294.48301066950637,227.60085446752132,2030.2640985705295
2026-04-24 19:35:00+00,32.164394043891704,284.863693701734,204.59422363303727,2055.785627590808
2026-04-24 19:36:00+00,31.196497480057108,280.37147323326155,173.8427244045952,2141.305013513078
2026-04-24 19:37:00+00,32.54947099056407,286.7881491110575,69.14202966082667,2185.9519161264684
2026-04-24 19:38:00+00,36.34555084230377,286.53676677887097,26.726627719645002,2361.8677774753414
2026-04-24 19:39:00+00,35.85220889827277,279.09203565971734,31.65932077046646,2280.895742471373
2026-04-24 19:40:00+00,38.579564912802496,288.5131573492912,104.021868790388,2133.7268920097267
2026-04-24 19:41:00+00,32.8683116181341,287.0245157085556,99.43793466071527,2049.0157633398303
2026-04-24 19:42:00+00,31.011969895890577,258.57062136933735,50.08505742613612,2072.1694441072427
2026-04-24 19:43:00+00,32.01707305442286,266.3602442474308,89.2858723966284,2212.9807283514283
2026-04-24 19:44:00+00,33.48624086450672,239.37728264082472,160.8289114538279,2149.036438802701
2026-04-24 19:45:00+00,32.632130850958816,240.16104462659752,185.00083191511968,2203.928577227424
2026-04-24 19:46:00+00,36.19286020226889,237.99270724475156,208.77216428242153,2198.804102919828
2026-04-24 19:47:00+00,32.0369427398484,251.73212024758323,267.69251968763626,2267.888516836952
2026-04-24 19:48:00+00,32.785544662234265,279.32378331273975,232.96945059559118,2414.6491214448697
2026-04-24 19:49:00+00,32.105182220235235,281.17587470834644,189.00949915079937,2433.964813621261
2026-04-24 19:51:00+00,31.570248107538877,276.0715544180979,209.13152118131447,2432.223455956721
2026-04-24 19:52:00+00,32.60970571587525,270.34125133151224,217.36767298761686,2453.7678646181425
2026-04-24 19:53:00+00,38.07005062383524,285.2164149918455,267.78526007307283,2491.7423665215133
2026-04-24 19:54:00+00,31.108931619942727,257.5109419846688,261.8809713457799,2502.881697255457
2026-04-24 19:55:00+00,31.79702812421355,234.17748453755112,274.0317603411653,2445.73200185265
2026-04-24 19:56:00+00,36.20176077908556,235.08988545147307,268.6930392115497,2358.9134252478007
2026-04-24 19:57:00+00,32.80249746897046,254.00898423450005,244.66387571359974,2320.563347075239
2026-04-24 19:58:00+00,43.25939588683815,274.7334886516625,161.14457187371045,2654.2788342212143
2026-04-24 19:59:00+00,43.506393875216254,241.0885137129623,134.46524304188043,2702.4599082326004
2026-04-24 20:00:00+00,52.468406681614084,231.0730137583265,162.11228546135,2649.202912678381
2026-04-24 20:01:00+00,54.978162899857296,222.1241764568968,213.6790580377327,2647.636058461089
2026-04-24 20:02:00+00,54.68580601639572,224.65254490490145,240.90612162426396,2551.2595559551305
2026-04-24 20:03:00+00,57.620199598895006,223.56387514166315,224.71646336884618,2501.3047903794786
2026-04-24 20:04:00+00,53.95188519987604,215.24688767913693,174.00638169899477,2538.7966199937355
2026-04-24 20:05:00+00,55.037371110396094,260.51048601787943,271.18519327205365,2608.601517219364
2026-04-24 20:06:00+00,53.44425190956399,252.63126175712082,284.43771100562105,2794.358628505706
2026-04-24 20:07:00+00,55.91940171770973,244.2100833737191,231.703663229964,2780.7485802883534
2026-04-24 20:08:00+00,58.86804185240217,259.9333133439312,246.82974749821537,2687.866534000154
2026-04-24 20:09:00+00,64.27154775751423,275.05699903532286,245.07915088221924,2782.7168531395782
2026-04-24 20:10:00+00,76.49692823950735,259.5612341920989,242.7672044887222,2749.9517639355054
2026-04-24 20:11:00+00,69.25356551337053,262.1544070173347,269.1669463035301,2713.4517964501347
2026-04-24 20:12:00+00,66.21341783693025,222.40484636730147,229.3070847967631,2705.172820534689
2026-04-24 20:13:00+00,64.369313091388,206.92729620691404,216.67974089581526,2737.1380295236922
2026-04-24 20:22:00+00,61.59229954270876,241.99365404689382,206.42249157885172,2828.805031969858
2026-04-24 20:23:00+00,64.2732289887113,290.6345116563007,251.12429342436337,2746.3652430842126
2026-04-24 20:24:00+00,61.37791540170845,268.7923755886288,285.4547756357208,2891.8391209920765
2026-04-24 20:25:00+00,49.874009761366004,288.0687739280091,216.71035169223913,2788.6829750301704
2026-04-24 20:26:00+00,47.09057993906499,267.34035795177306,270.50490398923716,2578.2509217981183
2026-04-24 20:27:00+00,49.50149523409125,242.25581761896788,283.7322758880893,2449.643519125128
2026-04-24 20:28:00+00,50.97094973091013,211.89946928555483,255.73453527431948,2450.110974332578
2026-04-24 20:29:00+00,51.76397030705229,215.4985148568552,223.710208585862,2383.7944622170717
2026-04-24 20:30:00+00,43.01774832903598,231.89642722147258,155.4604289673577,2337.936768142912
2026-04-24 20:31:00+00,42.3840497264222,223.9444649844365,194.1944050192267,2410.7157038874016
2026-04-24 20:32:00+00,41.748310230653395,242.43771673903305,189.608357781556,2279.9770931756716
2026-04-24 20:33:00+00,39.553124820003575,241.4854582602272,151.08439820331927,2373.192800091037
2026-04-24 20:34:00+00,33.64965893532568,249.95155716199548,123.0587553674151,2414.468209675192
2026-04-24 20:35:00+00,33.983678164834004,288.1769408694111,67.76144792586007,2287.902597541034
2026-04-24 20:36:00+00,39.84042472913836,280.0502562558707,55.785786936309655,2303.3774378320477
2026-04-24 20:37:00+00,40.503377687246314,274.53853059607945,46.3900588002004,2415.033933551973
2026-04-24 20:38:00+00,40.16359050299557,283.39577828783007,30.1216349610093,2405.737685476353
2026-04-24 20:39:00+00,39.573244241239856,277.61781211475113,18.620443645623467,2341.671986818407
2026-04-24 20:41:00+00,44.66705303748465,274.99061421036856,22.05435506990822,2182.4782297122397
2026-04-24 20:42:00+00,45.5079733797135,291.4521136853113,15.38621938388069,2140.1097940253344
2026-04-24 20:43:00+00,52.32443882813503,294.347970933108,32.176069132469294,2150.305139317818
2026-04-24 20:44:00+00,54.77555406444249,274.93774546799375,23.596520209343712,2311.1119915186437
2026-04-24 20:45:00+00,58.587979223180376,241.09628763490159,54.738753445225164,2262.980538840565
2026-04-24 20:46:00+00,54.92034982474116,250.44218476019475,111.94800853210624,2043.6448959759832
2026-04-24 20:47:00+00,58.31297493144719,279.66436891503565,216.24645203436137,2074.2711686647513
2026-04-24 20:48:00+00,61.28657978269395,275.1661482349616,282.5871205800463,2081.0119704386566
2026-04-24 20:49:00+00,64.67819725880177,236.7099965759403,272.54935632347514,2203.531593704706
2026-04-24 20:50:00+00,67.75442393474026,222.84418932551924,217.76859539509928,2199.694478653676
2026-04-24 20:51:00+00,68.30153632485498,253.67303921195816,92.13568842027071,2180.7295793609715
2026-04-24 20:52:00+00,65.52304105647433,235.40399733088287,84.16147288836555,2263.1531535294216
2026-04-24 20:53:00+00,69.02203480791616,227.3378255712018,123.87536563596859,2348.7936970821575
2026-04-24 20:57:00+00,63.26442000262142,209.95434549058152,93.6460700405904,2399.279682057295
2026-04-24 20:58:00+00,63.51799532705987,214.28756002253826,99.43450294210932,2409.005495577375
2026-04-24 20:59:00+00,64.11318589192865,224.1286908740273,79.15747255161509,2532.5109807408608
2026-04-24 21:00:00+00,60.115595439707384,227.68337932032213,65.6410716620925,2594.9502351451442
2026-04-24 21:01:00+00,48.45156293097226,239.79080865079519,45.258268419957844,2279.432416442793
2026-04-24 21:02:00+00,44.85356703934022,220.24988261000635,136.9544136261767,2212.07756494267
2026-04-24 21:03:00+00,46.44555196961711,213.4436201251062,221.9081649541043,2266.786631930421
2026-04-24 21:04:00+00,44.525110125717504,230.94304052413278,266.84209399114104,2297.352421159547
2026-04-24 21:05:00+00,51.540438840649664,260.8505603467146,276.1635225153645,2159.613340182952
2026-04-24 21:06:00+00,46.89961204395446,255.9096358637527,260.4343327418382,2054.903176530769
2026-04-24 21:07:00+00,42.37635900975257,256.4732019416752,253.07372818238912,2059.6939332677193
2026-04-24 21:08:00+00,41.75572744255483,241.05070945491713,182.89136278074844,2054.7786981393733
2026-04-24 21:09:00+00,41.968732239965206,222.05245147048083,171.84896277285395,2023.3387297828235
2026-04-24 21:10:00+00,47.48908658404171,226.07523752498568,167.7379425675753,2057.3107664108547
2026-04-24 21:11:00+00,48.81964991129897,220.69082140210125,97.15626601228732,2056.5473264624497
2026-04-24 21:12:00+00,49.82423649695001,212.3277879522675,129.07627428293927,2068.622729129018
2026-04-24 21:13:00+00,53.58878290919703,226.27008064373672,183.2002216062729,2160.8231974066152
2026-04-24 21:14:00+00,58.96570331550789,203.5679897564823,216.4011017923787,2323.792297860205
2026-04-24 21:15:00+00,56.48088475938576,207.80208085624696,239.45951294798178,2350.443003528382
2026-04-24 21:16:00+00,48.207546168757,206.27965160475873,251.4930017296476,2575.7299189748255
2026-04-24 21:17:00+00,50.06376766085315,219.59314767461296,281.2086416099666,2717.703951337666
2026-04-24 21:18:00+00,53.324858153073095,208.72092088788014,257.8559913896076,2638.690326900659
2026-04-24 21:19:00+00,63.419163371883336,235.42694770884435,274.3761713967321,2527.004236014419
2026-04-24 21:20:00+00,65.36568416069565,235.15138635741684,281.6755152569721,2495.0088720918243
2026-04-24 21:23:00+00,67.64508961958555,227.09691020855234,274.27914014719295,2416.657261055915
2026-04-24 21:24:00+00,70.68870147070783,221.76514993445613,272.2999813876743,2336.440606640255
2026-04-24 21:25:00+00,66.19929508905358,259.0288914196838,273.006555867514,2451.0394584276323
2026-04-24 21:26:00+00,59.74446867623097,289.1980600093645,270.68166882429017,2723.8514445621554
2026-04-24 21:27:00+00,57.33245491788843,231.676495738969,289.5183196617705,2792.88112123085
2026-04-24 21:28:00+00,57.415585616656465,228.5385822177765,238.91287741622511,2948.0560629596994
2026-04-24 21:29:00+00,54.982919053985384,215.47152637224778,121.32252041847154,2881.711459868661
2026-04-24 21:30:00+00,49.90776544176292,208.66309941553183,156.78357259628933,2910.344714171518
2026-04-24 21:31:00+00,49.87532590280045,206.4344765038898,153.396935721685,2873.9054472454404
2026-04-24 21:32:00+00,49.8238405076477,208.36845686261717,156.15574429161157,2848.156842685522
2026-04-24 21:33:00+00,45.49572865739449,205.96853036515915,61.633241032822056,2809.626821467636
2026-04-24 21:34:00+00,48.576296557274325,212.53013065774428,7.5403567942520375,2805.8086830358734
2026-04-24 21:36:00+00,53.58278062691038,232.32514658175404,19.016011398178893,2813.972320167877
2026-04-24 21:37:00+00,59.5238604568356,241.4593973211567,20.770068321523556,2791.8880374564674
2026-04-24 21:38:00+00,56.056516569346925,235.13348278346072,32.219081123228634,2770.6258011827076
2026-04-24 21:39:00+00,51.66878578723458,235.06402175392677,59.028415123586676,2786.0783372716933
2026-04-24 21:40:00+00,51.32489712051149,216.7131167560584,76.77861046766162,2732.2922639802314
2026-04-24 21:41:00+00,55.22245066618546,237.21669100951058,73.93553523240598,2556.841197127427
2026-04-24 21:42:00+00,64.38061638592042,273.20233424951624,39.31430668501002,2302.217737696428
2026-04-24 21:43:00+00,66.88483706236062,268.53838132239645,34.60310569360401,2245.4721339051207
2026-04-24 21:44:00+00,58.204069822698514,258.2868755358034,23.37995657515878,2177.168227863334
2026-04-24 21:45:00+00,58.244560300091045,262.2078543718397,56.29227462908022,2140.7869515580164
2026-04-24 21:46:00+00,66.78611487414743,233.28159643440765,143.92379472163242,2119.85520807838
2026-04-24 21:47:00+00,68.02226268132677,223.03429755968253,234.51656315081692,2276.6181615587266
2026-04-24 21:48:00+00,77.88214911468907,214.78181933283076,283.4105606955872,2220.784364424272
2026-04-24 21:49:00+00,71.16055948111332,237.0389013711769,268.6954359893169,2244.283071784752
2026-04-24 21:50:00+00,66.31504059662956,252.40679254707956,276.8756357572345,2049.8394077692715
2026-04-24 21:51:00+00,64.75366751286953,240.2266773656735,257.9512338176585,2132.992083040892
2026-04-24 21:52:00+00,71.62344184512224,231.86638905699348,215.4325456911257,2104.5392310617203
2026-04-24 21:53:00+00,65.67721020711177,219.42371539313487,123.22844819696545,2218.2070451003724
2026-04-24 21:54:00+00,61.96116794022509,227.26019036605527,122.95717589202964,2243.796453984561
2026-04-24 21:55:00+00,68.18456438890478,262.9278312269523,101.36921929776751,2302.2688477370248
2026-04-24 21:56:00+00,74.73157679296742,296.221497314149,47.270014881291814,2297.642074589077
2026-04-24 21:57:00+00,76.80443546973454,251.46459440740628,31.016930052136026,2342.2107770997895
2026-04-24 21:58:00+00,72.03882941887446,217.42882659112007,29.457674345775793,2440.233067473627
2026-04-24 21:59:00+00,65.70927002872133,232.5109588283257,64.84437129026824,2461.1427247150355
2026-04-24 22:00:00+00,55.31993103275628,289.9310307288732,14.933614468205485,2510.122183543413
2026-04-24 22:01:00+00,54.56768297102143,290.16064063305475,53.93084546777353,2481.676042292131
2026-04-24 22:02:00+00,50.597737491960785,292.18070427453375,117.3495983710474,2461.3906835635507
2026-04-24 22:03:00+00,43.890898991901786,286.0683233966551,180.91875978518243,2296.0838514280777
2026-04-24 22:04:00+00,44.03519210543129,288.62128136704257,256.305955750138,2157.715406708575
2026-04-24 22:05:00+00,50.0953147494615,290.44914724479446,282.2271316291477,2206.4573835599294
2026-04-24 22:06:00+00,52.7804541886273,272.26733653123875,289.33371361706753,2272.3136587454264
2026-04-24 22:07:00+00,55.53410753379658,286.57681901669963,285.98232888424025,2129.5913092193287
2026-04-24 22:08:00+00,53.638043021546885,296.1498125635292,287.5802809707801,2134.9310137425655
2026-04-24 22:09:00+00,55.23401290905578,298.083871161979,279.26773373087485,2152.9563860294948
2026-04-24 22:11:00+00,53.865046861858346,293.0689190084379,289.21172299234047,2170.6093620211686
2026-04-24 22:12:00+00,50.623961613249115,294.2188037286416,279.12756171192694,2225.5253369797947
2026-04-24 22:13:00+00,46.00003629585198,291.28494994877514,205.75543156573337,2155.611692487327
2026-04-24 22:14:00+00,39.3347483611295,285.45599585638814,167.43694756572256,2183.6295704406552
2026-04-24 22:15:00+00,35.21499998748217,277.8940298930622,203.4392997305664,2249.90709266086
2026-04-24 22:16:00+00,37.928285578119876,242.7549170692858,171.92475583732298,2246.510945759852
2026-04-24 22:17:00+00,38.623053516290035,244.6374231573189,197.5687211845038,2265.7359472216403
2026-04-24 22:18:00+00,39.52132775048706,226.73079197703615,278.7189062733513,2299.9026432563664
2026-04-24 22:19:00+00,41.76958063158254,210.23839585402632,273.1195161291991,2286.6123429630456
2026-04-24 22:20:00+00,45.046067140026906,220.19761578361818,285.43406647855426,2416.3666542142773
2026-04-24 22:21:00+00,42.86436666820556,217.58718320281085,248.85289221911708,2475.8419364953083
2026-04-24 22:22:00+00,47.114624646696626,206.8829345659588,228.28998977537174,2528.014036255139
2026-04-24 22:23:00+00,48.95487231865745,206.2760075265361,243.62195639320836,2430.9120387166768
2026-04-24 22:24:00+00,47.93684345538232,226.716637881756,234.80079531085508,2333.6502737347087
2026-04-24 22:25:00+00,35.043661981615315,211.6996934931079,274.03813836207485,2221.360544440085
2026-04-24 22:26:00+00,32.11613371608677,237.72793958361396,275.46219609524655,2383.9853226373916
2026-04-24 22:27:00+00,31.49389626477737,271.6853414001651,253.5035328489441,2379.6320048562234
2026-04-24 22:28:00+00,32.83910264321062,243.04908532887612,210.28894122610393,2252.2419467619384
2026-04-24 22:29:00+00,40.01114898578706,243.74861712949698,233.88593822762456,2200.117918032032
2026-04-24 22:30:00+00,57.30402946085639,265.5393717905114,198.04177887732146,2029.3315970735446
2026-04-24 22:31:00+00,53.48509697523597,274.1016229032321,153.75296307818783,2159.796589203842
2026-04-24 22:32:00+00,55.6676377201042,262.83788176534034,191.2812155862496,2338.631914529462
2026-04-24 22:33:00+00,51.08491308061193,267.8653917656658,165.60139989553355,2305.3292139916825
2026-04-24 22:34:00+00,39.9054943028723,287.61203303230354,198.04097131945062,2242.625412495502
2026-04-24 22:35:00+00,41.01679611061807,291.7949785614595,161.84842615696613,2367.369932369876
2026-04-24 22:36:00+00,38.377827758769946,291.554506100294,156.04991856699507,2402.4360989501915
2026-04-24 22:37:00+00,44.08630964745474,296.30919581823196,68.92389336141242,2289.6039576359335
2026-04-24 22:38:00+00,48.689332881604244,293.22445697222383,14.808848005250494,2224.4762903833657
2026-04-24 22:39:00+00,44.34583658293171,285.5887877638015,33.07599599573156,2349.0685878812355
2026-04-24 22:40:00+00,41.39169471801456,288.26562623138756,22.0133277552734,2458.5040553298745
2026-04-24 22:41:00+00,43.502372991732514,269.13791510142295,89.51859564646462,2522.172458801898
2026-04-24 22:42:00+00,54.11105219323527,230.22612447173287,159.19724796032827,2277.209102600124
2026-04-24 22:43:00+00,57.24026813284517,220.72818551280616,186.09910167676526,2104.8055302616867
2026-04-24 22:44:00+00,56.1351968691942,235.17478053467713,198.8380958927412,2182.854763151861
2026-04-24 22:45:00+00,58.653661148152246,250.38419054002557,172.10925402730527,2155.110467860059
2026-04-24 22:46:00+00,58.269646714351694,270.62490271948616,214.1846715155397,2105.0398589816446
2026-04-24 22:47:00+00,55.25784961196825,294.05168250015777,255.99424729261688,2026.2867827664907
2026-04-24 22:48:00+00,49.634483005259426,291.3527299653087,242.07748756227224,2140.1409754039582
2026-04-24 22:49:00+00,46.63040317561583,291.2610834346483,207.3144129830056,2381.580114729268
2026-04-24 22:50:00+00,48.799235688384016,282.13952006133144,212.44565700048702,2379.083700312221
2026-04-24 22:51:00+00,50.438747218775106,292.1553802534095,273.7068304862327,2284.970014977453
2026-04-24 22:52:00+00,45.79332557129466,286.14156336760817,288.9915349805085,2200.4389822469375
2026-04-24 22:53:00+00,47.13642888340551,297.1203540591294,294.53176259078066,2146.640541988439
2026-04-24 22:54:00+00,51.82023769238959,273.17243183258944,204.39943736077467,2086.5825013798117
2026-04-24 22:55:00+00,48.222414963778675,233.0944275570849,100.56864476141541,2056.8906334607777
2026-04-24 22:56:00+00,51.6265676586995,208.3168418501458,135.59472328138165,2045.0704111204989
2026-04-24 22:57:00+00,52.86883416734059,217.47365882838815,183.63994135627956,2072.202210223405
2026-04-24 22:58:00+00,55.08355402554873,218.91730328091649,173.82129602610078,2163.392212978188
2026-04-24 22:59:00+00,57.12268662083687,221.86201862919037,123.72777270679201,2255.640744343704
2026-04-24 23:00:00+00,63.9461550087154,216.95795804949012,132.6134571060508,2187.78303480063
2026-04-24 23:01:00+00,59.127503552385384,216.50350714477165,152.31853785751582,2310.7012522545942
2026-04-24 23:02:00+00,49.00736705295991,207.38288706152917,116.34388488386338,2431.6377212706593
2026-04-24 23:03:00+00,39.638141835203314,212.5687728382948,84.90807813633798,2371.14585211956
2026-04-24 23:04:00+00,37.90667428211728,218.52694792151246,87.67213391005718,2387.432545196531
2026-04-24 23:05:00+00,33.667453325332914,259.3060270199111,174.77663233540915,2483.5717308743783
2026-04-24 23:06:00+00,35.49302669561398,262.50654119615893,289.52406170431095,2427.5363495373126
2026-04-24 23:07:00+00,40.65667131109481,278.97853185049377,252.81587922210585,2495.6568650053814
2026-04-24 23:11:00+00,47.6121067618856,274.23258342867683,221.6639155967026,2437.489893835597
2026-04-24 23:12:00+00,47.377991666668514,255.77835766085744,250.81013518706447,2482.171041561906
2026-04-24 23:13:00+00,51.00745991807854,235.0064939930554,271.3315709595539,2567.86578494608
2026-04-24 23:14:00+00,50.76047322543959,236.64732148429212,217.726269072348,2531.3637963797555
2026-04-24 23:15:00+00,45.513717188679976,278.910511821131,211.8467348774207,2520.1204901680026
2026-04-24 23:16:00+00,45.62922631033871,285.3213405522716,264.4846208929485,2584.9877361917393
2026-04-24 23:17:00+00,43.041179981564916,277.02806020140343,274.14285085230597,2350.732163402346
2026-04-24 23:18:00+00,41.45386547337339,279.5114415750864,283.01653830375614,2606.5719283613553
2026-04-24 23:19:00+00,43.860916232935885,273.2108966723246,252.7083370408109,2727.1323024805374
2026-04-24 23:20:00+00,34.43345670405621,288.7029294524102,198.222666162043,2813.2734858982353
2026-04-24 23:21:00+00,31.377891585459746,279.902139536839,195.83009697456373,2871.8992673962857
2026-04-24 23:22:00+00,31.90070819915364,255.43165350782814,209.80523379355785,2859.232408079241
2026-04-24 23:23:00+00,31.80061310771261,249.2907807150149,268.2694646960669,2811.433888102564
2026-04-24 23:24:00+00,33.03603915902908,275.71358158006547,239.19285219931825,2709.553750985358
2026-04-24 23:25:00+00,31.906933863937695,291.7892303301531,203.2912761746053,2619.572073161835
2026-04-24 23:26:00+00,34.55601701626348,289.30271573792817,176.78112300637125,2609.676384276172
2026-04-24 23:27:00+00,33.901059515593474,293.4937180700568,221.47468906744385,2535.4076514773906
2026-04-24 23:28:00+00,39.898655657116095,280.77814017630675,186.27467034385205,2425.428673504758
2026-04-24 23:29:00+00,36.91178912185936,277.10593271646496,251.0928714223628,2338.997826757641
2026-04-24 23:30:00+00,35.80430370448302,259.43512180408635,253.96450046434927,2343.9344913442305
2026-04-24 23:31:00+00,33.04199561922967,210.67286392950336,197.99484930914758,2403.4577717583093
2026-04-24 23:32:00+00,37.66014154527802,216.29534282167458,256.700508933523,2328.800667915998
2026-04-24 23:33:00+00,38.21535575972187,220.10168742291347,254.65012387073463,2323.2159185111086
2026-04-24 23:34:00+00,40.81065638897547,213.914338113406,247.1296853689483,2333.8366726381687
2026-04-24 23:35:00+00,42.875849569536605,221.91584660652217,278.42625274823314,2267.8538163556864
2026-04-24 23:36:00+00,43.8041379054125,224.09263027329095,237.5376429272684,2297.866051582773
2026-04-24 23:37:00+00,44.12291464556041,210.3927555729197,248.00961269226855,2506.7586311997848
2026-04-24 23:38:00+00,32.09868798798622,229.46387277385935,262.8029903120145,2616.0920763506683
2026-04-24 23:39:00+00,32.02822647028785,241.01423024033264,284.20130715730784,2659.6496747820074
2026-04-24 23:40:00+00,38.09579428930495,238.4350546100882,189.65348579106964,2719.795406417265
2026-04-24 23:41:00+00,39.05450098156788,208.60334101429336,159.21219623999875,2770.210732992095
2026-04-24 23:42:00+00,32.86508562375621,211.3172122741142,122.38024242405982,2768.5119025387244
2026-04-24 23:43:00+00,31.428878297855594,213.95986342277087,72.37231833966267,2749.8861597618447
2026-04-24 23:44:00+00,33.32394497946118,231.0722359305708,106.91391800950308,2913.4154024344393
2026-04-24 23:47:00+00,38.10277096135154,248.3543822570437,97.47184467268497,2929.772925488782
2026-04-24 23:48:00+00,46.1089477289161,255.56223921371156,59.14289401279292,2897.9517384192122
2026-04-24 23:49:00+00,51.5148618671517,232.73274670689014,15.902827309090501,2944.801331221154
2026-04-24 23:50:00+00,39.05321533669951,222.08951004983243,26.404754618291115,2839.207047936731
2026-04-24 23:51:00+00,36.006183233312086,225.9998183294065,119.04923880636794,2793.9338117082502
2026-04-24 23:52:00+00,33.7292411445757,222.4399474649618,171.4110563526354,2836.224127896068
2026-04-24 23:53:00+00,41.16169354817047,226.5100397887432,165.87584046956513,2739.2292230962903
2026-04-24 23:54:00+00,48.13068825222084,248.20816346623678,124.01843755032262,2704.1250757579714
2026-04-24 23:55:00+00,45.95627118065663,278.00003619341993,188.25708713405217,2818.0248792815078
2026-04-24 23:56:00+00,36.60366641889865,272.9797363654586,259.59281623562583,2823.1160797535613
2026-04-24 23:57:00+00,35.271483836784284,232.0428099689957,277.72530791047785,2913.4765978006308
2026-04-24 23:58:00+00,31.573839603952127,234.83454085922668,215.93966673177638,2765.2704377089635
2026-04-24 23:59:00+00,34.798737757096426,225.58874459329004,138.37256631120127,2770.883048003902
2026-04-25 00:00:00+00,40.186090965786256,228.68908956650395,86.88787369867539,2708.2702155683387
2026-04-25 00:02:00+00,39.19323155362267,231.52849146307236,91.5107497660804,2686.1113470722153
2026-04-25 00:03:00+00,35.02140695047062,248.5268328358647,99.00706198187792,2713.122532987477
2026-04-25 00:04:00+00,35.170162200807106,242.46732374420975,56.387146939475116,2438.4157563407416
2026-04-25 00:05:00+00,34.87971680065457,225.7661633451547,19.521461987507408,2404.7474217285926
2026-04-25 00:06:00+00,37.70645988071017,216.83441650615433,61.976307382749184,2348.0107441025616
2026-04-25 00:07:00+00,47.984521744701155,211.34631501082782,97.95087848991248,2315.747492040603
2026-04-25 00:08:00+00,39.369660616068906,247.76962159367298,223.31824033982727,2331.8176087613115
2026-04-25 00:09:00+00,33.02078789458172,235.19298255714824,265.3659486031275,2427.2361123378673
2026-04-25 00:10:00+00,31.868301276262297,221.03095168253748,230.3893186505296,2388.8591146906574
2026-04-25 00:11:00+00,34.357030161155734,211.47096579667223,170.14636596907854,2364.3683529391205
2026-04-25 00:12:00+00,34.06626760449342,224.17766828800984,204.06949126474493,2428.666298328239
2026-04-25 00:13:00+00,41.79741557888708,254.0849399609225,204.1860738779928,2414.40382267074
2026-04-25 00:14:00+00,46.37883475150177,221.3256779576312,263.83549076345565,2420.7633924756587
2026-04-25 00:15:00+00,49.42782508146719,215.26151691366036,258.69242003041416,2361.6851629072935
2026-04-25 00:16:00+00,53.25372665517436,212.86089432506637,273.16861915202225,2444.628752897582
2026-04-25 00:17:00+00,51.30593711143733,205.0814009921238,276.8732655986242,2620.8174939978735
2026-04-25 00:18:00+00,51.46286482972113,217.1193452581601,279.8270247940184,2710.9396528206753
2026-04-25 00:19:00+00,67.65698448528308,208.8107157114179,255.15628905637084,2777.397875798619
2026-04-25 00:20:00+00,73.57761367314085,245.42906349191642,185.6296926422612,2878.0506543771617
2026-04-25 00:21:00+00,73.27418189967175,292.53514261429603,189.12808385385358,2942.5456053825883
2026-04-25 00:22:00+00,67.09093409469136,249.07485712416695,260.510802011128,2951.57172657394
2026-04-25 00:23:00+00,66.56610615811263,257.63660888200076,245.60227928571646,2920.6849529870083
2026-04-25 00:24:00+00,70.3734781233054,222.37731219385796,184.61156220488826,2874.2306352617543
2026-04-25 00:25:00+00,76.61686249275915,218.51062386296687,261.8577304475377,2804.6126044000907
2026-04-25 00:26:00+00,74.05564992875836,219.92103364953232,242.04768826291857,2834.0765258410593
2026-04-25 00:27:00+00,67.40678717591949,230.09556790618998,204.2571749084369,2791.063259689436
2026-04-25 00:28:00+00,65.2041636575689,234.6564455491157,258.1480328166816,2734.4336964872296
2026-04-25 00:29:00+00,61.513070606438916,254.7694512549459,199.7455632932768,2580.073440586631
2026-04-25 00:30:00+00,54.33995138291104,265.93638099934856,156.38426910835216,2624.151358681602
2026-04-25 00:31:00+00,56.910603308218796,276.8741769277424,129.40899210639242,2755.180440643676
2026-04-25 00:32:00+00,54.026107628433095,281.3180286615017,140.82037187016414,2733.297002921933
2026-04-25 00:33:00+00,53.78715025799434,263.8382012861554,148.6111352518603,2558.7915414008708
2026-04-25 00:34:00+00,48.23800705786341,256.111334616635,170.34662057399728,2625.0612392389435
2026-04-25 00:35:00+00,40.56065014152277,251.16634847176795,176.3057659444316,2589.4856775254275
2026-04-25 00:36:00+00,32.99815692481664,228.14890085177183,136.37835676627307,2473.8611456610856
2026-04-25 00:37:00+00,35.52454362617096,257.8540263654497,175.20446857372883,2574.918389042014
2026-04-25 00:38:00+00,37.45202659723602,244.18909293324347,148.0549276762338,2487.1151652381195
2026-04-25 00:39:00+00,41.22761880240361,280.72853519183207,118.71151870239169,2493.693036276152
2026-04-25 00:40:00+00,41.645538693152865,269.7555261159491,258.59876084471665,2388.958050714975
2026-04-25 00:41:00+00,42.70333283315025,275.2678508801241,272.6041033612955,2333.849890962529
2026-04-25 00:42:00+00,49.501527973270875,236.87314467934445,266.56398929189953,2355.603286430241
2026-04-25 00:43:00+00,47.267180231393354,244.6851553696871,265.89848774557987,2139.0165552228164
2026-04-25 00:44:00+00,43.33905053747113,233.19113155830016,165.55127436389986,2111.558371992406
2026-04-25 00:45:00+00,47.473808271577084,209.63122071401594,88.61908611532355,2063.708494393112
2026-04-25 00:46:00+00,50.45338866873841,210.5312756076983,44.58077975576646,2082.998394605117
2026-04-25 00:47:00+00,54.793185251897754,218.7447948409618,106.40540284001074,2043.3658644680404
2026-04-25 00:48:00+00,50.261356701264894,211.20611673944137,61.53881296405455,2094.5302522488173
2026-04-25 00:49:00+00,51.937885190411286,228.75690005297204,31.159357785704923,2033.9855269997533
2026-04-25 00:50:00+00,53.27039367841397,231.73800719925603,87.3178093698376,2065.992243068777
2026-04-25 00:51:00+00,49.19212357498157,216.3701592149605,19.825696107850906,2078.1322938844787
2026-04-25 00:52:00+00,46.7265929392305,236.5474136857978,102.61978221749719,2131.077541209117
2026-04-25 00:53:00+00,43.45801435415364,257.3784135511713,150.52527916872174,2163.385935615379
2026-04-25 00:54:00+00,33.227458156425726,272.20358465089294,161.4114966174733,2057.5847823268496
2026-04-25 00:55:00+00,30.934844864520038,296.8054511731681,181.49778669459374,2144.835689144389
2026-04-25 00:56:00+00,37.44523273557815,295.13504580160077,182.24140052964933,2041.0804561764392
2026-04-25 00:57:00+00,41.46806731515571,294.5539262877684,172.10870193611441,2045.1470243078627
2026-04-25 01:00:00+00,40.967735318924014,295.75595210043303,137.49009290343432,2066.8257151350927
2026-04-25 01:01:00+00,41.539636018221756,291.30530579027226,74.33974422643398,2036.5329459184686
2026-04-25 01:02:00+00,45.63499509642484,294.1913208540856,122.1273158910622,2083.18697758635
2026-04-25 01:03:00+00,43.50681950010457,294.34842468099447,147.80915859227466,2105.854343098179
2026-04-25 01:04:00+00,43.60590116368169,295.75902422386724,122.21183637501912,2068.2691124954094
2026-04-25 01:05:00+00,40.595525529430766,285.83315298778746,143.70540239025968,2105.762543190315
2026-04-25 01:06:00+00,36.65028637147837,273.4751641898158,176.32628374048366,2115.7085662608047
2026-04-25 01:07:00+00,38.85275362974975,229.61784286151524,184.1572063320135,2253.3528756312903
2026-04-25 01:08:00+00,44.49634158268067,206.66883529149155,178.66615751241264,2258.327441055284
2026-04-25 01:10:00+00,48.16828259571084,210.7749911035581,159.68424142237413,2234.349557049914
2026-04-25 01:11:00+00,49.16985899590113,219.54284322916192,150.2853200345386,2209.1353639987965
2026-04-25 01:12:00+00,45.94511904811092,216.75910068997663,232.48763664053655,2107.7532565609245
2026-04-25 01:13:00+00,46.185648337317126,258.96240208563734,246.46741372644667,2198.435925703874
2026-04-25 01:14:00+00,41.842688349773354,237.39277948929006,220.687280972515,2268.7955408826547
2026-04-25 01:15:00+00,39.15896828102338,268.28259481720096,194.9180309702585,2156.2116801594743
2026-04-25 01:16:00+00,35.08634912049915,270.6775790689266,158.01893494522218,2269.6651390968696
2026-04-25 01:17:00+00,37.20867478469275,267.61638662438713,212.04852211353722,2289.4471513557273
2026-04-25 01:20:00+00,37.90510449130542,261.3102474181252,273.65688971350113,2152.2194540684013
2026-04-25 01:21:00+00,37.463614407838364,230.82611709812875,247.7687925323427,2093.115586068797
2026-04-25 01:22:00+00,35.51816851228271,230.62839365154935,278.4825894724925,2129.9481114727428
2026-04-25 01:23:00+00,39.77616884256146,229.58599446798752,268.05139621662266,2292.216447969894
2026-04-25 01:24:00+00,40.09098897497541,238.98298286761226,197.89500128450214,2218.0442944028714
2026-04-25 01:25:00+00,49.65440222946989,265.94629248584846,148.19720424970174,2186.709445511677
2026-04-25 01:26:00+00,56.270931455271146,283.2365177451559,216.00629477251434,2122.579642323085
2026-04-25 01:27:00+00,59.74281660623332,294.4011451415405,219.62889648643775,2049.8023789990207
2026-04-25 01:28:00+00,67.92433386178165,276.2265610686023,261.0225820089626,2099.7710324686705
2026-04-25 01:29:00+00,67.58753616438082,243.46096978116248,268.72096306475805,2211.814271549331
2026-04-25 01:31:00+00,68.37410619242422,230.6949747435553,243.63692724478932,2154.6375139674706
2026-04-25 01:32:00+00,73.53659173436266,223.00272537422094,230.1575518224245,2125.553036106646
2026-04-25 01:33:00+00,77.49259354603846,211.62440637931115,202.50179713515678,2157.735134114387
2026-04-25 01:34:00+00,75.32913101482144,223.50040903268453,120.02983855349953,2191.9385406753963
2026-04-25 01:35:00+00,66.7281330255892,231.2278589216086,103.02076170868439,2328.831792969846
2026-04-25 01:36:00+00,58.70434945024865,231.48518301373198,65.0885070887543,2252.5905084189058
2026-04-25 01:37:00+00,60.17022780948043,222.4342130899758,51.403361543794844,2100.3721877567536
2026-04-25 01:38:00+00,60.579051608609284,231.7237903278274,83.67527841989694,2031.0770275600687
2026-04-25 01:39:00+00,54.5895051872181,248.51584418379846,67.3159972285158,2084.986924448652
2026-04-25 01:40:00+00,52.352612035359805,226.62263967570664,79.92301162027347,2080.1374534575075
2026-04-25 01:41:00+00,60.791888846219805,247.17425499902498,97.12090755752436,2045.1996193277673
2026-04-25 01:42:00+00,60.130383397683836,278.7992762106136,123.87501777287733,2109.5685465462807
2026-04-25 01:43:00+00,55.67398832460802,287.65319616162066,162.52764096965254,2266.5706643670405
2026-04-25 01:44:00+00,55.31855203031484,248.09685909366007,97.48714199043486,2291.814609221373
2026-04-25 01:45:00+00,54.80366618727207,250.24085050305953,45.64406342579067,2408.279916545282
2026-04-25 01:46:00+00,48.331053992784305,261.5515317086013,36.01492927587896,2288.0753010062704
2026-04-25 01:53:00+00,47.13119736076868,272.6946626618873,28.835718148760964,2106.7597913986233
2026-04-25 01:54:00+00,40.12224691978734,278.2991096737884,115.49697375660942,2114.0994531025185
2026-04-25 01:55:00+00,43.27266762523454,289.8924390172728,65.86305127563884,2028.3412214062166
2026-04-25 01:56:00+00,41.657484816217206,263.85587975218357,33.04702196127585,2034.1673386531058
2026-04-25 01:57:00+00,34.842243637016054,225.18920176396222,23.094684766498496,2108.993353083174
2026-04-25 01:58:00+00,35.88502620673866,282.59278773659827,62.55745641954143,2109.875291340673
2026-04-25 01:59:00+00,31.678428757890646,284.3721973233513,66.36029571851473,2111.715167101172
2026-04-25 02:00:00+00,32.2288237459608,292.08604048878345,139.4673176226187,2034.3816627768667
2026-04-25 02:01:00+00,32.0183205994694,293.1901067257453,121.74675169720437,2071.2216485391723
2026-04-25 02:02:00+00,36.95894641242189,262.1665990037391,169.72232984203598,2127.593153442834
2026-04-25 02:03:00+00,37.55745207043904,227.39427955132487,225.72095927279116,2150.2793049481743
2026-04-25 02:04:00+00,36.20197648936299,225.12536342976193,217.90377376351697,2152.1149003330866
2026-04-25 02:05:00+00,36.87412883254433,231.41175327762969,236.0332815649253,2208.7284732073854
2026-04-25 02:06:00+00,33.91471305242788,231.5099565884917,279.668257769674,2188.438467407877
2026-04-25 02:07:00+00,32.75161289708265,254.68741281152782,210.15334489098265,2278.324978079043
2026-04-25 02:08:00+00,31.95272891000997,250.86019959448683,223.2234451097751,2202.6280625599657
2026-04-25 02:09:00+00,33.36903743444216,220.50651010089604,270.1275717214517,2102.6182610611427
2026-04-25 02:10:00+00,40.16474067232536,240.3642187195769,204.69395761486655,2286.2578163304343
2026-04-25 02:11:00+00,38.045098802283036,247.52751150504972,121.98724209246804,2402.9180595100906
2026-04-25 02:14:00+00,33.38950863640515,263.9232863931091,117.73038562567794,2503.211888017331
2026-04-25 02:15:00+00,37.45671233497598,245.308300974329,98.55801233118333,2642.4412990278206
2026-04-25 02:16:00+00,37.098710052855054,214.9007276284243,54.32257466976408,2670.8988062783983
2026-04-25 02:17:00+00,40.76759501263542,213.3334541171524,25.967817928732142,2619.397212888326
2026-04-25 02:18:00+00,42.50906927779401,264.27710399304857,21.904741213013594,2772.1607788997794
2026-04-25 02:19:00+00,50.370269282874546,294.1567821431045,48.88500142515959,2506.7349080770664
2026-04-25 02:20:00+00,51.801996255605026,290.8165872779226,111.44555556850607,2485.5548585704278
2026-04-25 02:21:00+00,49.513398775056025,288.0620675776326,142.45469911835022,2359.365953380524
2026-04-25 02:22:00+00,54.334856008050856,283.624605531072,188.3032438663324,2249.8718677708625
2026-04-25 02:23:00+00,52.85002749958586,279.8954685605405,235.45121734542747,2151.064568167223
2026-04-25 02:24:00+00,50.58514433244738,267.8883054294669,256.20568336696357,2056.5307445814883
2026-04-25 02:25:00+00,52.39427613913572,279.3814579893713,192.25871489105413,2154.163919110949
2026-04-25 02:26:00+00,52.6337094440049,290.4981575132354,246.29752229761453,2268.9553892685517
2026-04-25 02:27:00+00,47.23031116438355,278.64270338877236,255.0452471455094,2296.585333684439
2026-04-25 02:28:00+00,37.55393368622796,260.5103816134281,269.3264034055918,2289.818259116997
2026-04-25 02:29:00+00,34.40314594669905,241.81644754045865,237.451467409934,2364.0006458792614
2026-04-25 02:30:00+00,32.75396120333082,214.58791301833526,212.23199437189209,2235.486690097718
2026-04-25 02:31:00+00,33.005759085313755,220.38533447852865,167.4382943699716,2272.0729174942007
2026-04-25 02:32:00+00,36.63726260445255,212.4799672874156,234.39697642867972,2401.1476362406033
2026-04-25 02:33:00+00,46.49099738438004,237.01819922798083,275.92605042968654,2436.258121690198
2026-04-25 02:34:00+00,45.71289096861479,239.39689998034382,262.2693115730744,2245.6223358709412
2026-04-25 02:35:00+00,42.21747287656122,224.2036801176082,270.5237600352138,2057.228455605608
2026-04-25 02:36:00+00,43.93025354924989,249.05497911251547,231.36555319049234,2052.511493335441
2026-04-25 02:37:00+00,37.88717979999033,241.29514854715907,243.0365576741972,2038.6989068167863
2026-04-25 02:38:00+00,42.64758101209766,219.4898879015792,265.639240010047,2035.9995302830316
2026-04-25 02:39:00+00,46.19876962260856,219.80540564137482,273.16399743998676,2038.7977268888103
2026-04-25 02:40:00+00,52.39461995412845,243.36325588863244,267.87552532996483,2045.4955430389064
2026-04-25 02:41:00+00,56.955443398594355,257.0685054397537,209.24255656365992,2030.2097843543597
2026-04-25 02:42:00+00,62.82625972123647,284.45213349749645,187.5171801090527,2040.0419563753146
2026-04-25 02:43:00+00,67.65531770108068,271.1771532583724,127.57124634217826,2083.9896331712525
2026-04-25 02:44:00+00,67.295838080476,251.90181206920653,81.22558058961057,2205.9857451299963
2026-04-25 02:45:00+00,63.030740465504735,280.51468461395245,24.15244388513412,2185.152981854917
2026-04-25 02:46:00+00,62.009219855359724,271.7988628565489,29.437999218271088,2288.87637733789
2026-04-25 02:47:00+00,57.801492792934205,216.2836547129748,55.149430083365125,2240.7856470253055
2026-04-25 02:48:00+00,60.10304634529209,219.8867075126708,116.76961924338819,2026.980497732159
2026-04-25 02:49:00+00,58.07257607708261,212.75409902748612,109.54045381294709,2069.857519742429
2026-04-25 02:50:00+00,62.17120479451329,233.19981064222435,121.11307048984575,2202.0240189458273
2026-04-25 02:51:00+00,70.44335456408996,245.37830137165415,138.55112885936921,2240.942307002415
2026-04-25 02:52:00+00,74.59460235312524,271.2950328585514,179.29412277048087,2260.6387874976563
2026-04-25 02:53:00+00,70.25613652045193,259.20584152830514,167.07192427688184,2345.7952841922465
2026-04-25 02:54:00+00,62.589368069871874,246.3817009247895,215.58132690870616,2342.987800034059
2026-04-25 02:55:00+00,62.09183792753739,238.60884990119797,193.94136788544833,2408.4019402626745
2026-04-25 02:56:00+00,68.81607895056155,245.48072288391867,166.8511107441792,2456.1308400370567
2026-04-25 02:57:00+00,72.44184467550012,237.60905536336233,116.33863165131963,2550.8549708736123
2026-04-25 02:58:00+00,67.91044966605737,212.20535951997886,142.81923174421215,2629.376738098221
2026-04-25 02:59:00+00,70.23325158738756,209.22049385852344,155.52481146817087,2522.8249500657066
2026-04-25 03:00:00+00,67.08883139554686,236.03964303407156,68.00493806470017,2329.626121074914
2026-04-25 03:01:00+00,62.230054608529166,242.27605157818616,70.7538001659016,2274.9251389666365
2026-04-25 03:04:00+00,62.92917119911,226.78504819929057,117.58211729390685,2155.553563408888
2026-04-25 03:05:00+00,60.54585962302398,215.66276746871645,122.82907896551436,2090.680156509713
2026-04-25 03:06:00+00,58.698467674702485,206.91319741003932,51.967252471071475,2113.5444552657277
2026-04-25 03:07:00+00,61.34695712477167,210.78033742134164,70.91386564007183,2042.5725544675577
2026-04-25 03:08:00+00,50.27094599024105,237.5709267360162,103.57019009576673,2048.6203868758303
2026-04-25 03:09:00+00,47.84574359734064,280.0701143559169,46.43220047304605,2142.2270336592114
2026-04-25 03:10:00+00,63.65099793585035,280.21241695473583,92.83726245109058,2075.83120055655
2026-04-25 03:11:00+00,65.50481430747828,271.37374577367046,142.5733843859558,2099.584827822392
2026-04-25 03:12:00+00,63.182327952699886,264.95910298928794,124.712180919269,2174.6109299982045
2026-04-25 03:13:00+00,50.03911839944864,291.54881519660404,124.15352808028764,2103.2248881761993
2026-04-25 03:14:00+00,47.316631985330865,297.19507785581163,189.7969355502841,2100.7202586738163
2026-04-25 03:15:00+00,47.25481577107676,291.6964507442878,171.6462905400941,2050.558003059187
2026-04-25 03:16:00+00,52.740850042122226,286.3012260611359,177.8188219843352,2088.5917849813845
2026-04-25 03:17:00+00,47.77266158227687,293.20844883200965,165.434906427245,2052.8750538451845
2026-04-25 03:18:00+00,54.42865301297779,286.71058747549796,163.59087207728598,2077.701549392446
2026-04-25 03:19:00+00,60.884068857900665,279.7125486973468,61.204649210921616,2316.8756352352416
2026-04-25 03:20:00+00,68.00507364710994,289.1155810360442,41.07500405034693,2422.561118861247
2026-04-25 03:21:00+00,69.05987614134192,261.38710269868227,15.692203134815772,2417.1402389371933
2026-04-25 03:22:00+00,77.41026700035597,253.69408359953377,28.353965952713562,2409.138208495163
2026-04-25 03:23:00+00,78.59694732971218,279.7083086949766,31.83975522287094,2367.3034430170146
2026-04-25 03:24:00+00,78.61379751788624,275.24346815635647,46.71538498581139,2160.4986926175984
2026-04-25 03:25:00+00,77.54935185960515,266.0450878143924,73.84257301208932,2307.09048555801
2026-04-25 03:26:00+00,76.58387432756608,251.22603979467328,46.449367210383244,2399.309370810311
2026-04-25 03:27:00+00,72.59808742386042,240.68597807866252,27.714521618399097,2357.6541351707237
2026-04-25 03:28:00+00,61.840071916820456,243.91524997161997,30.67434592515223,2359.047984730244
2026-04-25 03:29:00+00,60.85903567031561,253.55827917019704,22.672542262372406,2353.365471618301
2026-04-25 03:30:00+00,60.1720373788753,269.33025485182714,33.40099996916685,2348.0379821807915
2026-04-25 03:31:00+00,68.4962096821436,277.47297844536126,111.1287626482888,2438.9547711790365
2026-04-25 03:32:00+00,69.70000700824987,286.53608416467586,254.87486906118878,2445.4980996288186
2026-04-25 03:33:00+00,78.04647692700605,289.0999173063886,270.25900902252914,2485.6353698302064
2026-04-25 03:34:00+00,73.5485092360782,275.0258636071847,239.08442812076365,2507.994319631655
2026-04-25 03:35:00+00,71.42070184517375,246.2531165425199,244.69523177489194,2283.9716874778765
2026-04-25 03:36:00+00,75.91992032679408,239.49543427142686,193.04294638026403,2310.3158623384
2026-04-25 03:37:00+00,78.38854013145412,227.27380994280125,187.02288934023719,2363.866963290615
2026-04-25 03:38:00+00,75.61443192398062,225.68591184746654,249.97249636360525,2265.5902531150164
2026-04-25 03:39:00+00,78.97064044578529,272.8821822496362,242.64527185872785,2293.173136459566
2026-04-25 03:40:00+00,77.79286725110491,274.2014555462471,257.6390679621371,2364.6631892674045
2026-04-25 03:41:00+00,76.59488066092304,273.9229280851191,248.1832905643135,2320.0250097738667
2026-04-25 03:42:00+00,72.7696342457264,282.539763527161,268.8605054626982,2323.7408302180756
2026-04-25 03:43:00+00,60.62016118385246,245.83750915992783,162.30349786908192,2408.0826203649776
2026-04-25 03:44:00+00,60.544500187423296,239.1490163620453,147.0275607433048,2353.7325657959846
2026-04-25 03:45:00+00,62.35131518821797,218.11375176494624,68.29355871387702,2236.785354019374
2026-04-25 03:46:00+00,61.597123225344816,206.1240731292136,18.990735862652272,2508.3910629907837
2026-04-25 03:47:00+00,58.694215548665255,203.9568402129866,32.99234215550126,2445.812460589818
2026-04-25 03:48:00+00,51.88428238403478,211.7868783354012,24.249145459265844,2228.6067395565783
2026-04-25 03:49:00+00,54.49616238121252,244.30523691655668,55.626539852699686,2267.4658242240107
2026-04-25 03:50:00+00,50.496614339892055,265.70856058341326,140.98416423755674,2358.787842564348
2026-04-25 03:51:00+00,47.535038466759396,273.5831019478786,152.78314749424572,2435.081330401805
2026-04-25 03:52:00+00,46.280162158748006,282.78919463419925,91.09654519974058,2344.5366458260924
2026-04-25 03:53:00+00,48.36748322775172,289.691317905671,35.510663277492334,2256.0150103045894
2026-04-25 03:54:00+00,52.054502140585015,295.69024526946265,54.90392867306712,2330.3530358829184
2026-04-25 03:55:00+00,51.391119784786845,263.398734809128,51.84251857099996,2384.2199378483006
2026-04-25 03:56:00+00,53.04793093790742,238.52993605186842,71.15801823271899,2456.6588216080813
2026-04-25 03:57:00+00,57.231131541440945,258.492932614425,110.78328894247169,2456.569996119368
2026-04-25 03:58:00+00,53.44804262782955,237.6942389155377,168.35654645262463,2389.918927995658
2026-04-25 03:59:00+00,52.65771958170196,208.55658074842762,137.69386818971032,2579.621685192936
2026-04-25 04:00:00+00,48.70555971917926,212.6639163863693,85.4870780404343,2693.5766761568625
2026-04-25 04:01:00+00,48.98909983755744,220.01177198018664,22.414579647850758,2740.2418740789494
2026-04-25 04:02:00+00,51.10706428934271,236.05336724192313,34.42227188001352,2766.7675636758136
2026-04-25 04:03:00+00,49.40991331211142,260.63877650566536,23.517854755838965,2760.7705040262103
2026-04-25 04:04:00+00,44.9968830863958,230.9348181348385,65.05367143386111,2794.3882853942273
2026-04-25 04:05:00+00,36.50910534536149,221.20503789646,85.71586215747581,2772.098109094446
2026-04-25 04:06:00+00,34.54925884711807,214.38886343801266,54.9995149485312,2814.20455804743
2026-04-25 04:07:00+00,35.942819736098876,249.57004057076483,97.20348810169035,2748.2222578639444
2026-04-25 04:08:00+00,45.574914192487924,289.53071006329105,97.68248697593171,2453.8538540622044
2026-04-25 04:09:00+00,41.89667927743468,297.1473354889369,109.13695826881526,2400.625380349715
2026-04-25 04:10:00+00,43.22746226361239,295.01103246568175,118.46744008609602,2343.255726173884
2026-04-25 04:11:00+00,46.8572732259061,276.12523129198365,71.17577669740989,2346.488780251438
2026-04-25 04:12:00+00,42.76132848564996,253.63947331683104,67.74564965379292,2312.5451524913256
2026-04-25 04:13:00+00,37.754309031401064,254.0333630922947,70.94455983460787,2325.8213314063355
2026-04-25 04:14:00+00,34.11242399919563,251.37546150585732,81.98553214724643,2485.7172106460685
2026-04-25 04:15:00+00,35.097570835706996,229.56782774700167,213.27335958845185,2483.2982677725067
2026-04-25 04:16:00+00,38.39241854637403,205.34250913108735,281.52489054302595,2416.7012598255883
2026-04-25 04:17:00+00,42.34047181534867,213.88540496378013,281.21788643608545,2428.458172063168
2026-04-25 04:24:00+00,43.03580011853169,214.26764656180322,267.9577384600459,2488.520900703978
2026-04-25 04:25:00+00,37.18373827094249,212.23744025227327,259.0644109539402,2503.4828079169515
2026-04-25 04:26:00+00,31.16764519291263,251.30406324085237,181.0835740454445,2690.436537649853
2026-04-25 04:27:00+00,33.041726330655834,226.6440776021597,120.25486463164177,2505.5544034156133
2026-04-25 04:28:00+00,42.056458894058665,239.10584792693194,28.37100086441251,2529.761829729271
2026-04-25 04:29:00+00,51.947825055391895,264.91113770078636,9.10216716786263,2596.089912703651
2026-04-25 04:30:00+00,53.885791638773775,268.6244006382463,26.056502505418624,2591.7815186803905
2026-04-25 04:33:00+00,51.148338333078755,266.10032339020864,49.305111886880844,2575.9821418989145
2026-04-25 04:34:00+00,50.06292776209537,225.18236435416645,181.24936766795233,2635.552509609161
2026-04-25 04:35:00+00,48.77087411822246,211.9711086961314,98.38424743581005,2725.8766560663694
2026-04-25 04:36:00+00,40.983608266010656,219.37372352885805,162.83076716198858,2709.026186879258
2026-04-25 04:37:00+00,39.90837856804834,213.98745238598036,248.04838485932248,2764.5642654685234
2026-04-25 04:38:00+00,37.58191899385511,229.35370898479277,214.37733877464495,2831.5584704084167
2026-04-25 04:39:00+00,36.73562616787295,262.45995975839736,125.67976854786845,2924.7588658287527
2026-04-25 04:40:00+00,35.18731069801985,292.28466608582994,103.2929815872711,2837.406464026537
2026-04-25 04:41:00+00,31.822697779208145,284.5845307730894,156.1349274160766,2786.541124250085
2026-04-25 04:42:00+00,34.95878866892592,273.7492691835592,201.51652773625352,2657.572094625677
2026-04-25 04:43:00+00,33.76213565747487,237.01822283128567,165.9993558305896,2656.181563516619
2026-04-25 04:44:00+00,37.42110229208399,218.30744999653476,176.4382150003815,2497.843128672162
2026-04-25 04:45:00+00,43.182540689468496,213.22420677101917,257.48175109078403,2371.718502109917
2026-04-25 04:46:00+00,53.25546694528171,225.06425726111058,274.34020209051573,2261.0105007857014
2026-04-25 04:47:00+00,64.85099074275827,225.36138844666579,281.44693573520976,2326.237097814963
2026-04-25 04:48:00+00,61.88236072777203,250.75829650735972,205.0280542620366,2413.3420457864177
2026-04-25 04:53:00+00,59.517656844289235,272.0618968303532,274.8011307498231,2318.477508789047
2026-04-25 04:54:00+00,66.79041274693124,240.60743122550414,255.62963871587417,2131.034519672803
2026-04-25 04:55:00+00,72.22284544073385,258.1424691785754,198.48246443851423,2288.6577331484104
2026-04-25 04:56:00+00,78.30401604597841,289.13448477168447,163.19221399351517,2168.4681155550097
2026-04-25 04:57:00+00,77.51815775360588,282.31767652981654,134.32430178351902,2061.33489962626
2026-04-25 04:58:00+00,73.12349841237918,262.2879893296531,179.65525099259017,2025.0108954578493
2026-04-25 04:59:00+00,73.7286295328969,260.48937501826344,238.65135765963936,2020.9931957361196
2026-04-25 05:00:00+00,74.85036601160755,250.7724447612054,278.35124755880804,2120.0969842340687
2026-04-25 05:01:00+00,78.38137265790108,227.54724433218172,250.1625654162132,2166.259762434494
2026-04-25 05:03:00+00,75.63603561775798,245.12619427984615,262.296109391644,2139.552880950048
2026-04-25 05:04:00+00,69.08351835668978,231.9337060025935,271.1156350846493,2210.4771592163497
2026-04-25 05:05:00+00,72.13889787228118,239.9693723204419,209.09897489558503,2097.9859415576225
2026-04-25 05:06:00+00,77.7782785573799,268.8258769879145,142.5583111176151,2065.418978707045
2026-04-25 05:07:00+00,77.27602425238905,284.58668321004865,183.69843637535166,2255.0767695023046
2026-04-25 05:10:00+00,74.38723175185265,257.7871993146292,192.0396249356614,2210.9441334495655
2026-04-25 05:11:00+00,64.12362508403258,225.1111906155749,203.80942736885314,2195.450666083722
2026-04-25 05:12:00+00,63.001067805473916,222.96566566770218,235.7700592899934,2064.699511658243
2026-04-25 05:13:00+00,59.672272912529735,251.04141652446071,275.66188446514195,2158.4857146543877
2026-04-25 05:14:00+00,55.472663305979765,240.76665654273938,245.09661067227512,2092.405039692177
2026-04-25 05:16:00+00,52.52315333674031,251.52437226766963,228.22058549637526,2033.502517103555
2026-04-25 05:17:00+00,52.75791112905194,284.6483576846865,177.5231423764549,2070.284545737157
2026-04-25 05:18:00+00,59.15992850421526,278.62755070629083,122.12152921272522,2077.156131697385
2026-04-25 05:19:00+00,64.77412875656816,257.49683898357927,56.09650978886853,2138.2387634568418
2026-04-25 05:20:00+00,74.49908954471911,234.7212794329342,95.1897408164897,2045.6360357799608
2026-04-25 05:21:00+00,75.22697013100047,239.72837223684584,52.86207346380618,2085.054914539386
2026-04-25 05:22:00+00,69.24486243834839,217.12990062146616,17.99222365849589,2078.1415156038834
2026-04-25 05:23:00+00,76.84130483750072,225.14333228679033,27.280715546040632,2147.308219019706
2026-04-25 05:28:00+00,77.02657714444372,245.02816073403184,34.021615975422854,2117.1741705718796
2026-04-25 05:29:00+00,73.13817627236402,258.0590748168805,93.85495191485546,2126.8419382948314
2026-04-25 05:30:00+00,77.29692060776955,286.48627531636396,174.93939565689158,2130.361204097904
2026-04-25 05:31:00+00,77.44747916872251,274.858379215388,204.8074617211876,2086.522315673991
2026-04-25 05:32:00+00,75.91951629756556,278.73757938828317,131.81241944692664,2074.489768772395
2026-04-25 05:33:00+00,75.1048627397225,295.4397018618644,79.34994800427133,2117.3586362720475
2026-04-25 05:34:00+00,78.16274901434777,288.2035228844622,76.53367252743708,2058.2183372470213
2026-04-25 05:35:00+00,75.9036252049181,261.0384687759703,61.77708797210547,2140.898999246381
2026-04-25 05:36:00+00,71.73016086347494,272.6874610263736,102.3499030561403,2232.890993584603
2026-04-25 05:37:00+00,59.46807093581408,282.3218389376208,51.43400815818571,2168.8464442741924
2026-04-25 05:38:00+00,54.752698787913744,289.2637134629041,53.39428743311582,2048.3281522403304
2026-04-25 05:39:00+00,57.5911869297612,285.1416105082512,22.406377644035594,2121.5757339015418
2026-04-25 05:40:00+00,59.582296079164365,267.80715748638795,26.15214269770996,2386.914459433539
2026-04-25 05:41:00+00,65.4486045839015,290.32661956283266,91.32722228903917,2643.1118189866306
2026-04-25 05:42:00+00,66.63653050697812,285.8364079571043,166.35961090392883,2644.958035076875
2026-04-25 05:43:00+00,66.12013746784386,258.81268042503683,209.33778837654282,2477.284248628943
2026-04-25 05:44:00+00,62.47201601663025,266.8125500482487,102.65566960569011,2471.5256633424888
2026-04-25 05:45:00+00,59.94261761655501,271.67198181521417,141.96758399163227,2576.2123604036915
2026-04-25 05:46:00+00,59.066141022592724,287.5273413730173,186.21697970234217,2506.496209414325
2026-04-25 05:47:00+00,61.493225818641456,276.07082571027826,223.51056017161457,2390.3614581518154
2026-04-25 05:48:00+00,65.23369246547877,262.3131179112738,226.09043285718943,2363.1936393660617
2026-04-25 05:49:00+00,68.33834921892989,236.3371262008981,264.1125750274478,2339.8654531984002
2026-04-25 05:50:00+00,72.5144539403566,221.97316515168762,274.53420529422357,2447.0802684743944
2026-04-25 05:52:00+00,78.61898478835168,222.85444688974493,211.35424431885556,2553.2608862920583
2026-04-25 05:53:00+00,74.1784664303833,208.34051529634547,240.56122542278862,2479.411099998434
2026-04-25 05:54:00+00,71.51316178905672,208.6659941103772,174.15855264036384,2479.603219706427
2026-04-25 05:55:00+00,69.61871438171002,223.46604899753345,190.20220672112305,2422.6418873782773
2026-04-25 05:56:00+00,67.72880998717605,205.85882932753884,255.88200335105813,2357.7137013602864
2026-04-25 05:58:00+00,66.74950565652635,217.93893611683364,272.2361060650105,2341.508344512908
2026-04-25 05:59:00+00,68.51072992489391,227.9700884698798,281.91544587153436,2348.10534920373
2026-04-25 06:00:00+00,63.00406357145083,224.4083471867365,284.3269193524206,2264.817133496711
2026-04-25 06:01:00+00,67.24280884107021,221.53491750286764,221.3377584043557,2280.8769249559327
2026-04-25 06:02:00+00,72.21526392694656,259.3752423410943,161.21626586699546,2178.8994897376238
2026-04-25 06:03:00+00,78.92276353499855,289.16224906084057,175.83861731806107,2296.3027132023626
2026-04-25 06:05:00+00,76.46011242472643,277.6704139842276,218.35231405824777,2343.426172368788
2026-04-25 06:06:00+00,75.55087123637274,266.5060223089878,245.24216685351107,2242.346550613367
2026-04-25 06:07:00+00,70.12063020555668,248.55980489349224,196.01625553285268,2242.0478019580682
2026-04-25 06:08:00+00,56.779668306278055,214.16285304550468,276.47252328240916,2270.983359350227
2026-04-25 06:09:00+00,47.49166856950417,217.85688863631893,279.4232458323521,2315.7853949545024
2026-04-25 06:10:00+00,43.93871867656627,228.19799387216855,279.6631356913776,2270.5707997646214
2026-04-25 06:11:00+00,40.02467027929209,218.8935919474506,286.58344841082055,2348.0759281179126
2026-04-25 06:12:00+00,37.074928286964614,209.09555602132383,254.76091907666725,2355.159656133511
2026-04-25 06:13:00+00,40.55126550774996,208.320442498276,232.50575020014364,2291.20178779173
2026-04-25 06:14:00+00,47.62839363232285,228.49823083902672,122.08368013192502,2364.7007930814484
2026-04-25 06:15:00+00,43.369076608438014,229.55554999730913,27.06659603704607,2448.4287820221625
2026-04-25 06:16:00+00,40.324382857264844,222.62979151706605,31.479412071948662,2485.070391946997
2026-04-25 06:17:00+00,43.51000338085523,206.903882586339,18.28944844210708,2481.248740778216
2026-04-25 06:18:00+00,48.05182668991579,212.15209755836364,61.636602007313144,2395.26127871314
2026-04-25 06:19:00+00,47.43500208410554,218.49371206679163,87.82870757089408,2109.918730901559
2026-04-25 06:20:00+00,40.66649657986576,212.43513294067654,140.08195725412196,2164.0951765205314
2026-04-25 06:21:00+00,48.67529867218217,218.5173112595693,225.996028391429,2238.8880538487806
2026-04-25 06:22:00+00,49.516889582048435,204.76366138994229,131.16556492203205,2228.9833909320273
2026-04-25 06:23:00+00,38.754576329299944,232.20790292347877,92.58283867678827,2221.6174807835805
2026-04-25 06:24:00+00,41.1107895429737,239.5944490992436,40.07366612637796,2373.3567034290595
2026-04-25 06:25:00+00,47.63692577642111,238.00081704812638,86.30144574150499,2387.0309963743384
2026-04-25 06:26:00+00,51.72720771291973,271.73230795923024,138.13566427184347,2535.9110475507414
2026-04-25 06:27:00+00,47.044594731178336,264.93422911080904,133.6168311148426,2585.7237344014206
2026-04-25 06:28:00+00,49.360558579557214,287.7929119319144,76.25180911853431,2509.818196170896
2026-04-25 06:29:00+00,51.33089204805578,274.2876322048855,82.99595938132695,2560.594181668182
2026-04-25 06:30:00+00,54.80561805473455,267.0255851811265,43.1896891552285,2636.598317715955
2026-04-25 06:31:00+00,56.67672859562077,274.02946021572706,53.61518089799611,2650.013570200782
2026-04-25 06:32:00+00,57.147081324417044,266.9038074789979,19.895655368643897,2715.4194730716
2026-04-25 06:33:00+00,56.999547053804434,229.75185272332175,57.579164844883294,2846.2422010713026
2026-04-25 06:34:00+00,53.54226265925461,241.07713612281836,149.40514731884298,2825.411821217972
2026-04-25 06:35:00+00,49.37048952644919,281.413899476422,103.81608762727386,2692.946794144029
2026-04-25 06:36:00+00,51.601347785807334,273.702306844622,93.86391633581057,2583.786308840539
2026-04-25 06:37:00+00,54.28294963656254,280.4248544420808,99.07471019267587,2577.369568039863
2026-04-25 06:38:00+00,55.897565008385705,251.53880055722692,74.83343365880864,2618.0704077604805
2026-04-25 06:39:00+00,53.53857639048339,247.84800754054885,85.48759430251759,2689.6782066508613
2026-04-25 06:40:00+00,47.075602013526904,285.3771092226782,162.84452504011367,2541.6918213068693
2026-04-25 06:41:00+00,45.91906794891417,273.62285664307313,229.3325279959985,2519.1412187958854
2026-04-25 06:42:00+00,44.94253659741756,288.513251629379,264.92754521375946,2376.253128572878
2026-04-25 06:43:00+00,41.838515045179,295.4576481871228,238.6263289737739,2334.106172941292
2026-04-25 06:44:00+00,44.18656687742037,292.36649407416115,247.53048240011861,2281.225599255578
2026-04-25 06:45:00+00,40.004017259787396,286.1998124145197,210.62143840436923,2232.7896502790095
2026-04-25 06:46:00+00,34.664338848302485,240.07990147950267,232.30627485624953,2484.339442422214
2026-04-25 06:47:00+00,45.106666851312724,217.37776363918854,225.84750660809433,2474.702496747756
2026-04-25 06:48:00+00,58.043258441528124,210.00380307063142,127.81535004091211,2452.1815510706488
2026-04-25 06:49:00+00,65.42396008018389,244.82398711253433,63.496561420543195,2521.8042607944717
2026-04-25 06:50:00+00,77.4551133253538,264.3797114920718,23.666469210295,2339.2068397444714
2026-04-25 06:51:00+00,76.09541855987341,253.84475337559095,43.0349101863491,2241.819965839829
2026-04-25 06:52:00+00,73.59446824933705,229.9346310341341,119.68402200233652,2316.5819619074605
2026-04-25 06:53:00+00,76.4036965441845,258.25279834648194,117.01370797684513,2304.5173884784167
2026-04-25 06:54:00+00,71.55248969877299,257.1122210696349,80.06077567572352,2413.869498731231
2026-04-25 06:55:00+00,72.12703331554646,217.2635503713076,65.19567317458379,2436.2694341334163
2026-04-25 06:56:00+00,69.14370693242618,204.24723944851948,84.24054034624957,2521.243444932764
2026-04-25 06:57:00+00,68.48581234284634,214.35665690854674,20.468565692429806,2636.266002485274
2026-04-25 06:58:00+00,70.44689821779164,213.00709510044737,18.8630085269179,2780.92758420608
2026-04-25 06:59:00+00,69.21607778416764,251.4155735920469,92.53934077333867,2751.78437684636
2026-04-25 07:00:00+00,64.35936549887008,282.8267025179694,91.4188381832352,2783.415315215407
2026-04-25 07:01:00+00,64.08693087030169,261.9914547100859,118.11398133777719,2892.3138672263317
2026-04-25 07:02:00+00,61.95413908867183,272.49430077549147,236.4915382778176,2944.806825916045
2026-04-25 07:03:00+00,59.26806523942405,288.61553451707056,231.5562594192003,2814.777904662224
2026-04-25 07:04:00+00,65.10318960382352,288.27879095557466,166.41905186998406,2792.1763018835836
2026-04-25 07:05:00+00,70.43501396062399,270.6621798918632,206.90288413529947,2727.9123687453566
2026-04-25 07:06:00+00,74.17895021143872,272.8501077854285,136.63357194090278,2705.38751246372
2026-04-25 07:07:00+00,78.48834913221194,274.07236276835704,123.09091939942158,2807.325533474494
2026-04-25 07:08:00+00,77.52223427253334,262.9254429442964,135.59901867068166,2966.306998244386
2026-04-25 07:09:00+00,76.54297229548098,246.41321403584735,141.60024787748506,2957.7762095538997
2026-04-25 07:10:00+00,77.2771235989159,238.3985939443197,93.83662470412543,2955.5289778486253
2026-04-25 07:11:00+00,78.37241952130265,271.1180006394878,7.5485585093174805,2890.2467598880075
2026-04-25 07:12:00+00,75.00202660587091,261.49772258131173,28.719528115908805,2956.493088502293
2026-04-25 07:19:00+00,76.02042714019007,256.6528050104168,33.02702212149955,2975.5645646576386
2026-04-25 07:20:00+00,72.56456274610287,269.6390360610606,16.945693984736238,2968.252524702949
2026-04-25 07:21:00+00,76.78936362951156,288.5413367412896,10.590262115082465,2841.6478108310425
2026-04-25 07:22:00+00,77.6156886653503,260.6202431416478,28.22522089329144,2791.1954787111144
2026-04-25 07:23:00+00,65.79542677538939,230.03840527397963,23.92541671275865,2741.139140135911
2026-04-25 07:24:00+00,54.26883840047985,230.0750158690723,80.94906171933617,2786.8858763037365
2026-04-25 07:25:00+00,56.1895096634295,212.6773344451929,102.2585668802365,2812.9906549482857
2026-04-25 07:26:00+00,51.96878718229994,,85.13049997507035,2824.042949648187
2026-04-25 07:27:00+00,50.3280011252484,206.43378415150673,87.68903702285259,2845.8964751567496
2026-04-25 07:28:00+00,49.045109628930454,216.70022174575925,104.4775515738062,2789.981318744598
2026-04-25 07:29:00+00,47.36625729475076,226.07647532491154,73.6948730972529,2920.225369571345
2026-04-25 07:30:00+00,33.93002007181484,205.87948684716451,133.4241135338001,2920.0239699442
2026-04-25 07:31:00+00,34.53162886457808,209.51410538671556,103.37142474074813,2891.954994531494
2026-04-25 07:32:00+00,33.16383151048243,233.84194263095566,77.7596821527449,2791.0968068043326
2026-04-25 07:33:00+00,35.05042437170958,261.8735511025184,123.83221668159233,2741.240867731824
2026-04-25 07:34:00+00,36.39554820338539,294.2661939554049,156.58179761601514,2793.509072882245
2026-04-25 07:37:00+00,42.215811771770404,292.08820774756396,81.39228261793316,2802.8057324757383
2026-04-25 07:38:00+00,43.951608236036435,281.73375815208266,93.9230000195359,2946.523410060491
2026-04-25 07:39:00+00,48.744402318472346,270.35925859976567,52.803359916452344,2860.9469846091415
2026-04-25 07:40:00+00,56.484503021350136,240.8202459577088,15.005769692522268,2751.2706954392306
2026-04-25 07:41:00+00,62.23439870121682,240.3171415719623,27.432829542696428,2789.1994981380467
2026-04-25 07:42:00+00,66.91686024264024,249.73288287251788,19.243851687735162,2715.8836733420108
2026-04-25 07:43:00+00,58.003356801903514,274.58614475444426,28.168593709552123,2546.354108169634
2026-04-25 07:44:00+00,60.744383337577915,273.63747192999466,14.476717238602282,2315.939217172543
2026-04-25 07:45:00+00,63.704332286111296,232.54145750660902,37.83903920683501,2372.3345132256254
2026-04-25 07:46:00+00,55.34070598833059,221.52020143756502,36.57855049784694,2273.7590812156977
2026-04-25 07:47:00+00,50.60892688565143,251.15375566637306,28.87097368453089,2176.313615459307
2026-04-25 07:48:00+00,54.19543743861785,253.32888909431355,26.499277017294375,2392.360745695857
2026-04-25 07:49:00+00,58.07450368565774,228.32370816932476,12.194129964727159,2397.023098225949
2026-04-25 07:51:00+00,52.10445576516958,238.22976903876108,24.45308763079398,2383.975331970689
2026-04-25 07:52:00+00,48.08939062092093,273.75789587510775,32.421973944878324,2376.2251338556143
2026-04-25 07:53:00+00,43.496093104560046,292.47398375084674,30.813923282345012,2264.000406725976
2026-04-25 07:54:00+00,49.323343850505424,280.355502982,43.10280537033145,2334.693946306355
2026-04-25 07:55:00+00,56.68219787570912,266.5012022630349,26.833022311099885,2244.114693795364
2026-04-25 07:56:00+00,57.41831594336313,251.21820141310192,50.01111697576555,2213.419625737003
2026-04-25 07:57:00+00,44.403810176374684,244.04445116237943,55.812489596906005,2290.8378080837624
2026-04-25 07:58:00+00,43.629342224143755,236.4097324683016,42.25412884551072,2324.036756439739
2026-04-25 07:59:00+00,44.1112961960891,221.33563449332638,17.480428316572908,2365.9766370254583
2026-04-25 08:00:00+00,39.080466339533174,209.61364109904244,22.449658172687887,2477.203128187581
2026-04-25 08:01:00+00,35.717817243830964,214.24244324429674,19.960495158305942,2495.8949103943696
2026-04-25 08:02:00+00,38.388897850777234,205.14593640299086,95.93078031826606,2486.8155808396295
2026-04-25 08:03:00+00,38.375007871919294,251.41766792762505,146.3480871922694,2398.360287419161
2026-04-25 08:04:00+00,38.43630654360913,289.30692953604733,163.78272598874628,2395.8367666498466
2026-04-25 08:05:00+00,42.46516433635231,272.788629221581,114.2053992001887,2454.3873487389055
2026-04-25 08:06:00+00,43.9206818023788,289.4982255306565,72.45484856768577,2692.5520666614852
2026-04-25 08:07:00+00,40.190165598568576,270.11323833361223,172.9342569509825,2773.2831638785296
2026-04-25 08:08:00+00,40.23992723717228,261.32878898588757,268.13698123680155,2901.939714630938
2026-04-25 08:09:00+00,35.07059638558168,264.36455464084764,191.09988741025083,2919.019044401501
2026-04-25 08:10:00+00,32.50315717815495,258.14139666090534,250.90864687501232,2766.58502732562
2026-04-25 08:11:00+00,37.26000895476788,250.50727595760424,211.27962904061266,2642.3786914067064
2026-04-25 08:12:00+00,38.31667078697292,243.2827468942517,244.39485706317265,2621.9777174810047
2026-04-25 08:13:00+00,38.82595680325302,238.60386253589078,249.7014522594531,2702.106380923441
2026-04-25 08:14:00+00,49.42300157976278,231.08246946062044,197.43314546259808,2811.6510719040175
2026-04-25 08:15:00+00,54.0665457207319,215.4433353479638,164.17734156725186,2755.790062582735
2026-04-25 08:16:00+00,64.39891081799732,221.23888253755186,78.70409526941765,2772.9471502953484
2026-04-25 08:17:00+00,65.65621233513009,228.40386667794488,52.580906381944935,2662.677359563642
2026-04-25 08:18:00+00,72.29289922831829,247.22387967362232,68.35897379574666,2680.18011360716
2026-04-25 08:19:00+00,71.92876062046386,260.476344429593,112.79265835316319,2589.5660429358277
2026-04-25 08:20:00+00,72.78016128726057,257.350884669545,162.52716011137028,2659.609791280562
2026-04-25 08:21:00+00,78.76085144724105,279.56034698772874,197.4434051713546,2799.0353657789456
2026-04-25 08:22:00+00,75.37705704598238,245.4041380121244,225.18109073518536,2929.217747012975
2026-04-25 08:23:00+00,77.26465214128675,228.0250561141323,254.3693251170692,2946.6253192511945
2026-04-25 08:24:00+00,75.65679091033994,253.71712299062298,280.70852710306747,2953.7592957947245
2026-04-25 08:25:00+00,69.81767857069494,220.88469624462743,238.1219652067871,2888.5343829275894
2026-04-25 08:26:00+00,60.65871623276607,206.15188395089382,201.40212679876896,2939.9798681142106
2026-04-25 08:27:00+00,62.3758090629133,216.09902436188491,196.19529983281566,2955.083531303062
2026-04-25 08:28:00+00,63.49864132892962,206.41466338316224,214.5680676023885,2935.34349835369
2026-04-25 08:29:00+00,64.80988774239928,212.6826739928278,266.7678718832602,2803.5245725390846
2026-04-25 08:31:00+00,66.96609182125547,221.3149047585815,246.88610806069997,2775.358363912673
2026-04-25 08:32:00+00,66.27409179104107,244.84578420729395,241.06045431251155,2738.2784610847816
2026-04-25 08:33:00+00,65.2345398208088,268.22289268840194,224.7520304444653,2728.8996995320817
2026-04-25 08:34:00+00,66.39624616471039,295.8158425232443,250.85620786710172,2646.859064243464
2026-04-25 08:35:00+00,65.93769556451076,292.7115648851355,268.1786054824923,2382.810503035651
2026-04-25 08:36:00+00,70.50178179790436,267.2626476567854,245.83516876129391,2520.1925547216274
2026-04-25 08:37:00+00,65.63670981232033,246.6994606302191,254.67548404559557,2640.0317205447095
2026-04-25 08:40:00+00,67.37597062894598,249.06426316835382,270.55170821759003,2724.2241863239688
2026-04-25 08:41:00+00,72.10214967161922,232.69281901291953,281.66255559071556,2764.4914035457423
2026-04-25 08:42:00+00,78.77689424614009,251.63839213237105,248.23823029019448,2737.634180179834
2026-04-25 08:43:00+00,69.00746035265735,226.137645048084,167.19750195858023,2694.5893643050385
2026-04-25 08:44:00+00,63.72042388723914,223.5259693021961,109.75899581295724,2548.2444536185617
2026-04-25 08:45:00+00,50.10864227883374,213.10228515592493,85.91375566494115,2538.2378959227926
2026-04-25 08:46:00+00,33.91985046691725,206.21466638752153,131.5723519895607,2481.628421714315
2026-04-25 08:47:00+00,33.84056672354547,211.02382978133352,114.48132319901336,2322.337768239518
2026-04-25 08:48:00+00,39.843852516553994,214.00230453839015,71.79535491263775,2221.020002517079
2026-04-25 08:50:00+00,40.43070503915838,232.773431075569,34.9849322364991,2243.6418906442955
2026-04-25 08:51:00+00,37.06352200176287,235.75833950518165,53.50796727187858,2146.8700183774413
2026-04-25 08:52:00+00,43.80911788439462,260.7476949456001,149.78509878427872,2088.296086015441
2026-04-25 08:53:00+00,35.713467754155545,268.85765417379775,134.9000283559617,2213.1942466271516
2026-04-25 08:54:00+00,32.05653555270136,281.97850365846256,95.8167994836674,2365.3243407291334
2026-04-25 08:55:00+00,31.88461533648499,293.88052566113066,132.02664696106126,2338.976502901961
2026-04-25 08:56:00+00,34.72410926295614,290.1712163919998,133.85769383959288,2306.142155772786
2026-04-25 08:57:00+00,41.52591165701998,271.4415407309657,98.20251057526478,2236.488947492383
2026-04-25 08:58:00+00,39.88753996622098,288.86513667301045,73.03683522124575,2132.503042140487
2026-04-25 09:00:00+00,41.041364084191855,287.7746892828333,56.052964970638904,2084.6042710876354
2026-04-25 09:01:00+00,39.3119711462474,280.8377984403172,33.54348816204989,2117.3881896786306
2026-04-25 09:02:00+00,37.37895742781898,288.21064831890993,50.538505573932426,2125.9637058248695
2026-04-25 09:03:00+00,33.0936354119057,272.8285564286421,127.22418022342201,2066.2832682439907
2026-04-25 09:04:00+00,35.61783730965954,289.21547994428636,114.3739174806549,2037.0466981995512
2026-04-25 09:05:00+00,39.64290100049695,289.92088441465967,94.99609802990709,2066.2980364607906
2026-04-25 09:06:00+00,42.1441444546768,294.6688679070594,61.253831965028056,2050.2957288858347
2026-04-25 09:07:00+00,46.14103691360219,294.0963908371016,48.86568251443701,2151.4701329088753
2026-04-25 09:08:00+00,49.27040545198141,291.16691283856903,67.46333012227389,2250.7069505303434
2026-04-25 09:09:00+00,52.123582380279096,282.4982316653491,102.86051781739519,2451.936497655649
2026-04-25 09:10:00+00,56.8445100973551,226.07360734330427,165.16377821137038,2425.7448004539074
2026-04-25 09:11:00+00,51.044362456451545,235.71424677523288,153.02941777331026,2397.2901760181517
2026-04-25 09:12:00+00,54.19830622530789,228.6888845836551,85.08505283033844,2501.104656235788
2026-04-25 09:13:00+00,56.41308619947892,227.35513567270755,38.47863935474805,2647.8921897926725
2026-04-25 09:16:00+00,59.44221826556566,223.29949921168313,68.65070467001519,2566.713026439221
2026-04-25 09:17:00+00,67.23434416928589,225.3610789088717,107.19535640943509,2564.305993951065
2026-04-25 09:18:00+00,76.12613746924289,209.20836746843676,103.72237400132602,2512.393508228617
2026-04-25 09:19:00+00,69.72012756155387,207.15478052333268,22.43519292161158,2640.751566990792
2026-04-25 09:20:00+00,58.34506953562412,210.97317613645896,24.564934565525185,2673.5479431478084
2026-04-25 09:21:00+00,54.121652221121664,215.60243149261015,34.101815582605,2603.6182194446264
2026-04-25 09:23:00+00,56.65939681780533,214.54857758331008,6.33749179796384,2579.1354755126968
2026-04-25 09:24:00+00,54.92358911994849,215.4728508746448,26.594798534633213,2520.6607397393254
2026-04-25 09:25:00+00,61.659477134931485,209.71642966260407,22.23060528875076,2500.3750209408577
2026-04-25 09:26:00+00,62.546779002627524,210.88097054802364,48.850637922427566,2377.090703239513
2026-04-25 09:27:00+00,70.86873951527676,252.18504297020436,32.804987893665846,2488.84101929523
2026-04-25 09:28:00+00,57.40366024474329,265.0560034594943,128.85639683668285,2487.3389620069297
2026-04-25 09:29:00+00,45.52368865785048,249.58263363959608,217.56760397542536,2385.3357858843033
2026-04-25 09:30:00+00,35.310854436884505,243.88426137727993,217.3928780973039,2317.270858118011
2026-04-25 09:31:00+00,31.1946560703457,260.1067355874227,187.01537106837995,2414.642714029582
2026-04-25 09:32:00+00,36.18481488208545,279.7933997178633,146.62436122047998,2483.437973636428
2026-04-25 09:33:00+00,45.491643827962065,278.56219348322225,152.51802721176662,2689.368949150883
2026-04-25 09:34:00+00,56.683562883680636,284.16476109724084,165.98832102894707,2803.9609222565236
2026-04-25 09:35:00+00,60.930756379617954,287.1641124371245,137.7099467482267,2836.0544209556037
2026-04-25 09:36:00+00,62.58878307962409,287.7929146640023,97.50327592184246,2816.923945973111
2026-04-25 09:37:00+00,58.87193891698542,285.5453382130269,109.67049243288868,2695.0636880255292
2026-04-25 09:38:00+00,61.549025450500594,269.7677439017317,154.21655668272166,2716.0340580091442
2026-04-25 09:39:00+00,60.450603212835894,274.491490091294,64.50680168210774,2661.3564944460527
2026-04-25 09:40:00+00,65.6855126805695,288.8234063756774,74.13066525272362,2718.380960805812
2026-04-25 09:41:00+00,64.77217986138898,291.4065184296388,76.44527483509275,2832.230229715993
2026-04-25 09:42:00+00,59.723790219998406,293.9340697057026,98.96549437535148,2858.708839531908
2026-04-25 09:43:00+00,66.22060570721838,295.25758009940887,126.17045678776371,2829.792786367603
2026-04-25 09:44:00+00,69.42169823105726,293.6702126192268,192.4313165442987,2886.184143712216
2026-04-25 09:45:00+00,69.58174027293161,287.79165067303717,175.38175827938713,2733.745512253072
2026-04-25 09:46:00+00,75.34092164277448,289.30646221454714,73.88107877249632,2590.2142490679307
2026-04-25 09:47:00+00,74.22921738028847,278.27142322686615,117.99014031886605,2595.950974949279
2026-04-25 09:48:00+00,76.1873386417723,267.3748315716106,170.75605698976315,2634.3187814613407
2026-04-25 09:49:00+00,77.84543470843006,276.1557191668279,235.23497619847407,2414.363311497061
2026-04-25 09:50:00+00,73.89088573416981,241.26102677896853,275.12855095068494,2352.543490150425
2026-04-25 09:51:00+00,64.66444802243794,222.26776016680768,282.5821420531393,2275.1118497885273
2026-04-25 09:53:00+00,65.2302075406164,214.49573055327153,283.0495610976787,2153.249116780799
2026-04-25 09:54:00+00,67.73665224481604,225.06691930877454,247.69907723342874,2187.257650310462
2026-04-25 09:55:00+00,76.95704891139553,210.27596152095322,273.0795527262061,2051.421921732321
2026-04-25 09:56:00+00,78.23268378893593,218.61581163729468,234.92029845653005,2041.7586096627278
2026-04-25 09:57:00+00,77.06478173986751,235.34908280389334,202.39428369045459,2066.7269503964685
2026-04-25 09:58:00+00,75.39371870855427,258.4721505222691,190.08345939863622,2055.978414058275
2026-04-25 10:00:00+00,74.96240613989288,270.61837823342563,244.7747857471582,2130.6533881215096
2026-04-25 10:01:00+00,74.30772006314783,257.6965959932346,229.7368499269687,2131.5292044007874
2026-04-25 10:02:00+00,75.30602230021825,253.4110276454144,215.69078850223624,2072.784036580662
2026-04-25 10:03:00+00,73.55394885885963,269.0864595774474,195.93497381461847,2222.1229033155923
2026-04-25 10:04:00+00,69.96022762262712,293.8790695268309,163.88683395569313,2144.9768125474743
2026-04-25 10:05:00+00,68.09815320136927,279.7393614089142,144.23647110129693,2112.9499519182077
2026-04-25 10:06:00+00,73.8476344109346,292.88258827279566,155.21278151239196,2175.382158828989
2026-04-25 10:07:00+00,71.67687930497168,290.1238466652743,121.49709795145166,2196.631046688173
2026-04-25 10:08:00+00,74.09602688508517,275.47748836993037,134.93199859287364,2153.2445678646404
2026-04-25 10:09:00+00,67.49664057518336,248.41849286086727,230.63589639678196,2178.433530003222
2026-04-25 10:10:00+00,59.94202095701842,215.36694734128642,244.18081954202407,2259.0610890795406
2026-04-25 10:11:00+00,50.75976848044102,228.5104635854348,216.8182589686971,2488.067142536967
2026-04-25 10:12:00+00,49.04126760318394,242.6257883298496,169.9054409889747,2721.7535629893096
2026-04-25 10:14:00+00,47.516042214275295,253.20344776886995,137.99090035421654,2823.7981391191997
2026-04-25 10:15:00+00,48.323668283468685,270.4523065593594,148.44253679943975,2658.977764507079
2026-04-25 10:16:00+00,51.51012989951782,261.87330236176916,167.8134219383252,2549.6962506357545
2026-04-25 10:17:00+00,52.89799323416538,267.3783935790271,154.6343292797613,2471.3850791565637
2026-04-25 10:18:00+00,53.58527716368347,239.7993370236369,87.97469116768191,2347.6480686347563
2026-04-25 10:19:00+00,53.93455668827273,253.4380744918816,34.61892103498838,2125.711480787935
2026-04-25 10:20:00+00,45.30181555555696,275.39187731449766,65.7749291785872,2045.5335343626627
2026-04-25 10:21:00+00,38.29731627720083,271.97583484894426,34.707608357243004,2143.8520873575862
2026-04-25 10:22:00+00,34.751588059380055,245.33174301172176,16.915852677536478,2138.290704693236
2026-04-25 10:23:00+00,40.55464833900388,231.65125253045582,44.788133619050036,2083.235606373378
2026-04-25 10:24:00+00,53.920631580797995,257.7460476285501,34.72953576217843,2188.7726692439405
2026-04-25 10:25:00+00,47.929884007752776,267.51216035396664,22.252747791733476,2165.2359498824594
2026-04-25 10:26:00+00,45.70040807365561,284.80439817394875,10.618180078190957,2067.820581757749
2026-04-25 10:27:00+00,40.80684705042651,291.5537667769856,22.019924040810064,2079.751001891231
2026-04-25 10:28:00+00,41.86162736142227,291.3125145964634,17.74061286995924,2078.483730419289
2026-04-25 10:29:00+00,39.991148733476265,289.16662721602273,54.36830811242745,2158.0672332915133
2026-04-25 10:30:00+00,36.674519462738566,293.4259572621129,171.97530029588134,2273.0898125404988
2026-04-25 10:31:00+00,40.07434036040687,277.0230331173885,249.75306509400605,2361.460596200549
2026-04-25 10:32:00+00,39.58644868706061,246.15045377167445,207.5274929522204,2416.6981163045266
2026-04-25 10:33:00+00,41.1749467454506,220.04274492589923,144.50027579490035,2353.3067013322434
2026-04-25 10:34:00+00,41.08501139324969,253.78402593614678,198.44971438242197,2490.9558530790073
2026-04-25 10:35:00+00,41.41199084587072,251.23889968286267,233.6098234465402,2588.4072233589677
2026-04-25 10:36:00+00,41.35040897436739,233.26882868860375,213.1265599202602,2539.4920646455234
2026-04-25 10:37:00+00,52.946022026454266,217.79525183062225,171.01828823894462,2511.7964329527285
2026-04-25 10:38:00+00,53.84188941231576,212.37912860044577,122.13127962003524,2432.337096903003
2026-04-25 10:40:00+00,55.912215659306504,206.9113179646619,147.63175205939785,2394.6706387992913
2026-04-25 10:41:00+00,52.97308682692275,210.40718309296597,125.83890899493582,2519.1640566411284
2026-04-25 10:42:00+00,47.0682409565614,211.6474594584588,129.40881373125038,2658.2410442794344
2026-04-25 10:43:00+00,46.28255393054176,210.26169753729388,131.8922754873501,2679.848693735106
2026-04-25 10:44:00+00,42.379135336287455,214.97711254649204,157.9163721076408,2698.8522941092624
2026-04-25 10:45:00+00,40.20516084488881,223.6903559080907,129.50819740855843,2542.4208910826314
2026-04-25 10:46:00+00,43.89448700213711,215.39474954324723,164.94261114774238,2660.365669352389
2026-04-25 10:47:00+00,46.34079105284308,218.0607127394081,154.61680320089053,2644.146479332252
2026-04-25 10:48:00+00,45.72689498060331,209.68599967607332,161.3202671975958,2604.9662438580813
2026-04-25 10:49:00+00,41.534597859757284,213.71025490427792,185.0769975885242,2590.8493603091124
2026-04-25 10:50:00+00,49.06552416095822,212.2274911778113,129.55857187493817,2711.722662933556
2026-04-25 10:51:00+00,62.927056931439445,234.29276491216032,115.30601402775704,2851.390270797054
2026-04-25 10:52:00+00,58.22141066822317,225.5118784282554,47.78504328129363,2759.1198002282076
2026-04-25 10:53:00+00,52.53937208248882,222.87626194944522,45.72261830804944,2680.3873389182636
2026-04-25 10:54:00+00,55.89299950842994,243.63877687170427,31.764828920270766,2525.5832761063734
2026-04-25 10:55:00+00,66.79496715092823,222.89061980687663,107.88074732696208,2396.6419595391067
2026-04-25 10:56:00+00,59.33207610673606,270.6997827500297,138.41222521653623,2274.569131569505
2026-04-25 10:57:00+00,53.22017395298725,291.9157052522597,83.34730092547974,2063.9028763975016
2026-04-25 10:58:00+00,50.9454900413244,290.40096164333346,36.84195167432279,2112.84223785854
2026-04-25 10:59:00+00,55.44922115202588,287.0552916290394,44.768820074095764,2130.8760692280025
2026-04-25 11:00:00+00,57.44062505036681,273.61330766406,96.97652667492386,2177.8183836466665
2026-04-25 11:01:00+00,48.40481498957043,227.9513304342673,61.78718509579085,2141.1493228482386
2026-04-25 11:02:00+00,46.75312068824904,209.13858254253358,62.83513538618546,2088.6547190787014
2026-04-25 11:03:00+00,50.93985677087323,207.2079196880731,141.06113649336288,2150.495266928143
2026-04-25 11:04:00+00,57.36053092856641,217.1798529605557,173.54800153342543,2152.761642816571
2026-04-25 11:05:00+00,54.60173609858546,233.9554850119769,243.34741687756753,2240.8139590294245
2026-04-25 11:06:00+00,49.97092220346258,217.0058938060309,213.28819485147255,2215.122880573102
2026-04-25 11:07:00+00,49.58515076955514,238.63981711242383,178.3404041850707,2164.0676834462956
2026-04-25 11:08:00+00,44.459632547182125,243.80082560931078,117.9324728151384,2118.6273251933417
2026-04-25 11:09:00+00,43.90738957181044,281.3508328734726,62.60926909018123,2161.804256816214
2026-04-25 11:10:00+00,33.72215227391563,285.2158441274407,123.67435080596367,2277.2876954488866
2026-04-25 11:11:00+00,31.28988942431548,254.8242051366711,218.59635332107595,2369.5675217330568
2026-04-25 11:12:00+00,33.88304089303085,253.23618988205268,134.70694692597314,2337.059448448011
2026-04-25 11:13:00+00,35.76201631718668,278.22206726427765,160.2022983344118,2275.2528017146783
2026-04-25 11:14:00+00,38.895005181497154,291.3290970745861,153.16085383532427,2359.5712962239822
2026-04-25 11:15:00+00,39.252285202374836,280.7780903095663,47.94052635365562,2375.039749950104
2026-04-25 11:16:00+00,49.473689241323356,287.03765214937664,40.567128161389846,2451.755528665839
2026-04-25 11:17:00+00,55.94145063242692,294.1656716896665,16.02779255540434,2413.521198610561
2026-04-25 11:18:00+00,54.419054986227124,285.60157199445,65.92977144526141,2357.8310440090786
2026-04-25 11:19:00+00,47.9925120675004,290.0087619985349,87.74538580404803,2082.5253513440753
2026-04-25 11:20:00+00,50.391388657098474,291.5916192260972,127.37958104291963,2029.333258125702
2026-04-25 11:21:00+00,51.8411535771634,289.20370463911,93.87752252384819,2164.5836119989494
2026-04-25 11:22:00+00,50.11139483343511,255.55610116424347,123.89800553329037,2315.507256666778
2026-04-25 11:23:00+00,42.689120388954244,224.06313428404403,139.9341498441633,2472.258795615671
2026-04-25 11:24:00+00,32.05876687357688,224.3467857970266,31.256548660256477,2599.1523486493074
2026-04-25 11:25:00+00,33.1519936144798,214.43091657152326,30.509585916788513,2699.393499941763
2026-04-25 11:27:00+00,35.37358023380795,215.28691083676912,110.8117929230753,2633.2640032794757
2026-04-25 11:28:00+00,39.7104891683873,225.9875626432442,223.01233329272557,2731.786004422072
2026-04-25 11:29:00+00,44.33496915128761,240.8538475737472,285.7289815134675,2629.984756232129
2026-04-25 11:30:00+00,47.27737574269911,225.5718181352847,241.81852320265426,2407.48577894466
2026-04-25 11:31:00+00,40.792062386486755,209.6384384561148,213.15279784548486,2402.757264327062
2026-04-25 11:32:00+00,38.03083567664103,208.5507764899621,218.40512904864116,2447.548120589836
2026-04-25 11:33:00+00,31.52257232970525,211.38815067076342,230.13109027075703,2457.4176281712207
2026-04-25 11:34:00+00,33.907650268306114,210.9095259383503,216.43385121099485,2422.45291752113
2026-04-25 11:35:00+00,37.099245934256544,209.38960263357976,256.27387804226487,2429.087014932134
2026-04-25 11:36:00+00,33.6561461773372,227.00669954643212,224.0493922560031,2530.868709967498
2026-04-25 11:37:00+00,36.31482240555085,233.18770392396559,236.14756064005203,2637.145735974039
2026-04-25 11:38:00+00,39.95230394936113,248.6042940746286,224.8658006974031,2711.1818407209744
2026-04-25 11:39:00+00,46.58585349507802,257.2230803862207,259.4896255465233,2751.737192496265
2026-04-25 11:40:00+00,40.52952866729342,270.52430156618914,278.32416317681907,2816.822077131662
2026-04-25 11:41:00+00,47.29927687515509,238.93739326231938,268.9473020936767,2695.699970577939
2026-04-25 11:42:00+00,46.40235895518728,213.4245135356203,186.53496741876478,2619.356384081267
2026-04-25 11:43:00+00,42.09901249914921,216.63756050075958,195.43535333447693,2695.97794444141
2026-04-25 11:44:00+00,51.59067938613601,235.58934011625422,186.26224220083353,2680.8807142583532
2026-04-25 11:45:00+00,64.01684561664864,243.3011210631657,168.83386017362565,2707.7299180387886
2026-04-25 11:46:00+00,69.89288528249152,247.7646362260712,106.98423293162458,2671.20207306672
2026-04-25 11:47:00+00,70.58055148423537,221.05057791694728,181.1694578366486,2604.340754881807
2026-04-25 11:48:00+00,76.11723993777706,206.63757609823986,217.7910553084169,2614.7012601604765
2026-04-25 11:49:00+00,77.0867453329734,213.3786124375416,256.63910505670333,2801.843502377642
2026-04-25 11:50:00+00,71.74499233681343,216.6025500880514,216.92427916152516,2796.3217186041093
2026-04-25 11:51:00+00,73.3050916228407,240.95706966949953,183.33375964974684,2802.3549435151585
2026-04-25 11:52:00+00,,,,
2026-04-25 11:54:00+00,77.90411368582527,259.8971328181715,162.09319256761543,2675.863943880559
2026-04-25 11:55:00+00,78.42642246709678,281.51751682137615,173.12333289558856,2621.8417724821643
2026-04-25 11:56:00+00,77.58214433976846,281.3898498610007,276.58832184856897,2566.572389681256
2026-04-25 11:57:00+00,75.25274641461269,264.3801246022825,255.55061269999933,2497.6534348282785
2026-04-25 11:58:00+00,72.52671033702005,262.24295116633726,267.2373711668236,2411.6662011810195
2026-04-25 11:59:00+00,68.91023948969986,237.06548498045248,188.99966987817987,2222.0722600535446
2026-04-25 12:00:00+00,69.93613999444212,232.6314056377963,176.41852422590208,2167.070210750785
2026-04-25 12:01:00+00,71.08069454382913,212.44125862687807,193.24637847074942,2202.6625826521054
2026-04-25 12:02:00+00,71.4798224303845,206.25034411560958,175.1806843329853,2293.2609376628084
2026-04-25 12:03:00+00,70.42427678905938,213.65635219276683,197.56631637512334,2190.1204782750433
2026-04-25 12:04:00+00,62.12517433314124,239.9711662960344,242.25225445017685,2300.133535035413
2026-04-25 12:05:00+00,58.70791055777676,238.06618276166128,289.9287594694175,2425.7606104643382
2026-04-25 12:09:00+00,58.86498775339489,232.37261615334376,286.3053926802909,2497.242981563204
2026-04-25 12:10:00+00,49.35562628840089,231.41190316454131,205.40727408228494,2458.642080840062
2026-04-25 12:11:00+00,39.06089161088709,209.4121493630818,138.6263818459993,2511.0620284006263
2026-04-25 12:12:00+00,37.61369062012563,272.7224609857558,106.32562253498958,2624.463607489434
2026-04-25 12:13:00+00,31.61928963880823,288.43937080665415,67.67972447636768,2716.8784161077538
2026-04-25 12:14:00+00,32.27231681330626,291.8376235339105,65.07555378495326,2766.6757380002355
2026-04-25 12:15:00+00,39.54059547126246,288.33928673156913,52.298793660887696,2705.761059336376
2026-04-25 12:16:00+00,38.48368476905334,256.29524289426416,31.236302212047537,2608.1275509540196
2026-04-25 12:17:00+00,45.85260884839048,274.62679605900007,117.98182486208594,2548.5026041535857
2026-04-25 12:18:00+00,45.62810712419944,284.4645729229667,164.41312629472947,2761.222024339687
2026-04-25 12:19:00+00,48.81607749347492,280.0316394175447,179.591184500126,2821.0885457477443
2026-04-25 12:20:00+00,50.304577392977215,294.4883442087723,217.7084481966542,2741.8260632631013
2026-04-25 12:21:00+00,49.88280717048589,279.0546655926932,199.78770444089182,2714.8600946612737
2026-04-25 12:22:00+00,53.68398162506477,286.8338066070836,153.2436719897634,2735.2419830876306
2026-04-25 12:23:00+00,64.82537288592525,272.09378679618544,116.15688282546499,2621.0355756545396
2026-04-25 12:24:00+00,65.85242353016488,269.1629831504836,114.65365096405802,2650.364372500452
2026-04-25 12:25:00+00,69.61477105245538,247.90173775927028,68.65546921868531,2429.845564513669
2026-04-25 12:26:00+00,62.72366711976349,224.02793709971908,223.57459457327593,2445.405625314701
2026-04-25 12:27:00+00,65.18756125666712,210.71276294175385,207.32740374372023,2421.313633839416
2026-04-25 12:29:00+00,66.08081298195346,206.2479388952623,181.71013914712634,2507.9945627416078
2026-04-25 12:30:00+00,70.54316549825622,209.44211079378132,210.82528860805388,2459.927598934599
2026-04-25 12:31:00+00,74.86061079353674,227.70691317872266,222.90387345242092,2388.840884534913
2026-04-25 12:32:00+00,65.55992460794113,250.02008587498833,245.8615801552373,2588.683060045922
2026-04-25 12:33:00+00,68.45039401102477,253.53257072416685,246.48295049092746,2727.1210580923525
2026-04-25 12:34:00+00,67.97754901550188,259.63286595272086,246.44816329840356,2880.4095374844146
2026-04-25 12:35:00+00,64.19158034601946,272.5094147887197,216.7922989283908,2825.170782476163
2026-04-25 12:36:00+00,64.81661765346804,279.4492719600284,199.76680290722547,2754.340473677429
2026-04-25 12:37:00+00,63.986720530941575,277.25134785461535,215.6238408581956,2733.1601003217415
2026-04-25 12:38:00+00,62.53169681857914,277.97535320110165,162.36071881415103,2698.6258307149005
2026-04-25 12:39:00+00,61.965943085949114,247.12325918040685,181.1416961599775,2631.859473572881
2026-04-25 12:40:00+00,63.45535754092298,246.9697219668287,227.8528318724583,2668.431025167406
2026-04-25 12:41:00+00,59.584229805586986,279.9097229481159,267.76562861288346,2697.4340897286484
2026-04-25 12:42:00+00,57.66180271955484,274.77185627377844,256.309529804247,2671.0279551000126
2026-04-25 12:43:00+00,58.3964077718797,233.96613388770967,276.6920953227815,2604.519764362315
2026-04-25 12:44:00+00,59.364159423738904,219.4550620206007,223.38714663214856,2742.2389551687984
2026-04-25 12:45:00+00,48.00848515451451,219.3946013524415,181.03261408838983,2915.5746952010063
2026-04-25 12:46:00+00,52.71995706487709,253.79896423191752,135.6747785356833,2951.566901946238
2026-04-25 12:47:00+00,49.576774106126486,261.4923070514711,72.66390896684247,2976.1100226524104
2026-04-25 12:48:00+00,44.90881188758288,266.6299577739597,11.800274061335115,2898.155786156414
2026-04-25 12:49:00+00,44.98923787205929,259.20837196835345,67.55170193818239,2941.900826900039
2026-04-25 12:50:00+00,37.52871216469142,268.1823977205587,47.182649796328285,2965.471408324683
2026-04-25 12:51:00+00,43.11247561779463,234.8405494452766,48.24056316452252,2866.3678154566614
2026-04-25 12:52:00+00,46.4595715315682,210.3428355289552,27.227747584583263,2763.0676254773343
2026-04-25 12:53:00+00,53.8333873487,208.21346597010634,38.339492411475376,2698.179799256503
2026-04-25 12:54:00+00,59.98394834915214,245.2499009740831,42.11782689386477,2427.697868091342
2026-04-25 12:55:00+00,59.734653126084176,221.52704156761442,21.809751370105356,2276.4255214115083
2026-04-25 12:56:00+00,66.82649485557666,236.39048156472973,17.06369531604711,2176.3797218254035
2026-04-25 12:57:00+00,71.37390807217689,216.63909009758532,103.83112498515408,2144.958542125526
2026-04-25 12:58:00+00,71.45108139264353,205.7236608452795,99.02369323770118,2049.4546710976338
2026-04-25 12:59:00+00,60.496255720030156,206.88263693154678,68.06609058146536,2165.9651356068307
2026-04-25 13:00:00+00,52.53983397401616,222.95194417349646,79.09275165782566,2381.7184347975294
2026-04-25 13:01:00+00,43.595914187861695,228.89410576080294,59.48868009791374,2443.3851256594903
2026-04-25 13:02:00+00,46.244950445978766,213.46743352610017,17.01860380100538,2528.6966799363695
2026-04-25 13:03:00+00,46.670009375492135,211.3571266026916,80.93846761276774,2481.4173533971116
2026-04-25 13:04:00+00,49.74873962553768,214.77629197994807,17.016985407673893,2572.611105064457
2026-04-25 13:05:00+00,48.735850494011224,225.42380354104495,39.64895015215536,2592.038487556316
2026-04-25 13:06:00+00,51.839738712917324,236.53006833678265,65.53035385243648,2542.29981941916
2026-04-25 13:07:00+00,55.26960979138288,231.84764980886942,83.82558356421929,2433.5641168441693
2026-04-25 13:08:00+00,56.45577068574443,239.55640889080007,76.22478821676759,2429.558895634841
2026-04-25 13:09:00+00,58.05156357543855,222.3260926819394,45.69758755975395,2383.0182342267667
2026-04-25 13:10:00+00,54.97692290556517,237.23318244134992,10.335716817884505,2385.7751830192788
2026-04-25 13:11:00+00,52.50690659231954,239.6309951495771,15.004251561964018,2481.8144333269697
2026-04-25 13:12:00+00,59.41894773662071,230.02556079740947,28.869184850876135,2346.9121095300693
2026-04-25 13:13:00+00,66.18566518600262,229.37298674401507,99.42535759022674,2367.4340799486104
2026-04-25 13:14:00+00,67.01136454850378,219.03380279728,186.15756348261252,2414.0736029909217
2026-04-25 13:15:00+00,73.39381000131301,208.94947440335943,127.2278357727452,2511.314919330401
2026-04-25 13:16:00+00,73.37999794778183,213.6339581996254,26.089917841473735,2309.9028932800447
2026-04-25 13:17:00+00,69.6427396944432,251.66647776920976,37.85135083117178,2325.9119706192223
2026-04-25 13:18:00+00,70.28694451936411,250.4027306713723,56.29472348616283,2177.6646917763082
2026-04-25 13:19:00+00,63.36240404961685,237.26425866330405,82.9822203155138,2049.2528752486437
2026-04-25 13:20:00+00,62.38108669017496,216.4622720997112,43.936865077411824,2299.817700118077
2026-04-25 13:21:00+00,60.87296724295998,232.8492904781976,95.78553271746917,2254.147639354931
2026-04-25 13:22:00+00,62.704654633201166,272.21260205910926,236.6045951499091,2097.9608801883037
2026-04-25 13:23:00+00,62.00638477285404,283.7636597005642,287.38279388346757,2054.1850432121055
2026-04-25 13:24:00+00,69.94653465392543,274.2975498317812,256.68664821550436,2038.3125268789704
2026-04-25 13:25:00+00,77.12081932272186,278.5769361451785,283.33101443683404,2040.6528116120414
2026-04-25 13:26:00+00,75.25159063829302,297.7454709781658,279.23491702124096,2027.324374260526
2026-04-25 13:27:00+00,76.19624095564522,293.711253199634,265.65598188616,2077.2148969391787
2026-04-25 13:28:00+00,75.03231040659198,289.094893964386,273.50628405187837,2103.0226613553655
2026-04-25 13:29:00+00,73.13646766129392,273.7224392886306,231.82529886924246,2241.7644965307327
2026-04-25 13:30:00+00,77.57039614637817,256.92530897513467,232.67424226822524,2171.982308199466
2026-04-25 13:31:00+00,74.20855521973074,235.59677981018547,241.17989074684778,2156.0849633231187
2026-04-25 13:32:00+00,62.54703369133329,227.69144723508106,215.57527302798894,2196.982602501399
2026-04-25 13:33:00+00,57.53132222980319,210.1579512497777,210.0696468736232,2261.9108461786986
2026-04-25 13:34:00+00,61.703398067039195,223.0647450971579,171.16317341465216,2300.4415662047095
2026-04-25 13:35:00+00,54.35833136622087,226.24183584666017,136.1886198146802,2335.283376158578
2026-04-25 13:36:00+00,51.458588402778005,222.1493160254903,148.9458334858006,2218.507237843257
2026-04-25 13:37:00+00,44.08675266070247,217.1648961470887,110.18123586178952,2071.0576709283737
2026-04-25 13:38:00+00,33.3749990732593,227.78358246663043,129.61427417675088,2100.868372630874
2026-04-25 13:39:00+00,40.68082775691314,231.70335431281976,120.28994150950187,2028.8529048525945
2026-04-25 13:40:00+00,37.11976025063519,249.96109863422205,126.89643608759683,2098.7927459170705
2026-04-25 13:41:00+00,33.077249774274094,282.4907612306389,163.4578864664335,2099.7225500746335
2026-04-25 13:42:00+00,32.414174804769836,253.60265831617224,136.36808169363542,2082.8025266253635
2026-04-25 13:43:00+00,35.01818269289881,216.29918442993548,69.2899837589038,2047.462629087855
2026-04-25 13:44:00+00,34.28219458713297,205.44970018118764,17.161130620309272,2074.0940161581884
2026-04-25 13:45:00+00,39.26512690846689,219.13038181813238,12.203037423972196,2047.5693098128593
2026-04-25 13:46:00+00,36.38568267082076,254.45183039578805,17.962386152355382,2057.3313210009796
2026-04-25 13:47:00+00,32.13445603957205,265.0371931804779,51.923255370154855,2053.806429162867
2026-04-25 13:48:00+00,32.97212480641558,265.1021615558526,67.63820053258658,2072.3539788115695
2026-04-25 13:49:00+00,35.29735779032875,267.2598211390296,3.123864769054084,2074.979125266007
2026-04-25 13:50:00+00,35.30431255715998,277.9587421238427,9.680028348235252,2050.2666925081644
2026-04-25 13:51:00+00,36.50856516998572,289.03951948550355,51.64026145187176,2065.9113859637073
2026-04-25 13:52:00+00,39.7810208017824,254.69795477503047,68.40729711888658,2114.56905737656
2026-04-25 13:53:00+00,41.1604524439873,247.50060782198022,80.32933451221385,2177.625734456909
2026-04-25 13:54:00+00,37.62379226756724,247.97998152972497,63.79485917980611,2218.8606849818707
2026-04-25 13:55:00+00,33.343263372054295,237.01949552511988,79.16428973660042,2116.2274227981693
2026-04-25 13:56:00+00,32.72993779356166,242.9784566600694,125.41638430553779,2050.3100032692246
2026-04-25 13:57:00+00,36.54396125125381,244.68483332230252,130.57252724527964,2087.407682442145
2026-04-25 13:58:00+00,40.598373692132,266.22028543171643,104.87321114053175,2135.1738266193224
2026-04-25 13:59:00+00,41.40058247893541,279.1441695604277,214.90910651547784,2264.674557101146
2026-04-25 14:00:00+00,32.72357099998363,261.7553063577321,197.44513178919252,2264.9745440425654
2026-04-25 14:01:00+00,35.44007482313157,230.9184074510801,219.90902322399725,2298.52248179224
2026-04-25 14:02:00+00,34.48685630040923,247.83414895778364,287.7899932845547,2405.618875610468
2026-04-25 14:03:00+00,32.009891739932215,255.72827048747487,271.46136611176024,2491.0362334414262
2026-04-25 14:04:00+00,33.936476060473005,247.84641688771856,279.5017748664446,2479.710210285094
2026-04-25 14:05:00+00,33.488203809438474,234.43035090222023,278.5535068290149,2494.211404054792
2026-04-25 14:06:00+00,41.46528813123528,225.96956935013785,285.1407398163735,2568.6945210964245
2026-04-25 14:07:00+00,48.96264683574446,272.7443853053204,194.15873307718599,2570.19152358763
2026-04-25 14:08:00+00,45.010334952119145,295.1289961389546,119.06312630679568,2529.4707243661805
2026-04-25 14:09:00+00,45.90737410372475,294.46384739947365,149.67922509378025,2517.069301318991
2026-04-25 14:10:00+00,35.12114190849074,285.53529234778887,164.5270891695463,2431.8384207703075
2026-04-25 14:11:00+00,36.612191186547584,277.0196909404202,240.74674228842366,2318.8073997054466
2026-04-25 14:12:00+00,43.48132981597186,277.3278197059003,190.4695434311727,2401.1252614635405
2026-04-25 14:13:00+00,40.351246660033965,285.67025290637076,247.92461930206002,2448.317597790233
2026-04-25 14:14:00+00,36.660864912756615,258.06808483869054,198.35754417438665,2376.69826453033
2026-04-25 14:15:00+00,36.15123669587258,260.6731355436683,218.05166904383046,2321.8700935864963
2026-04-25 14:16:00+00,34.68105279485855,223.57524020324988,232.47161804698243,2281.0649590435323
2026-04-25 14:17:00+00,32.30318309997437,227.01051744999887,160.0678483045297,2369.291295025034
2026-04-25 14:18:00+00,32.51338767841056,227.1665518136784,186.16369476637215,2452.6713668431694
2026-04-25 14:19:00+00,32.991599741434094,235.38246743320542,198.66376899090972,2464.2541648363017
2026-04-25 14:20:00+00,36.116712808297514,233.16167828448644,171.06753531024876,2514.3175632180923
2026-04-25 14:21:00+00,34.51514907792353,228.18953753982515,51.64666926830987,2392.476928296689
2026-04-25 14:22:00+00,30.959664449741798,214.61562770028456,23.745229836441222,2324.480293326916
2026-04-25 14:23:00+00,33.589192684122004,226.0721326793904,28.499492179424227,2382.887967726726
2026-04-25 14:24:00+00,34.96083470507218,228.4596937791345,45.140998392816876,2408.9505285618206
2026-04-25 14:25:00+00,32.61411210824642,242.80499504076397,44.22165398501806,2323.837152019883
2026-04-25 14:26:00+00,32.396030596813816,264.1830863076863,55.14576024062165,2318.4057194766333
2026-04-25 14:27:00+00,36.05903884606552,228.92886935128084,80.89872687393934,2195.2296324044805
2026-04-25 14:28:00+00,35.51562302858276,206.65595689305496,110.11226777192206,2272.097411716063
2026-04-25 14:29:00+00,33.25717861308133,220.60612436735403,195.93586836642586,2371.702119372558
2026-04-25 14:30:00+00,35.78608731044427,276.13524644445664,149.070630409438,2255.1636889563515
2026-04-25 14:31:00+00,34.83530833500681,282.40187553438057,106.9045935104621,2363.1064906968945
2026-04-25 14:32:00+00,45.43013093972707,291.1223841939589,72.53056583680471,2390.6489079587063
2026-04-25 14:33:00+00,48.01522198144659,294.2079045653648,56.963343855136436,2494.6741637907407
2026-04-25 14:34:00+00,51.85393890214379,288.3839920491486,96.38037234113173,2505.097602223542
2026-04-25 14:35:00+00,42.67359930910784,286.76459141716526,138.03938590414563,2605.1151736551183
2026-04-25 14:36:00+00,40.55660227370849,274.46753071255733,179.7392166021161,2454.1745237318187
2026-04-25 14:37:00+00,53.42636815778455,294.694500372971,238.92201405669536,2306.9670501541405
2026-04-25 14:38:00+00,53.779467598146724,280.5008750157192,131.00481361199166,2149.8670188024516
2026-04-25 14:39:00+00,52.523884075505684,287.50463920897437,109.98700429050389,2047.7287606205648
2026-04-25 14:40:00+00,48.35304437093828,272.6040181392458,60.059162900724544,2092.9140135294892
2026-04-25 14:41:00+00,46.68465019606224,261.4886059753338,50.10712768239827,2179.978722614662
2026-04-25 14:42:00+00,38.74408486328988,281.0804129382507,39.8029196828911,2126.286980231364
2026-04-25 14:43:00+00,36.96514429356504,294.6821382844067,41.84708342566413,2098.68619849194
2026-04-25 14:44:00+00,38.29587408027903,266.2370034455452,63.05053625858697,2237.7910722629013
2026-04-25 14:45:00+00,45.85144373545951,257.02813564912753,10.585246550245735,2278.3060615026598
2026-04-25 14:46:00+00,46.564219445018566,251.26429013086312,31.028680114022247,2289.940440445688
2026-04-25 14:47:00+00,50.50142352432171,257.80845825058003,90.76779238939471,2273.4727427044604
2026-04-25 14:48:00+00,47.931200422645354,258.15345565115416,218.29849003848966,2138.3872940630704
2026-04-25 14:49:00+00,46.94533478477888,257.4357606003672,223.6779651286003,2139.326358591322
2026-04-25 14:50:00+00,39.14754483831143,280.35398432228,196.17963057876298,2056.322973511598
2026-04-25 14:51:00+00,45.513846622284795,278.64649287762086,214.27323852857037,2115.4287633755025
2026-04-25 14:52:00+00,50.79992022960606,273.8604660356545,241.49752477518038,2105.192517168982
2026-04-25 14:53:00+00,49.916035718382474,280.1860059000591,195.20090596476007,2102.4689166885055
2026-04-25 14:54:00+00,60.57637972805989,254.63377719456878,249.14504797562887,2166.8145463479045
2026-04-25 14:55:00+00,61.0793575786737,285.0124261786349,291.4535880029212,2301.495971120533
2026-04-25 14:56:00+00,61.5988818304811,286.46722381665444,286.7529611324827,2209.8673019831435
2026-04-25 14:57:00+00,55.06317770947693,294.3062343108068,270.9836376972839,2292.5157639294193
2026-04-25 14:58:00+00,53.523049017569384,277.4342697285444,274.25327417751095,2353.0725882751403
2026-04-25 14:59:00+00,68.14078434605273,240.57053057596102,273.8789336442232,2474.629836068099
2026-04-25 15:00:00+00,58.70438939296497,271.75470946495193,263.1324639512139,2615.534236127564
2026-04-25 15:01:00+00,50.63262565165194,283.61889374466193,252.73218816662322,2749.3352805008913
2026-04-25 15:02:00+00,48.404465265425934,282.2868477160768,269.9473545572913,2678.553774227581
2026-04-25 15:05:00+00,47.053617938098235,278.797431857222,274.21552785161157,2532.1880217699413
2026-04-25 15:06:00+00,49.0749108571226,262.12108803361843,260.62459157247156,2401.818228589595
2026-04-25 15:07:00+00,57.21442194386693,262.47853093804315,231.03757440332143,2561.5951672661095
2026-04-25 15:08:00+00,56.09613239319186,278.83580503627076,232.60351337033524,2871.9013092590453
2026-04-25 15:09:00+00,55.163347548746316,240.89905651964403,219.0153445839645,2956.9117879371283
2026-04-25 15:10:00+00,52.454659126057464,216.12903284730555,274.8703514442047,2647.681950067812
2026-04-25 15:11:00+00,52.48297306590527,225.1844860570099,191.98079408220377,2557.8328815362656
2026-04-25 15:12:00+00,56.18056331714362,226.8584024257232,47.96557630027107,2570.9700620698504
2026-04-25 15:13:00+00,58.29962075826736,212.73822489024158,20.443449356368937,2668.555759630429
2026-04-25 15:14:00+00,55.5662203355728,218.55942462177225,32.947368151915114,2765.6704402334703
2026-04-25 15:15:00+00,57.547877865610374,215.0313260543518,22.814309509327774,2701.596924964408
2026-04-25 15:16:00+00,57.01328851209567,215.4923503534027,10.177539904630402,2686.389304881656
2026-04-25 15:17:00+00,44.69563152638475,205.8591690997953,19.47521012074406,2476.2782999667256
2026-04-25 15:18:00+00,39.3436443791459,213.6280220264278,74.97963647273619,2507.009686566817
2026-04-25 15:19:00+00,40.466989640371295,211.032729592614,74.7896131593056,2497.645999117219
2026-04-25 15:20:00+00,44.30339153354284,205.3035329099817,52.385750403071654,2521.8364658771834
2026-04-25 15:21:00+00,50.942444963852296,213.43443427159804,29.26418822077126,2384.9278267436116
2026-04-25 15:22:00+00,51.59673710957625,235.19550050208417,64.5996438658326,2186.030271956621
2026-04-25 15:23:00+00,50.51093547147968,233.21530833845333,44.14279116157107,2054.3582305139544
2026-04-25 15:24:00+00,58.40667538362233,220.75821860978556,30.85603057701361,2123.8284872475665
2026-04-25 15:25:00+00,70.46968239239466,206.00978673926622,73.23413414710183,2127.145430411214
2026-04-25 15:26:00+00,69.365687357315,214.32132857206457,95.70141220050975,2156.7311647699676
2026-04-25 15:27:00+00,67.9220504386691,225.32826297239293,36.60729974729873,2184.7818442572243
2026-04-25 15:28:00+00,66.39070548632624,226.3755850168154,29.544488109318397,2217.92681013202
2026-04-25 15:29:00+00,70.56006409883426,227.44083806220343,18.00465585506675,2227.0391260318966
2026-04-25 15:30:00+00,74.35155789034165,258.35690803900724,35.37608236708416,2245.809311585389
2026-04-25 15:31:00+00,75.99090620591788,255.9505523424407,132.91589876673382,2320.6028153454636
2026-04-25 15:32:00+00,67.41585408386533,237.3834164324439,214.264843903102,2492.4397268241237
2026-04-25 15:33:00+00,71.33960415318509,212.1562845555447,159.9296583339625,2547.746461079582
2026-04-25 15:34:00+00,78.7230214030278,211.39861466769588,203.37541756587103,2617.3983059696266
2026-04-25 15:35:00+00,75.83286156623168,222.86115793067387,223.25929074581668,2567.7019569890676
2026-04-25 15:36:00+00,74.61532412134135,231.59470950827702,244.88035279604205,2524.2162172734925
2026-04-25 15:37:00+00,76.19462983871504,250.22588855721457,140.43917993191405,2560.4041820263783
2026-04-25 15:38:00+00,79.0770312845838,254.5268983183895,54.760874424996246,2251.7145289290615
2026-04-25 15:39:00+00,77.55399945605227,250.60296232241765,25.38586233753912,2224.7676906336637
2026-04-25 15:41:00+00,77.28203273104478,253.31087765678183,64.753838786656,2202.3742175920515
2026-04-25 15:42:00+00,74.40612476405543,213.05996856711945,72.83654524212903,2069.470010511545
2026-04-25 15:43:00+00,70.65304376298201,211.519536681953,38.1717588043748,2083.3373465876166
2026-04-25 15:44:00+00,62.809001517427426,207.71384942732513,35.51976229059061,2124.9787966343583
2026-04-25 15:45:00+00,55.466017468662635,223.60171795370337,66.32175805071567,2050.224618231265
2026-04-25 15:46:00+00,60.54541544669598,220.87446114328793,104.60412837631638,2239.3160928250486
2026-04-25 15:47:00+00,64.25958566481543,224.60855643385136,136.04595847287314,2338.44293561307
2026-04-25 15:48:00+00,57.85433713572053,224.96488941414398,71.77449002791138,2275.4488030221473
2026-04-25 15:49:00+00,50.16440569236456,233.3988337846841,32.77415708813714,2074.070520175029
2026-04-25 15:50:00+00,39.5992894132342,219.3432167800326,25.500957598290725,2059.022184471446
2026-04-25 15:51:00+00,38.202845429445205,221.00919854411057,86.47167940505126,2165.3913589529593
2026-04-25 15:52:00+00,41.746830020140436,207.37659597291204,108.3408040128995,2191.236934916906
2026-04-25 15:53:00+00,44.876992780983,215.41718680241837,130.9882770992583,2328.0872159144837
2026-04-25 15:54:00+00,44.95451304445224,239.5399638223667,138.3947107937562,2212.7699178080943
2026-04-25 15:55:00+00,45.91009652542879,236.2307174206398,174.95043812445962,2172.499336874176
2026-04-25 15:56:00+00,46.49107117689013,212.82232244744023,167.14969839944814,2182.370755888242
2026-04-25 15:57:00+00,46.05318159036286,208.61346788195894,216.7066481354283,2279.0536572680685
2026-04-25 15:58:00+00,46.3640262127107,215.7960118088722,232.5491840286826,2297.412275586763
2026-04-25 15:59:00+00,49.416945947003164,234.38806869073707,190.55786655436927,2325.1341149366135
2026-04-25 16:00:00+00,51.12122506433437,249.08668230319032,226.7804641869599,2333.41877907352
2026-04-25 16:01:00+00,47.01440276087871,248.0631445000274,245.7780207458596,2260.7622069735735
2026-04-25 16:02:00+00,43.415860495426806,207.40153296085555,209.2555375323881,2314.2499309933955
2026-04-25 16:03:00+00,43.40316360552106,203.18568910427592,214.07346634690873,2311.747561727346
2026-04-25 16:04:00+00,44.40219323292443,216.08427098018151,221.84843309517535,2296.277583797433
2026-04-25 16:05:00+00,40.0443515934386,262.7788019510626,173.7405934727873,2262.3779690445413
2026-04-25 16:06:00+00,38.612941390845386,284.0838709901696,116.62109303477658,2317.4885857571117
2026-04-25 16:07:00+00,37.07919707472426,290.3993081972259,164.06854504982738,2303.0225855357958
2026-04-25 16:08:00+00,38.65603717104598,292.0494519322856,98.32020816500993,2327.2646060989787
2026-04-25 16:09:00+00,34.8718486521082,287.5017052951497,130.93270941699737,2382.9138975469377
2026-04-25 16:10:00+00,34.15675601300408,291.0736257395756,179.31657193269518,2426.1899627851617
2026-04-25 16:11:00+00,34.56592817035173,283.8442256367199,83.95688303481161,2435.956474531922
2026-04-25 16:12:00+00,38.295127687146845,283.97506777033925,22.417333003608782,2183.8942799901542
2026-04-25 16:13:00+00,35.01180029311356,290.5005035533117,14.61227952845605,2190.771541386869
2026-04-25 16:14:00+00,35.081773207082115,297.1596459940412,35.85904528062575,2088.9435021551694
2026-04-25 16:15:00+00,34.925084108852126,285.5268859499681,30.45932193529307,2123.466807176753
2026-04-25 16:16:00+00,32.62219293097658,280.571028581675,20.787658275201718,2077.5544408838937
2026-04-25 16:17:00+00,35.98739071357701,287.7842100828264,63.018766629960915,2076.6228189910894
2026-04-25 16:18:00+00,39.109674822747714,290.4785519667526,140.88027656310803,2247.858272964992
2026-04-25 16:19:00+00,41.85472806624985,245.16896068888977,186.7562526199341,2165.6273766130867
2026-04-25 16:20:00+00,40.13534544894758,229.38083069589018,75.7068014855244,2126.797449108986
2026-04-25 16:21:00+00,37.605438999057505,233.2282936428692,46.653150031065685,2064.371765800041
2026-04-25 16:22:00+00,32.968988698928506,216.8819332799018,189.86885458061093,2178.162411666946
2026-04-25 16:23:00+00,32.93244809374264,204.565111828357,174.01535806612506,2256.083522634171
2026-04-25 16:24:00+00,34.15142924066852,221.71442069739214,206.5474911958486,2322.657060593612
2026-04-25 16:25:00+00,36.05264747669873,216.89142545854708,218.60608868429114,2264.8816479365814
2026-04-25 16:26:00+00,33.4282694614169,216.99051285390124,222.76848811074862,2331.794619788175
2026-04-25 16:27:00+00,34.23776128230657,210.2864710892244,282.86144797671204,2619.1340579941834
2026-04-25 16:28:00+00,33.08957386008636,215.67439195603856,272.8044155325147,2648.1430735900944
2026-04-25 16:29:00+00,34.32915269356311,238.75321136797064,249.9056682553983,2667.9249664455306
2026-04-25 16:30:00+00,31.448767562424557,231.84543286865863,254.3295386180894,2711.881398786814
2026-04-25 16:31:00+00,33.8265811468769,225.5522390826387,205.92334251867163,2837.600675739499
2026-04-25 16:32:00+00,36.3079933870913,235.1876678113594,221.6041138384358,2901.2518856906477
2026-04-25 16:33:00+00,32.302912340909245,234.17272752950956,181.25901636281716,2770.158972572121
2026-04-25 16:34:00+00,33.74479368383424,253.16071952284486,209.6519676514126,2680.3460794444295
2026-04-25 16:35:00+00,36.403872709312935,262.78010182498576,156.38990503194913,2605.7540887230293
2026-04-25 16:36:00+00,41.06861690574494,279.7190316445365,226.7204023268555,2625.00611295729
2026-04-25 16:37:00+00,46.87229694773037,272.9209028797785,255.9823127687984,2686.2010980775663
2026-04-25 16:38:00+00,45.923731788958776,274.0748539096747,271.54779067136525,2835.4053812117636
2026-04-25 16:39:00+00,39.10567870111379,268.8595421272995,258.4441252560849,2770.1789894535914
2026-04-25 16:40:00+00,31.39752749779248,272.62373347387995,285.9772837423249,2789.108477876826
2026-04-25 16:41:00+00,33.26179622943087,268.6868461869255,240.21371997214277,2807.5903889046645
2026-04-25 16:42:00+00,31.89889606114821,272.20883834983607,195.515066570005,2666.4141020131206
2026-04-25 16:43:00+00,33.1374995129652,246.86041567877882,203.64010993417938,2708.7916937961813
2026-04-25 16:44:00+00,35.41248305578735,234.0839824619344,68.37670261162124,2857.2366171487347
2026-04-25 16:45:00+00,39.48636172361923,254.57313362869664,25.62559617458332,2835.567904944515
2026-04-25 16:46:00+00,38.549949581362526,265.3071269888731,27.499217370001308,2916.673777808323
2026-04-25 16:47:00+00,33.989203969418014,277.36960769733184,104.93605333614674,2964.1142344158743
2026-04-25 16:48:00+00,35.6073496439953,272.3997367992222,197.1408276101884,2945.824733952484
2026-04-25 16:49:00+00,37.66794315833753,286.131300018223,159.8006177922781,2952.796038618841
2026-04-25 16:50:00+00,47.07699682636873,290.74103571918926,172.95668280268066,2943.6002545698134
2026-04-25 16:51:00+00,47.36479911973426,289.56984485871095,99.22943224147177,2945.197634255497
2026-04-25 16:52:00+00,48.67520828716291,275.90892379047733,15.162908172941702,2892.4341632263745
2026-04-25 16:53:00+00,54.658281228773156,248.94715445520217,40.57356604699324,2876.66890832413
2026-04-25 16:54:00+00,51.62507753162008,288.87870044400563,28.05171733078827,2803.985908416531
2026-04-25 16:55:00+00,50.2182969694244,293.4901210456147,10.738082180178885,2772.987942242891
2026-04-25 16:56:00+00,55.43940319020563,295.825595791117,21.31087138822214,2915.494466216946
2026-04-25 16:57:00+00,55.89467834299158,290.38264822937214,36.78280922210908,2958.86324850676
2026-04-25 16:58:00+00,66.28782542952767,273.9281463123912,26.011656080586356,2927.7822758690895
2026-04-25 16:59:00+00,73.26226617620617,280.47770470750396,15.430788660192794,2904.247427208161
2026-04-25 17:00:00+00,72.44653944053617,288.20601439570316,20.833033547152482,2758.5017435799286
2026-04-25 17:01:00+00,77.321795857092,265.03673304103125,45.144494837085915,2599.4833699718715
2026-04-25 17:02:00+00,78.26269599654199,257.2833693880273,14.615843148931228,2581.1764782324963
2026-04-25 17:03:00+00,79.32238164108055,251.08883983416914,12.874823203361476,2505.961162412998
2026-04-25 17:04:00+00,75.81906488852648,249.44812035426028,36.216379297199936,2497.7746211068843
2026-04-25 17:05:00+00,62.62752086045828,221.786430189558,16.46279837617012,2660.345872598199
2026-04-25 17:06:00+00,71.20582599180331,222.49517141454382,10.10100092957153,2684.6902514289623
2026-04-25 17:07:00+00,77.45124684539373,265.4088558107793,78.93989505104938,2713.555679419902
2026-04-25 17:08:00+00,78.15146328913445,281.93800396418607,93.03190427012672,2783.312240108584
2026-04-25 17:09:00+00,77.90471844583813,283.0040176814931,84.97894578759824,2763.860825790197
2026-04-25 17:10:00+00,74.78551434155838,278.0737987611897,85.83328271499482,2830.4460028025374
2026-04-25 17:11:00+00,66.77759583330347,278.76299657498214,31.766435112652648,2786.6988412209985
2026-04-25 17:12:00+00,68.1583122730362,291.19589787504026,91.78210113759154,2777.1070007135977
2026-04-25 17:13:00+00,72.28656196143558,291.5653733380288,100.89218152347202,2831.9672473369133
2026-04-25 17:14:00+00,72.52611533842197,246.27064506820417,130.70581523779808,2876.902928005665
2026-04-25 17:15:00+00,68.73756013707153,236.66998985153364,113.60429130625738,2947.175257115969
2026-04-25 17:16:00+00,71.58584914963028,214.83743862715608,192.41303856758174,2855.1178412910263
2026-04-25 17:17:00+00,70.84845418198975,228.3427254171362,218.68832438995665,2623.9877722338483
2026-04-25 17:18:00+00,67.32792252482888,221.78138492278774,241.6817547515308,2590.492968746211
2026-04-25 17:19:00+00,65.53259134259483,253.11405448122096,276.7222628633092,2668.7290878813847
2026-04-25 17:20:00+00,64.58625754450674,260.69867543488175,287.58485618710705,2385.9816618083537
2026-04-25 17:21:00+00,68.09367422695543,233.3618552351771,277.5827187550467,2170.941080191563
2026-04-25 17:22:00+00,69.32368984010603,234.29490324927056,240.05242647530713,2096.7322864219127
2026-04-25 17:23:00+00,67.40464704191244,225.13966306243736,172.34013963182568,2093.6772260528323
2026-04-25 17:24:00+00,68.47604835490992,221.86146703510866,185.08643893162977,2084.1674967696945
2026-04-25 17:25:00+00,68.60375477240483,236.2955333946881,216.96833488488397,2059.697768625821
2026-04-25 17:26:00+00,76.4174401106953,259.3768724203837,262.579843677525,2021.2310851010382
2026-04-25 17:27:00+00,75.74910040985118,267.0637429018795,251.6362039097788,2018.6430780403662
2026-04-25 17:28:00+00,72.5714717707864,275.3991487797947,261.80469955615257,2051.6953116904638
2026-04-25 17:29:00+00,73.00072558852197,267.77821147599815,270.24662755455523,2079.462670234493
2026-04-25 17:30:00+00,74.90078211505259,273.9471625665877,269.10457171366767,2154.2555048527624
2026-04-25 17:31:00+00,72.5483654989893,280.7666891208865,227.53175088962342,2236.4120055248973
2026-04-25 17:32:00+00,73.14791589193646,266.4709399989291,256.18622395722315,2248.366687360209
2026-04-25 17:33:00+00,76.96134270702716,234.54880106036944,264.9375313185939,2145.418691894084
2026-04-25 17:34:00+00,74.43228494031337,263.56854513309514,243.53669248132212,2450.231406064969
2026-04-25 17:35:00+00,75.96660119454783,264.56497237646494,244.29135943509647,2523.4978398613234
2026-04-25 17:36:00+00,75.9022584144492,223.18643696798486,226.55552099200565,2562.060120417903
2026-04-25 17:37:00+00,77.22810411268527,216.44765046910334,253.5112949776224,2456.63473263691
2026-04-25 17:38:00+00,76.46443260192828,203.10654194989678,273.80135672424774,2343.340827279142
2026-04-25 17:39:00+00,76.30109251884761,214.63682182574095,146.9060109808227,2151.03437584793
2026-04-25 17:40:00+00,76.20668713832566,216.9056896313376,133.237229585419,2110.0688339057374
2026-04-25 17:41:00+00,66.84844556899209,262.4445305448405,104.369729992994,2059.6280050315313
2026-04-25 17:42:00+00,69.56473757540557,290.2198876256788,26.192349170975383,2035.4795202606217
2026-04-25 17:43:00+00,77.31720543900173,274.66024001152175,23.33536434661123,2050.140629310683
2026-04-25 17:44:00+00,75.72717772053583,260.59167385371546,54.709220207506775,2055.982040266561
2026-04-25 17:45:00+00,68.85564337530062,280.9981612505504,92.19380812189688,2061.060610164403
2026-04-25 17:46:00+00,66.39059477897968,280.7397970701757,124.28397949981094,2044.900361212838
2026-04-25 17:47:00+00,72.43749465519664,274.7066304754534,129.2512228453375,2090.0614319889264
2026-04-25 17:48:00+00,75.16488715890499,290.25366620821904,143.64736844496227,2117.53363459853
2026-04-25 17:49:00+00,77.11514617053001,273.5049092008307,142.38067581273307,2149.3141105768855
2026-04-25 17:50:00+00,74.53097313935376,248.43477310789623,115.4497482217777,2223.4817536680666
2026-04-25 17:51:00+00,76.61075334767449,221.87798341512664,52.626738325329846,2242.3380890560884
2026-04-25 17:52:00+00,75.17021083991412,260.42296213998156,59.62528546220613,2143.1938921396536
2026-04-25 17:55:00+00,66.34365533931107,263.24856242343554,178.5324996092946,2169.177236586122
2026-04-25 17:56:00+00,65.12308574264682,240.60491676779057,258.07967170064717,2226.5842869077374
2026-04-25 17:57:00+00,70.51197566832195,230.96334671269238,281.7589065846785,2240.672718696385
2026-04-25 17:58:00+00,69.94424528649645,244.56037397368377,235.26358476836288,2226.1001578627065
2026-04-25 17:59:00+00,75.89183314334606,240.52955473408483,224.40639079405472,2105.4240352388615
2026-04-25 18:00:00+00,73.07269991676898,271.6617527762888,214.77724453255982,2195.091081836813
2026-04-25 18:01:00+00,75.0074347001389,286.46885986702756,133.09637373771338,2575.372354132518
2026-04-25 18:02:00+00,69.65392949225873,292.35572628384307,95.772626873999,2572.311769143057
2026-04-25 18:03:00+00,71.5968653269766,287.93508859658033,67.98962400742666,2449.888263268057
2026-04-25 18:04:00+00,73.3382869629833,293.1186072773303,25.454157798797254,2555.4394349592317
2026-04-25 18:05:00+00,75.67408401370534,277.01156164101894,29.204190350118793,2508.901153301583
2026-04-25 18:06:00+00,76.25054115712062,252.51894049775805,48.12723387136154,2554.993346807103
2026-04-25 18:07:00+00,76.5383375235019,244.74616735765156,83.19343989088728,2584.528796391841
2026-04-25 18:08:00+00,77.18525819506421,277.3779947726867,201.89735455066892,2680.949875330043
2026-04-25 18:09:00+00,78.78034243414518,274.6334595688979,249.21521922089735,2782.357789583934
2026-04-25 18:14:00+00,72.32957957232443,275.08180907309514,225.62151750620365,2624.9825992294273
2026-04-25 18:15:00+00,65.23680889653282,266.8612304373781,252.2640257903191,2421.550612211623
2026-04-25 18:16:00+00,66.79235726944201,268.57943512391523,255.88120462412903,2292.4496295830895
2026-04-25 18:17:00+00,67.00160552034575,254.73115936195785,289.2773460810792,2280.174550385415
2026-04-25 18:18:00+00,55.18882889510076,234.48088230908328,285.65852426788797,2292.025796451555
2026-04-25 18:19:00+00,51.660516764946074,247.2792980995299,282.1909587655693,2211.025054925153
2026-04-25 18:20:00+00,51.861295958344634,266.77151494758607,275.3501046778348,2213.291901526134
2026-04-25 18:21:00+00,55.77938949824581,248.638376616566,273.7685330289428,2314.5582601942433
2026-04-25 18:22:00+00,54.21293144669057,248.14322784500172,227.29393487786305,2276.6035161469927
2026-04-25 18:23:00+00,52.92514937604201,235.40976069617147,145.42105985900622,2125.2851755302663
2026-04-25 18:24:00+00,57.79767521800683,213.21431138564577,150.50180777962413,2141.8129763254065
2026-04-25 18:25:00+00,54.35392198760101,206.3939208946987,189.11022585150448,2321.6676209302223
2026-04-25 18:26:00+00,49.261610279469636,237.15354804438724,123.45592090579119,2592.925582514675
2026-04-25 18:27:00+00,44.9748626128852,278.15396869084356,80.53812423525831,2833.9115549008316
2026-04-25 18:28:00+00,44.31138133283254,277.38176866478574,35.456574455562325,2818.9086910496876
2026-04-25 18:29:00+00,48.00067595559436,291.4820224797057,15.890577943536716,2888.841601665911
2026-04-25 18:30:00+00,56.30729483478413,284.7048540336411,28.341487860758363,2882.630227618328
2026-04-25 18:31:00+00,63.884089991785316,277.8477080046794,21.155417048024766,2880.138374362829
2026-04-25 18:32:00+00,71.59756422675883,272.6817681598713,28.824110432988284,2817.8003679282647
2026-04-25 18:33:00+00,70.45399300182068,288.5584998812798,23.422922284006688,2851.450471629007
2026-04-25 18:34:00+00,75.8296028968897,288.0427312858026,28.572749019553584,2702.0102021311814
2026-04-25 18:35:00+00,78.37967701283955,261.0147274113965,44.11504200840932,2643.728212532921
2026-04-25 18:36:00+00,76.67668864484128,246.3499919121524,91.28825179377974,2687.841473283488
2026-04-25 18:37:00+00,75.1145411146415,228.7173976473893,86.73729079010114,2558.361497360587
2026-04-25 18:38:00+00,77.45323385808177,259.92782010136153,48.09664366520751,2561.7175123539687
2026-04-25 18:39:00+00,67.10867259062094,285.9032122360606,80.63824075449082,2520.96289101271
2026-04-25 18:40:00+00,70.74622440660954,285.93436181910533,84.98545938070407,2606.882105198723
2026-04-25 18:41:00+00,70.420077160056,280.92675793492145,23.730499261392882,2615.5027756587565
2026-04-25 18:44:00+00,71.11984088958842,282.02823816560664,51.36162009003545,2753.515014609067
2026-04-25 18:45:00+00,76.02575281233304,271.4595963601983,114.77080198003247,2793.5731912829647
2026-04-25 18:46:00+00,77.56523255423895,246.56315393932462,82.10576570867796,2879.7648633527137
2026-04-25 18:47:00+00,77.57301788484016,230.45367601703012,19.226886444629486,2878.5308006303976
2026-04-25 18:48:00+00,74.91091465770482,210.47506999589714,11.139976392126265,2908.328063238637
2026-04-25 18:49:00+00,70.35411021127076,210.38634902164418,11.324588899872952,2881.749944946403
2026-04-25 18:50:00+00,75.34979402575465,212.68237994252738,17.474126538620844,2856.151055236746
2026-04-25 18:51:00+00,74.75791186318389,245.4230553771352,14.98573983572927,2741.12561417373
2026-04-25 18:52:00+00,63.5974630175631,228.67507138688057,84.24058882331859,2554.0546615775033
2026-04-25 18:53:00+00,65.59078511112351,251.2160496990923,38.11725194025057,2430.611589572603
2026-04-25 18:54:00+00,64.93559834229204,256.55373098709396,8.201624464275612,2385.2981196915584
2026-04-25 18:55:00+00,67.36905047544032,223.40688789294683,74.15712358750804,2214.5166135859163
2026-04-25 18:56:00+00,68.06170170684817,209.33744778823475,165.6826195402841,2029.5898637423961
2026-04-25 18:57:00+00,64.71750401122989,219.32642196313114,127.69027792408423,2072.7170012833235
2026-04-25 18:58:00+00,64.11099741358586,210.08157790550402,77.72554284961753,2040.8216696098405
2026-04-25 18:59:00+00,59.98098872820351,209.90444015781776,72.33794347473372,2281.4522449383317
2026-04-25 19:00:00+00,58.6913683472765,209.09431751459059,84.76320776449616,2475.488642864125
2026-04-25 19:01:00+00,47.08681191409282,216.14608934107528,50.485196708336375,2453.8450130042074
2026-04-25 19:02:00+00,45.00533092718355,229.1335351401553,51.94719658177108,2577.7547364714237
2026-04-25 19:03:00+00,52.087222251162274,260.1430065520735,52.014864963196686,2650.363808107517
2026-04-25 19:04:00+00,46.02679959820303,265.0114276915073,101.16151529905683,2623.9927839492293
2026-04-25 19:05:00+00,39.672097811376716,234.22543442512242,98.0536349412391,2790.1885398386175
2026-04-25 19:06:00+00,36.98763208015302,223.40050668875847,64.8844369124277,2811.058568734067
2026-04-25 19:07:00+00,47.010858926132386,221.92714942562648,27.604261180880986,2776.994463497569
2026-04-25 19:08:00+00,49.56056659203599,223.77048617966912,26.503276545314286,2874.549416953799
2026-04-25 19:09:00+00,58.7887164911257,217.52757817034654,53.40104475348765,2944.6976042594883
2026-04-25 19:10:00+00,68.1281017293504,252.72235132027618,47.68182003415871,2902.2339293778323
2026-04-25 19:11:00+00,68.21379128614888,248.63135960417344,29.164855211562717,2945.1660893835137
2026-04-25 19:12:00+00,67.60551924364523,256.5893276021788,48.71491829473411,2809.1753004171906
2026-04-25 19:13:00+00,64.1413444253162,251.10814507005574,85.60065518242011,2731.9243945804283
2026-04-25 19:14:00+00,62.32381704762794,281.0250814344477,35.05383508385881,2601.561650436717
2026-04-25 19:15:00+00,59.815496934436474,277.58580959262673,74.85042184217438,2491.6663148424277
2026-04-25 19:16:00+00,53.84234418562027,235.23298683269775,76.09851534582826,2448.776773920934
2026-04-25 19:17:00+00,47.77869202385692,232.27550306513513,72.36910547944316,2580.335537908375
2026-04-25 19:18:00+00,42.070019202770304,256.13423028802436,147.99019439490667,2621.4327984975034
2026-04-25 19:19:00+00,33.9472712223025,251.40507284799952,186.58415922352216,2722.482930661483
2026-04-25 19:20:00+00,31.617808592577468,221.15230181228864,197.88709120664024,2658.200924770596
2026-04-25 19:21:00+00,33.95726473080817,214.54887564933662,219.64699726970125,2599.581727147544
2026-04-25 19:22:00+00,35.508462692488905,209.50883509134005,238.62746869968376,2645.9446958547214
2026-04-25 19:23:00+00,42.14402757923294,210.7621919954124,236.5320427483024,2714.999193286537
2026-04-25 19:24:00+00,46.77815316952094,227.86758131300732,198.760119370976,2796.3358373446627
2026-04-25 19:25:00+00,57.1203561859894,224.58346673273837,253.05391508051804,2841.6889096916043
2026-04-25 19:26:00+00,59.993629534370875,225.57610223158045,254.43272517070469,2786.975730349644
2026-04-25 19:27:00+00,59.381424968369195,218.3984109649728,210.53932184448777,2669.1183457503544
2026-04-25 19:28:00+00,72.43415215090184,207.29729078876292,273.6514307787087,2640.647545644047
2026-04-25 19:29:00+00,77.16488022757108,218.50832205762944,222.70385425336448,2795.355187708673
2026-04-25 19:30:00+00,78.80171565721238,226.11801681860163,191.97666298896272,2776.280751121727
2026-04-25 19:31:00+00,76.7064190439165,208.18651378036122,167.06031878037516,2749.9725572295756
2026-04-25 19:35:00+00,76.70977287514435,205.8023827788518,165.17550374012603,2821.9561361906012
2026-04-25 19:36:00+00,77.77663989685763,204.27821621434612,157.2886328176106,2945.9925121116585
2026-04-25 19:37:00+00,78.35658290463824,239.11826598636898,47.808056652994026,2951.7761687045063
2026-04-25 19:38:00+00,73.04410498030218,271.4011532161216,44.77015887542085,2903.401401569393
2026-04-25 19:39:00+00,68.44367080608183,287.88355568954023,89.01386723697307,2970.4627113423917
2026-04-25 19:40:00+00,77.51604224565078,289.58113617561304,135.612760455569,2965.6456735077636
2026-04-25 19:41:00+00,74.6727813596836,282.9252249692218,131.83996757887945,2805.9139923828875
2026-04-25 19:42:00+00,75.04189583082257,297.07054282954704,122.5923158181767,2862.628504534063
2026-04-25 19:43:00+00,73.50592475097905,294.9712678042638,193.3651634823507,2829.927670315328
2026-04-25 19:46:00+00,76.65379516327282,284.0778180148913,234.47215152249922,2837.474042863494
2026-04-25 19:47:00+00,72.94072500954864,272.23998492174564,210.11214397310218,2847.013300277427
2026-04-25 19:48:00+00,64.56619442125923,286.7118136943865,176.52890203244107,2747.1764426846803
2026-04-25 19:49:00+00,64.0660758092467,267.9565988445949,225.206456849295,2554.528302215377
2026-04-25 19:50:00+00,63.05004710733067,249.3450986430131,292.61599112261683,2534.142321352228
2026-04-25 19:51:00+00,62.27300500065722,271.4118584664433,284.7684603868646,2492.7297215207414
2026-04-25 19:52:00+00,66.44467731066474,280.16499706346383,248.4450425333694,2608.753755522596
2026-04-25 19:53:00+00,68.82321880748343,268.7238695003878,75.52002802780683,2675.8226233608652
2026-04-25 19:54:00+00,77.15140630659883,251.8181276912074,28.485010388959285,2663.639659427938
2026-04-25 19:55:00+00,77.15296570495263,219.96894790296002,22.788552466560454,2436.1030599885607
2026-04-25 19:58:00+00,73.82269823573765,209.3071239647451,32.80189940537446,2478.163863401884
2026-04-25 19:59:00+00,77.93915918050972,213.9190509998024,22.817581302276587,2465.6039665351145
2026-04-25 20:00:00+00,76.6442991724806,254.0440594704554,30.746736183771997,2334.2716534737624
2026-04-25 20:01:00+00,73.27448022747846,265.01482880626355,29.326743667182303,2187.1752003742613
2026-04-25 20:02:00+00,72.62760583147572,262.39996135454174,90.49267580378718,2149.1332741641622
2026-04-25 20:03:00+00,63.36167271513602,282.9335182970324,170.8957868272883,2116.3563103666947
2026-04-25 20:04:00+00,60.04272841009984,282.4721580435701,238.37377368586434,2116.2091144302503
2026-04-25 20:05:00+00,59.36827196217536,288.2954919542953,253.1876689890467,2095.000318333737
2026-04-25 20:08:00+00,55.57332929548222,265.50906754072093,268.36272235969324,2113.9691765673633
2026-04-25 20:09:00+00,53.33220293879572,243.19967277782715,282.03551296088636,2046.423377014527
2026-04-25 20:10:00+00,56.1175618024686,213.0881644351049,260.974069185346,2063.956155053399
2026-04-25 20:11:00+00,58.838326051428155,229.8165477636651,260.4275050549405,2070.7994229203114
2026-04-25 20:12:00+00,66.59899671820708,236.86876739839195,181.2938999252407,2138.053562672529
2026-04-25 20:13:00+00,64.7032298733793,232.7375030893279,158.99527386547746,2300.8381022319427
2026-04-25 20:14:00+00,59.92160074167479,232.45126888022477,257.1342593137171,2127.823360846904
2026-04-25 20:15:00+00,59.11362726204503,284.7616518617046,257.5716603443561,2054.522090559613
2026-04-25 20:16:00+00,65.9360306592791,268.99549681188967,277.16671953204155,2034.828665654526
2026-04-25 20:17:00+00,63.687104069408,277.06118444688224,278.68702355084656,2065.379802321161
2026-04-25 20:18:00+00,60.796734248148184,286.4451778429451,281.7623243210027,2048.6591914423298
2026-04-25 20:19:00+00,57.10540758021519,263.9517657287414,243.86806781079463,2166.9385795406774
2026-04-25 20:20:00+00,65.47558735537606,238.7894110455326,238.16196267470087,2095.847400995115
2026-04-25 20:21:00+00,75.42377626771575,207.20334593714304,169.37436254118572,2085.248396904714
2026-04-25 20:22:00+00,76.65198951297272,214.75768440140715,179.3273114436728,2040.9971181227654
2026-04-25 20:23:00+00,77.38930965283431,211.94415270290864,239.21606825983034,2049.4177061520054
2026-04-25 20:24:00+00,76.58316759056902,209.27642098683805,266.7490689624039,2144.8205962376987
2026-04-25 20:25:00+00,71.78367613460517,219.26099587057084,235.24769196418842,2175.678634195295
2026-04-25 20:26:00+00,59.5364433835657,234.67748269507504,255.70901627805142,2116.0326764103993
2026-04-25 20:27:00+00,54.85666268160257,246.65646270401015,255.35664701427157,2041.98382008321
2026-04-25 20:28:00+00,52.01921373010844,248.75358560373303,287.8418432017971,2073.8859920415694
2026-04-25 20:32:00+00,49.5133494227938,257.6700144510528,287.1459987757794,2041.8748820778287
2026-04-25 20:33:00+00,42.282321440433314,285.9405803173581,263.35927054662966,2091.5633994269683
2026-04-25 20:34:00+00,36.721246710207346,293.7353328005252,232.73820675050416,2187.729621413078
2026-04-25 20:35:00+00,40.316965759103,270.907735193093,198.20391150684011,2141.8696123572477
2026-04-25 20:36:00+00,38.42474351704652,242.17397534172568,145.2392050345026,2072.2464672343335
2026-04-25 20:37:00+00,37.645128923031955,230.1609109750032,159.2747745379932,2090.649795017923
2026-04-25 20:38:00+00,36.812712339043486,221.4073587728789,136.56627690077036,2198.5065196271034
2026-04-25 20:39:00+00,40.91562228836773,220.6005088137352,137.5244760239183,2164.9860281704637
2026-04-25 20:40:00+00,41.131508702794285,216.8078921342562,134.5264944624988,2169.745985327089
2026-04-25 20:41:00+00,47.48002388863801,217.09792910621996,82.51799232905411,2277.529484007689
2026-04-25 20:42:00+00,54.338522596575636,214.67973862692622,66.31461139950909,2401.1396003002405
2026-04-25 20:43:00+00,59.5679356510616,212.36598155573563,42.38801333162499,2374.312394583809
2026-04-25 20:44:00+00,65.23374119926785,256.0968238452206,71.82177721345364,2250.185789319017
2026-04-25 20:45:00+00,60.50446139869709,246.01015087437136,55.045998854266436,2282.0212988494573
2026-04-25 20:46:00+00,49.07435034261407,246.14440529243504,30.149900331439984,2193.5202686193234
2026-04-25 20:47:00+00,49.72593673569185,254.93392455625994,52.79430062300984,2259.539420152319
2026-04-25 20:48:00+00,56.94331184409459,284.4606920478152,74.8730880251215,2244.5521380440555
2026-04-25 20:49:00+00,63.40859531083253,287.94362699716214,88.07203717370327,2281.683757247337
2026-04-25 20:50:00+00,65.86588317840743,280.63020362020467,12.458010901599973,2282.2640269756316
2026-04-25 20:51:00+00,65.30824807833622,288.3798541996236,52.00362641683405,2381.560531594029
2026-04-25 20:52:00+00,64.19176126791517,281.6495241223146,15.600921309134904,2333.3091519215345
2026-04-25 20:53:00+00,66.08024591431528,287.29225893096134,48.98151329986567,2266.432448047113
2026-04-25 20:54:00+00,67.71232312244493,284.37818457123063,98.46902404018638,2231.018527932606
2026-04-25 20:55:00+00,71.87106493522549,261.33498331616744,179.38982684810748,2446.752922236998
2026-04-25 20:56:00+00,73.34356526910965,241.20488043153193,165.55970019970155,2503.455635810855
2026-04-25 20:57:00+00,70.77513246315245,207.85672995082507,133.38250205891782,2519.839677721328
2026-04-25 20:58:00+00,61.085252792489946,222.78224644726026,126.41050499350416,2387.7208501113773
2026-04-25 20:59:00+00,53.96042206493958,273.7476410866902,86.54427319740346,2242.6516160763163
2026-04-25 21:00:00+00,48.019380342387315,267.04983891786935,73.60487896166835,2283.542046793654
2026-04-25 21:01:00+00,52.55095898456648,229.10188640958984,28.684852808564766,2292.553110016158
2026-04-25 21:02:00+00,51.34305957563148,208.56332305908052,69.84539319080444,2538.509192026018
2026-04-25 21:03:00+00,39.082887066278836,212.64237734430446,75.35525558672401,2579.482199015249
2026-04-25 21:04:00+00,37.6575933736086,223.1960089931103,88.43056682444298,2313.9379988431633
2026-04-25 21:05:00+00,36.10211892188045,210.17493791912318,62.1680935118068,2056.2537825756563
2026-04-25 21:06:00+00,41.32744147861351,232.88097515507621,8.304855610372535,2048.7181977127025
2026-04-25 21:07:00+00,52.410389737940825,246.1392496679718,35.658702041226135,2104.733214559813
2026-04-25 21:08:00+00,51.11493418751227,272.1748741325002,18.767335323829872,2152.9257163074926
2026-04-25 21:09:00+00,45.693852789134695,293.5057539325844,34.29201631585939,2134.358402315063
2026-04-25 21:10:00+00,46.50003925311014,288.9326145781183,60.30909458353505,2278.266422636916
2026-04-25 21:11:00+00,47.72476205161422,284.4241379780991,39.3532648169612,2339.2048074843256
2026-04-25 21:12:00+00,45.582227229720175,254.5484385134805,44.76344517497261,2627.9787725426627
2026-04-25 21:13:00+00,46.51170660788973,266.48943109301746,100.91877116982306,2567.9535825535354
2026-04-25 21:14:00+00,53.97925833113281,283.407736882475,58.47763904508851,2571.6839536547736
2026-04-25 21:15:00+00,56.63366286031604,291.6688985855495,49.601012411259845,2573.992510854915
2026-04-25 21:16:00+00,58.00462683754607,291.2114093480087,93.42025750446567,2795.083312004583
2026-04-25 21:17:00+00,66.80855132997752,278.4312741132309,56.77338839845618,2890.693390959845
2026-04-25 21:18:00+00,70.33996367043491,275.8695343843329,32.60736542682562,2825.9520748718483
2026-04-25 21:19:00+00,70.61871466010246,286.03051245847496,53.978950024113836,2847.943417338905
2026-04-25 21:20:00+00,72.64836283449269,288.85603784876196,121.14559786474106,2887.9998193413358
2026-04-25 21:21:00+00,77.32545325087321,277.3737283843094,182.0435682300562,2946.7863983387356
2026-04-25 21:22:00+00,76.51553710059281,258.3586594721068,124.50026440488493,2935.0217495808033
2026-04-25 21:23:00+00,74.02907489236308,257.7863516740017,133.97354383653243,2807.9089229564947
2026-04-25 21:24:00+00,77.01742897891947,278.8528581754778,138.89795404370363,2717.2432126994886
2026-04-25 21:25:00+00,77.00007739334778,286.53270983864655,161.1820823715249,2754.5763517422415
2026-04-25 21:26:00+00,78.52879929370738,290.78865166912834,177.88403224507607,2770.3353064473813
2026-04-25 21:27:00+00,77.40508705312544,280.7411338541431,201.98707102567244,2793.4817836817037
2026-04-25 21:29:00+00,76.37178225970123,291.6268153394993,228.99297354652882,2813.355619788453
2026-04-25 21:30:00+00,78.35771079798802,282.0136083527535,245.47012218094218,2827.395564687655
2026-04-25 21:31:00+00,79.06759538494319,296.99664670599435,290.60311587813806,2817.085793113576
2026-04-25 21:32:00+00,77.14760909582522,275.32889993946395,289.45627288318815,2664.7564979699373
2026-04-25 21:33:00+00,68.28079253497222,284.2009479755588,228.18571574531552,2547.422313019818
2026-04-25 21:34:00+00,57.438094460640805,248.04020193859097,174.1480309712677,2202.0901198453125
2026-04-25 21:35:00+00,55.01810166528041,229.85167838022053,176.97825013649515,2104.875212137321
2026-04-25 21:36:00+00,55.30664949307959,235.22558413436548,179.17935180766756,2073.0992878139377
2026-04-25 21:37:00+00,57.00461446511752,205.14143518684432,151.71926479443138,2033.945730560389
2026-04-25 21:38:00+00,49.838845634481196,206.67689116814876,145.13750219612012,2024.2540335572312
2026-04-25 21:39:00+00,49.95560134282929,207.51413960806454,102.68388452909714,2181.015281032879
2026-04-25 21:40:00+00,48.99407936674818,231.38965204441362,72.80599174544831,2206.5035366038046
2026-04-25 21:41:00+00,35.07866157476924,222.4366650276171,60.926191117076286,2180.4201010595393
2026-04-25 21:42:00+00,31.817104175583573,214.3956113171644,70.61789731144515,2139.734687042764
2026-04-25 21:43:00+00,34.12593284876222,208.58948064089645,126.90497762223589,2362.2606459245653
2026-04-25 21:44:00+00,34.22360587797975,205.65389152421542,190.26193482772797,2708.4043946203
2026-04-25 21:45:00+00,35.21161481101838,210.4460687526702,184.9318996800757,2813.974663649173
2026-04-25 21:48:00+00,33.49798181366149,225.67279146261626,179.7570286048149,2805.3647173573763
2026-04-25 21:49:00+00,32.831175784433775,254.67085422318766,239.29083123136314,2813.4776059491332
2026-04-25 21:50:00+00,35.596358943081455,255.87094836340876,233.6381635280923,2902.1850208151423
2026-04-25 21:51:00+00,37.51353703045558,271.13564457527843,193.97450376031702,2811.6491016816613
2026-04-25 21:52:00+00,35.72194786724982,254.52319911743427,134.10745682563052,2751.7726351746164
2026-04-25 21:53:00+00,33.122029446193245,234.94032201169236,104.25008428263918,2706.708820701198
2026-04-25 21:54:00+00,39.164247355823385,250.92477135170608,89.01153299947367,2566.4340010914416
2026-04-25 21:56:00+00,38.89159103260833,238.10268219225046,26.60011970394886,2665.7114926591
2026-04-25 21:57:00+00,32.310337725968274,236.51354629592143,49.78611090016158,2892.881958622185
2026-04-25 21:58:00+00,32.35423722485345,248.50402050873208,103.68675313965227,2823.0306976694833
2026-04-25 21:59:00+00,33.80540953166277,286.2706289804035,63.84496205011274,2827.1803047204708
2026-04-25 22:00:00+00,33.443699571645766,293.3814155144048,31.437373526121945,2849.1149216813437
2026-04-25 22:01:00+00,32.66086892198158,292.3806618444335,18.650858705314544,2903.153141444999
2026-04-25 22:02:00+00,36.70974018977898,291.1299517768671,35.51992101067723,2891.8606659390175
2026-04-25 22:03:00+00,37.491335707679596,287.54511329924327,27.842549154322782,2923.818791579818
2026-04-25 22:04:00+00,38.395346856122046,291.42154533105315,59.166703150668745,2945.007184127783
2026-04-25 22:05:00+00,42.92888961706928,273.01603388768444,71.55549985763626,2925.518506011824
2026-04-25 22:06:00+00,47.511623403797145,280.30867327568586,89.2836055369659,2976.3277574370795
2026-04-25 22:07:00+00,49.540781683615805,278.5377725706319,94.1752323487153,2887.451757742458
2026-04-25 22:08:00+00,49.06931658107354,256.0141413904781,160.34499304023777,2773.565633298714
2026-04-25 22:09:00+00,48.82437579361008,250.4725160163931,155.84889406063277,2683.2601354062526
2026-04-25 22:10:00+00,48.21335941112269,255.4146260180813,179.74333652819448,2554.6913307238783
2026-04-25 22:11:00+00,57.93011574284887,269.71487519187775,176.5243353653524,2403.015954431439
2026-04-25 22:12:00+00,49.56494506655186,243.26237735290948,176.1104871956679,2319.354542250347
2026-04-25 22:13:00+00,42.15195890059489,235.9348290812118,200.17631248416546,2148.030959043917
2026-04-25 22:14:00+00,39.40844293684272,277.75603818557903,193.8844987402084,2154.3073073990004
2026-04-25 22:15:00+00,44.89547931693129,292.87360781561875,166.59143131312666,2093.122163930392
2026-04-25 22:16:00+00,51.796976898845806,267.2639019376096,85.7474664626227,2083.4157307675014
2026-04-25 22:17:00+00,55.72611156768555,231.09661147018915,24.02325404474036,2236.6714658452624
2026-04-25 22:18:00+00,57.94350770716066,210.04189044690153,30.1148059511571,2329.1052411778883
2026-04-25 22:19:00+00,57.50612495703593,219.24593968032937,19.775066077255943,2380.953140756094
2026-04-25 22:20:00+00,52.426329519618285,213.74853974642085,18.94787458438168,2480.138462453787
2026-04-25 22:21:00+00,50.27193548949211,220.06542856400654,38.512824321346166,2666.1342377162046
2026-04-25 22:22:00+00,49.5744235151505,258.3432604935794,75.10238918788843,2573.856554623433
2026-04-25 22:23:00+00,53.90442096096308,279.8962969771487,29.668022506502687,2516.6875868338366
2026-04-25 22:25:00+00,54.17501510372377,278.9191546656589,6.768590869928588,2583.04150000242
2026-04-25 22:26:00+00,53.2619534709755,271.2806057637275,10.082875221324091,2579.873789426085
2026-04-25 22:27:00+00,57.296133264079636,262.0632357682528,61.11986935035017,2704.558410063309
2026-04-25 22:28:00+00,58.142076215879015,278.0186325095871,116.25988427729604,2763.9218169314727
2026-04-25 22:29:00+00,47.80000948240156,292.2971158565937,209.6580853802835,2936.1899652474367
2026-04-25 22:30:00+00,52.83552010565092,293.1678294990894,194.49256489317568,2939.511811469328
2026-04-25 22:31:00+00,54.70005628235956,272.69199079655624,215.12291593528653,2960.28904365133
2026-04-25 22:32:00+00,56.579341550382736,241.30249638962945,156.17020528055733,2888.180783861769
2026-04-25 22:33:00+00,49.39131035211751,239.3950360829507,232.9408346764938,2830.020033693427
2026-04-25 22:34:00+00,46.28313361525246,234.73049334662653,281.2176703989383,2948.9671987580605
2026-04-25 22:35:00+00,37.00502353866872,226.90980572642908,272.88370206143236,2909.6971778765137
2026-04-25 22:36:00+00,35.33056315475006,223.8245710015673,225.53594117109841,2951.7750519509686
2026-04-25 22:37:00+00,31.723933515030616,207.929055418222,176.92744409098276,2966.2044357486734
2026-04-25 22:38:00+00,32.62346377889744,208.6575940197564,238.094328605617,2846.4177306376528
2026-04-25 22:41:00+00,36.89859845955482,236.4088044997147,275.9372360891987,2783.361229990648
2026-04-25 22:42:00+00,33.523561737394445,230.41510104686466,246.76716550236887,2722.435399210822
2026-04-25 22:43:00+00,35.732094706756506,230.67737298217028,204.94469345774155,2871.984602820354
2026-04-25 22:44:00+00,34.0609228851115,226.9413526907771,180.08574723988255,2899.804493935288
2026-04-25 22:45:00+00,48.04673474175869,208.65044635872144,202.33771502809017,2779.3961391368684
2026-04-25 22:46:00+00,56.76343458243387,242.03285496073624,151.89814303900127,2859.0252358248213
2026-04-25 22:47:00+00,55.37492286949998,237.7535537510058,118.80911196573378,2950.170708210812
2026-04-25 22:48:00+00,53.65898450684,239.43237288458687,38.242090259987386,2939.184348021767
2026-04-25 22:49:00+00,50.303486672152566,212.5457089155232,36.11566393245598,2831.429761863993
2026-04-25 22:50:00+00,47.33367266597651,242.2356751081644,81.77916415886982,2828.3406741245326
2026-04-25 22:51:00+00,40.71883542216281,259.594869043063,81.59315508656655,2773.761227614078
2026-04-25 22:52:00+00,33.80886448921498,265.4033645040365,149.73086139464596,2674.6738032562125
2026-04-25 22:53:00+00,33.36618793114238,258.4272002225119,218.61780519799802,2741.819035515667
2026-04-25 22:54:00+00,34.01431893315428,268.7834527680237,213.69954006155064,2939.7934092828386
2026-04-25 22:55:00+00,31.905774408930526,285.9054544719733,184.68783578468162,2937.246654758296
2026-04-25 22:56:00+00,38.01357860288629,280.6563996426388,151.32878722607444,2969.854852394982
2026-04-25 22:59:00+00,35.78907058901052,285.9590821219111,94.77590879355856,2962.642198284486
2026-04-25 23:00:00+00,39.37306929261745,286.9987354198646,41.71186975688687,2871.626585561287
2026-04-25 23:01:00+00,46.1393256289071,284.9197114441868,21.368362823866498,2788.6663234969524
2026-04-25 23:02:00+00,50.10046700842523,268.56565872562453,43.72151351564833,2827.2173138028065
2026-04-25 23:03:00+00,44.35335044604527,250.04457708849287,36.413051750585126,2946.9229498248465
2026-04-25 23:04:00+00,42.82950240216819,233.70162437060645,46.9814015203127,2964.7713097075857
2026-04-25 23:05:00+00,40.570865119830266,207.21293603583166,108.34750654875317,2968.625333569736
2026-04-25 23:06:00+00,36.323065327615986,210.7102515579357,144.67043399167312,2960.330810143517
2026-04-25 23:07:00+00,31.979286019200128,205.04869989842015,265.14735516643947,2874.445223152174
2026-04-25 23:08:00+00,34.418457361219595,209.2803702234041,227.53254794397836,2882.088042799268
2026-04-25 23:09:00+00,33.905706006584154,246.96810592960182,208.61304155769002,2798.4016950648047
2026-04-25 23:10:00+00,35.393549191897144,247.37605858967294,253.1985536849783,2953.971792070455
2026-04-25 23:11:00+00,32.89880048108599,259.03849761654556,260.6087513286249,2894.2957132756333
2026-04-25 23:12:00+00,41.37300513434732,249.46308890470746,244.97862818361165,2860.03535628734
2026-04-25 23:13:00+00,45.7818026801552,250.35348927093307,231.74534558396502,2647.4418293768704
2026-04-25 23:14:00+00,50.23341910259121,248.00533183459035,193.0214931307468,2581.909264612592
2026-04-25 23:15:00+00,49.50168821740884,248.52987238836778,157.61007405747262,2681.146783914794
2026-04-25 23:16:00+00,54.99329808959272,243.46367546599652,97.94559610404912,2635.3351657992403
2026-04-25 23:17:00+00,55.52201484317227,245.01931412140047,111.94375570167637,2614.8211781573964
2026-04-25 23:18:00+00,50.07273487770819,240.62780423595476,126.43173631145837,2604.8130571629067
2026-04-25 23:19:00+00,52.902066997117196,267.31366647482434,106.43163188782923,2728.5043763214176
2026-04-25 23:20:00+00,49.36517612220859,286.2163743261056,70.56150306947652,2516.407404127456
2026-04-25 23:21:00+00,46.542659328424335,292.8119904134788,30.381755704874024,2350.817173860671
2026-04-25 23:22:00+00,45.336830828201535,289.6732939008695,87.01053158755765,2654.909572151237
2026-04-25 23:23:00+00,49.93024526666489,290.67903295729207,56.26260595670249,2528.252326731152
2026-04-25 23:24:00+00,54.81465133802102,267.1825505365458,23.850176337301953,2460.0775076444434
2026-04-25 23:25:00+00,59.68174337362301,230.71663338589238,41.90816844873522,2587.9217367474444
2026-04-25 23:26:00+00,65.0965957093336,234.76437321046652,34.51654793515696,2631.4911373947784
2026-04-25 23:27:00+00,64.93165442081016,245.45943288388236,69.95951656347701,2847.9989083108635
2026-04-25 23:28:00+00,66.18525715252854,224.9326049626576,113.2834496725674,2793.4845397734666
2026-04-25 23:31:00+00,66.4615270546364,228.8046331554493,129.20733555172654,2844.814522817905
2026-04-25 23:32:00+00,72.89659497902313,256.41527622320416,157.84111326265625,2943.1956435351285
2026-04-25 23:33:00+00,77.10880216672925,253.0069700727349,104.30470110090761,2904.0277172232145
2026-04-25 23:34:00+00,75.11085354098057,231.2456530273793,35.23411508918432,2845.68107928233
2026-04-25 23:35:00+00,75.9451776377124,231.07894953111855,53.29600293845793,2913.060943859828
2026-04-25 23:36:00+00,74.44407770483973,235.74940848918533,119.66716921086514,2809.4339150291885
2026-04-25 23:37:00+00,75.69680854170133,236.27668957955854,191.34382597461317,2706.6819769917847
2026-04-25 23:38:00+00,78.57585918217018,221.49146020399286,111.9677661501892,2574.9170761685627
2026-04-25 23:39:00+00,74.26037129988114,212.3184017864544,113.41542772697143,2442.8127504151726
2026-04-25 23:40:00+00,72.03187501583083,211.8790659817809,164.32997512528942,2451.013162215304
2026-04-25 23:41:00+00,74.03918330203896,209.83723473394872,217.41766809138352,2505.064104118001
2026-04-25 23:42:00+00,71.6199933477361,212.93996378982862,253.23757977320747,2667.0410795477796
2026-04-25 23:43:00+00,65.71575380711134,207.70324176528095,251.55488315389096,2863.8312205428597
2026-04-25 23:44:00+00,62.98214650580431,225.9623812395024,257.8719257118658,2921.8127494553705
2026-04-25 23:45:00+00,65.98958630211168,219.64117016975686,269.6969854578521,2955.6903083134093
2026-04-25 23:46:00+00,68.38079416242441,205.10471783736517,268.47970135899516,2968.6299239308737
2026-04-25 23:47:00+00,60.740763598497445,245.4472760340617,246.83388556619994,2811.6564852023585
2026-04-25 23:48:00+00,61.698085135508066,251.22632120028084,213.4719154684889,2653.425420574183
2026-04-25 23:49:00+00,62.743978495576485,221.46742235954503,201.76574301788284,2520.005032751332
2026-04-25 23:50:00+00,69.12053186883986,215.56175388235312,148.546090497859,2573.190602166309
2026-04-25 23:52:00+00,70.6494158562163,209.9528742449942,162.7598359352401,2522.553801554446
2026-04-25 23:53:00+00,76.52803839914249,229.25585436134304,213.38254217165584,2509.0945784559317
2026-04-25 23:54:00+00,74.41123489695329,242.97508071808272,213.86137335431155,2591.838475364599
2026-04-25 23:55:00+00,77.35591919278129,252.46570066751195,240.94407221060882,2628.3351685412404
2026-04-25 23:56:00+00,74.11098818205576,236.29689651822164,244.14584857015242,2748.8179554238723
2026-04-25 23:57:00+00,71.07377118708258,250.3123013639652,263.52221990463494,2798.0006554433426
2026-04-25 23:58:00+00,60.70603752128251,242.97994554733518,248.1272324603539,2916.025448188956
2026-04-25 23:59:00+00,57.2851164172394,245.6053246588974,185.33612784889158,2855.6208087344803
2026-04-26 00:00:00+00,52.77985427986435,267.2424284438138,222.0540899210521,2656.264707215005
2026-04-26 00:01:00+00,46.29102056494392,286.38501323038304,273.7961946753471,2634.845913543143
2026-04-26 00:02:00+00,43.53814037805799,281.0676000357454,218.59961716925093,2430.9426443649077
2026-04-26 00:03:00+00,37.62747990298233,286.97203942548975,192.36127774225756,2465.445257345788
2026-04-26 00:04:00+00,38.34480589925856,292.4750471169595,147.7511455283495,2407.1338015112683
2026-04-26 00:05:00+00,46.39576753814602,289.61594690511714,163.11576594615747,2456.8811698829354
2026-04-26 00:06:00+00,40.15011541573947,282.98168365707176,52.517316947496795,2495.354728128254
2026-04-26 00:07:00+00,49.465675545943185,291.1262982094841,107.18666877596193,2522.412732645604
2026-04-26 00:08:00+00,64.30226027930198,289.1828455000194,144.59955308504811,2459.5802340718374
2026-04-26 00:09:00+00,61.59781937088717,283.35430342317255,173.5940917197612,2531.461035700851
2026-04-26 00:10:00+00,61.19359490949899,284.6977080508188,158.50543949685655,2639.9630862054096
2026-04-26 00:11:00+00,67.13832973905181,281.51223502330055,149.75608640034434,2754.6791805430853
2026-04-26 00:12:00+00,70.16059310980498,282.34329405735957,95.42517275286019,2795.4759541189733
2026-04-26 00:13:00+00,77.67671557940308,283.9079122088374,67.4651047794173,2868.756750700101
2026-04-26 00:14:00+00,77.56721771229067,264.8198588502123,38.81879383342478,2723.7273029766884
2026-04-26 00:15:00+00,75.44803109073874,255.06544660745226,67.50334924378996,2615.6327871921007
2026-04-26 00:16:00+00,69.5654251936009,268.68279189034394,178.93432593274636,2711.577507754626
2026-04-26 00:18:00+00,68.54399043432032,268.4639965748074,202.6031370233869,2623.050970598366
2026-04-26 00:19:00+00,69.69812587781543,251.82643626212908,217.96941835182562,2686.5898630160023
2026-04-26 00:20:00+00,71.43864571305137,265.922666967905,266.63924148582413,2628.4265067971623
2026-04-26 00:21:00+00,76.99044358160191,258.61597627235034,236.9184377563572,2647.1557634215164
2026-04-26 00:22:00+00,75.19084612194337,275.4341253604133,181.3347159639136,2679.1954569942786
2026-04-26 00:23:00+00,70.96519270606109,285.12711072883747,45.213612571754524,2888.237159174411
2026-04-26 00:24:00+00,71.48758490302286,289.33492829120365,39.783756488538025,2640.972167963063
2026-04-26 00:25:00+00,74.68145062334578,292.9543448388219,35.37117534065726,2555.2977506076236
2026-04-26 00:26:00+00,76.71401368467544,287.8101717631958,30.87900727600596,2461.552567241589
2026-04-26 00:27:00+00,75.72687774838151,276.1797458213526,63.28271940501422,2447.1048950926693
2026-04-26 00:30:00+00,49.20348067836361,241.3358695949445,68.34546819746069,2516.001588927637
2026-04-26 00:31:00+00,44.88733759501064,241.73165790818402,115.09050145943712,2555.5042581558214
2026-04-26 00:32:00+00,40.57406365139307,234.29619334678293,171.78680706176735,2519.814589699966
2026-04-26 00:33:00+00,43.38595526488185,218.26570117976206,200.9231412509518,2521.920415045841
2026-04-26 00:34:00+00,38.079640995282986,209.94030918979388,174.3683612737269,2530.0200930021297
2026-04-26 00:36:00+00,34.18327748314201,207.25762652823917,187.93952954005525,2355.6713332664926
2026-04-26 00:37:00+00,32.07458676564479,210.28768114474173,193.6986034772708,2357.118540238139
2026-04-26 00:38:00+00,33.1262851910163,220.51475925775955,240.82633378758297,2465.239670457579
2026-04-26 00:39:00+00,32.31446195892271,248.14095012063837,273.44253958092145,2454.612333313618
2026-04-26 00:40:00+00,35.26211353887996,252.81673771694867,264.0298879995363,2566.1231999887937
2026-04-26 00:41:00+00,37.72144450517053,277.9778390082752,254.84244689277654,2615.060562524806
2026-04-26 00:42:00+00,42.40747055407437,243.87882892259375,271.41757061406037,2650.5302723294335
2026-04-26 00:43:00+00,42.70402255644213,227.05082100985027,245.76293324230298,2740.9061673036067
2026-04-26 00:44:00+00,38.63466681222519,223.62389579094605,238.18437647822185,2684.4119437916643
2026-04-26 00:45:00+00,42.43050023021354,209.57064542575458,171.19395780369751,2690.7185527785896
2026-04-26 00:46:00+00,45.58662182908767,207.58599069846036,154.77586599709994,2617.4139264102414
2026-04-26 00:47:00+00,46.38388536039819,211.81586990843002,205.44302929053626,2492.3153548654473
2026-04-26 00:48:00+00,48.39989879253256,202.93403248409382,225.71825481080484,2454.869564655136
2026-04-26 00:49:00+00,46.749040996796076,220.63825558712276,173.30753805968888,2413.8770791372413
2026-04-26 00:50:00+00,43.53577595526302,227.45498197441006,248.7683963945199,2372.7275538234976
2026-04-26 00:51:00+00,44.66884454443708,215.33629092949758,276.4134348441842,2331.7734297772417
2026-04-26 00:52:00+00,44.32646774628252,210.13386325918023,261.40693941014916,2338.023657212671
2026-04-26 00:53:00+00,39.243668680764934,208.52130596227258,192.0096029649379,2400.6426300570715
2026-04-26 00:54:00+00,49.71475730681289,229.7388272507558,69.3944568833368,2429.012353355649
2026-04-26 00:55:00+00,39.10742524420543,257.607356035504,63.85300331294488,2463.424160225803
2026-04-26 00:56:00+00,31.79932883009948,289.53810977882927,73.04962401957229,2382.510722209963
2026-04-26 00:57:00+00,32.372391338851976,279.00034414126924,122.615145785852,2303.7048663716655
2026-04-26 00:58:00+00,32.86238561437222,285.7339902115159,44.290632719993674,2414.7198072742444
2026-04-26 00:59:00+00,40.66186402714258,296.67415338231945,21.278659089302263,2572.5907921091666
2026-04-26 01:00:00+00,47.92731336722417,282.84141817053455,77.39616452006632,2513.4666057342847
2026-04-26 01:01:00+00,54.31408729536344,243.97456750032467,109.08548647634676,2487.178544102465
2026-04-26 01:02:00+00,58.91495114614832,230.3373119907734,128.19391167655476,2398.1378175702985
2026-04-26 01:03:00+00,62.9987244174527,221.85077615247528,128.07089408433825,2270.0841678031898
2026-04-26 01:04:00+00,72.43455983812791,211.47279135160585,142.89855409096387,2093.487398288689
2026-04-26 01:05:00+00,73.75041313826496,213.36416006853727,79.95235898707877,2086.1471246015753
2026-04-26 01:08:00+00,75.50786626049704,217.29123730356062,41.77145647074307,2112.4911735699825
2026-04-26 01:09:00+00,76.8514481950943,225.20267316659178,41.510444922180795,2093.2312423925773
2026-04-26 01:10:00+00,67.6955418093427,218.55475469031668,88.9588229916484,2090.6838159793233
2026-04-26 01:11:00+00,66.86642803009542,228.79994501411588,108.06180748043573,2073.79548258421
2026-04-26 01:12:00+00,65.90181626162243,215.3250739675045,74.38452460123594,2073.408502424382
2026-04-26 01:13:00+00,72.16008811468821,208.6607669365723,142.36222420403385,2098.9712231629665
2026-04-26 01:14:00+00,76.20959832345083,208.15088198369645,181.01980689350287,2100.624813267557
2026-04-26 01:15:00+00,79.56780976569513,230.59389208488136,278.87268511386424,2223.1895897583663
2026-04-26 01:16:00+00,77.56523039675437,221.34924692212346,242.7780414008753,2269.7340928973686
2026-04-26 01:17:00+00,75.89571091348401,224.27720810592226,282.25361570198936,2205.90357247958
2026-04-26 01:18:00+00,71.23832678575496,251.91525444827218,282.71995257983116,2208.3406089742834
2026-04-26 01:19:00+00,72.33361111857691,286.6427041372217,274.6384180645506,2317.186093445724
2026-04-26 01:20:00+00,75.38795858660743,291.1813451168835,277.15873907090526,2343.617373224283
2026-04-26 01:21:00+00,66.93127323136136,233.39438493674035,233.3038391616243,2432.357800972218
2026-04-26 01:22:00+00,69.87353660633126,205.68387638790344,247.32675580284408,2462.8356007807065
2026-04-26 01:23:00+00,77.84517576862069,211.09765017610948,118.29748902861087,2326.468366817649
2026-04-26 01:24:00+00,78.00033895454608,219.131896048201,192.69226156194102,2374.340022222245
2026-04-26 01:26:00+00,77.74674313840646,229.63729286996534,282.8207840503815,2396.729137098805
2026-04-26 01:27:00+00,77.69727664023586,255.9500624548414,223.88463876672074,2461.5448254548705
2026-04-26 01:28:00+00,73.46487570653252,277.8374795909282,234.80488481169914,2421.0474053431235
2026-04-26 01:29:00+00,76.54408853804085,278.3015861542679,242.21730420021075,2499.195330688556
2026-04-26 01:30:00+00,78.25453812056443,290.4521785819032,240.45589176630654,2340.1257314118748
2026-04-26 01:31:00+00,75.96032945763694,268.28395436471436,240.91911904364292,2308.1759825550807
2026-04-26 01:32:00+00,76.54482550027079,276.7895147030288,186.98468812469008,2321.3204073372563
2026-04-26 01:33:00+00,78.75057569451954,239.7980771680275,194.93688298850995,2302.6904060363004
2026-04-26 01:34:00+00,74.25507015984438,248.5798799446953,140.71134879892145,2378.654918811352
2026-04-26 01:35:00+00,75.36475714044462,263.2514825118546,87.00203390211261,2363.6629709898434
2026-04-26 01:36:00+00,77.7515669504192,264.2048136719138,42.30681012918141,2065.3301661756595
2026-04-26 01:37:00+00,79.10981886024518,256.0680687465553,38.61116291015978,2023.437633563348
2026-04-26 01:38:00+00,77.31625584559383,257.1620794650214,96.90275618790513,2093.966357519787
2026-04-26 01:39:00+00,70.24174329758453,256.65278962364874,130.76324286480025,2055.2004399511256
2026-04-26 01:40:00+00,64.55847463005514,264.24857018958414,106.12835525315965,2060.898701011614
2026-04-26 01:41:00+00,69.073117123347,285.89086079025424,137.06658285732252,2036.5900544724998
2026-04-26 01:42:00+00,75.64867546031364,289.4755317498539,79.69238715412845,2227.951998014446
2026-04-26 01:43:00+00,71.93367006952897,285.1631178611095,17.87524145568727,2449.722930884398
2026-04-26 01:44:00+00,66.14889578875969,285.1151232040661,98.40663283574644,2497.9602690573674
2026-04-26 01:45:00+00,64.78874984982194,276.5696936700342,84.27829550395717,2771.6860166342203
2026-04-26 01:46:00+00,60.76025957626629,283.0238035205656,44.52107089798774,2737.0816643976464
2026-04-26 01:47:00+00,57.10026216163905,292.0597453509596,53.11353336654584,2577.672865178541
2026-04-26 01:48:00+00,51.72486299680675,289.753433054604,67.71894914405921,2500.334299603885
2026-04-26 01:49:00+00,60.43881699186351,290.8973574269459,50.284938745390086,2288.2508114346147
2026-04-26 01:50:00+00,66.59641572759477,293.9869606637934,52.18123098738392,2103.291892802203
2026-04-26 01:51:00+00,76.3281966936101,280.61126588151535,42.124185188260746,2046.3817723960526
2026-04-26 01:52:00+00,76.40264711421563,288.26289952302204,17.210204431714,2082.9310280520563
2026-04-26 01:53:00+00,76.49116453401051,287.42170779398833,41.063783074197694,2132.535318895533
2026-04-26 01:54:00+00,75.8944126798046,271.6897413279335,129.3509121399165,2287.062832857234
2026-04-26 01:55:00+00,77.54782341814405,264.7661703610266,169.17486858744533,2354.0597077798043
2026-04-26 01:56:00+00,74.0947454262384,289.375508145798,207.787887039605,2301.6159445328303
2026-04-26 01:57:00+00,59.98925351841173,294.7690503413987,266.4275196377496,2342.158191291646
2026-04-26 01:58:00+00,55.879443184840994,293.4420598742244,259.0502243085191,2396.2684394887297
2026-04-26 01:59:00+00,58.313174387760576,262.44481605093,247.6910460791848,2360.0955661990424
2026-04-26 02:00:00+00,54.76983592339586,266.70539766380324,176.0620724585027,2429.461348446418
2026-04-26 02:01:00+00,53.45709656653623,290.8161804589155,145.5051712142639,2460.4016733837298
2026-04-26 02:02:00+00,64.25225376178763,296.73538889548803,80.74605632081962,2333.906328394436
2026-04-26 02:03:00+00,65.28939243575194,285.22715737713406,37.74295298395185,2138.233453301801
2026-04-26 02:04:00+00,60.72661172072053,289.8287053730349,99.83361342354569,2143.0186779109467
2026-04-26 02:05:00+00,61.51824903979515,293.582254395513,159.00816242545514,2141.4687485922805
2026-04-26 02:06:00+00,57.87494050500204,273.3792415154372,239.65718188446402,2126.4755729331782
2026-04-26 02:07:00+00,55.17923673385191,249.0777335561613,240.15177175544648,2041.040138393727
2026-04-26 02:08:00+00,51.285365125312715,279.800042253867,262.77262438891137,2068.377934659698
2026-04-26 02:09:00+00,50.866295543188556,280.3200606954871,131.72954892868773,2047.5202133961543
2026-04-26 02:10:00+00,50.88445290237615,254.68851749520294,26.484583092267982,2086.481984913137
2026-04-26 02:11:00+00,57.405796497329895,276.1357120926181,23.48320744829928,2094.262553741201
2026-04-26 02:12:00+00,61.5090625231471,269.32617248960685,16.69312320141537,2102.068638097616
2026-04-26 02:13:00+00,65.79446006216362,266.2426774422362,21.72495887087658,2083.4942203840515
2026-04-26 02:14:00+00,64.67876710957837,288.603479071502,75.09111044087999,2094.9777387422937
2026-04-26 02:15:00+00,70.0113105108284,293.1252122356501,83.27859393286886,2036.0884660371328
2026-04-26 02:16:00+00,72.28538037873764,284.7258964982365,48.76131476093857,2103.863844274192
2026-04-26 02:17:00+00,71.12698397223079,272.9039189726668,42.46389035043947,2110.188055468172
2026-04-26 02:24:00+00,73.5369339123774,264.94232297408496,19.992163415853323,2118.013027156147
2026-04-26 02:25:00+00,76.23391976650049,266.7272347038594,44.45037349212813,2237.8106330862925
2026-04-26 02:26:00+00,77.57517896117066,269.60742270200944,79.844090444481,2318.3067268799778
2026-04-26 02:27:00+00,71.44316055648505,261.45936188528793,83.10520648400684,2395.7228096434883
2026-04-26 02:28:00+00,61.94146091901022,285.48860338399504,61.69083013571426,2488.7191761081763
2026-04-26 02:29:00+00,65.21851504759222,271.9745446381018,113.25035466736227,2332.6699515540004
2026-04-26 02:30:00+00,70.25744503349833,267.4115664784723,147.82536512379622,2568.905492745849
2026-04-26 02:31:00+00,63.133569967247325,283.1853251583171,224.34404819750665,2683.7349915827845
2026-04-26 02:32:00+00,55.4173645331826,292.98376230397497,180.69758292672367,2654.660515447982
2026-04-26 02:33:00+00,49.32220367350026,271.678941473056,277.81522439285243,2842.5450509245215
2026-04-26 02:34:00+00,38.84375274829263,288.7996160157741,249.23707354257263,2878.991024444293
2026-04-26 02:35:00+00,39.45533348770628,278.36732497020006,214.25638481789684,2866.06910464148
2026-04-26 02:36:00+00,38.762676779887826,248.9146406606911,194.5540581355992,2779.049147736349
2026-04-26 02:37:00+00,41.2741286712646,239.69026761854735,183.63526426024922,2756.0959095945577
2026-04-26 02:38:00+00,38.614944487569524,227.80376894393135,199.2245065688047,2722.3400101259176
2026-04-26 02:39:00+00,39.19360026814795,273.9532176262364,178.07248719702713,2666.2779418730893
2026-04-26 02:40:00+00,41.47775766970217,291.4779585721084,100.91143501839879,2628.3139070966895
2026-04-26 02:41:00+00,39.45584374734503,291.04641125200743,97.26838140414854,2513.985845189943
2026-04-26 02:42:00+00,44.95892132193456,284.56958499624733,81.8048480107437,2521.483444822583
2026-04-26 02:43:00+00,41.412454171799276,285.04622093429066,63.70287810439158,2540.0888062189647
2026-04-26 02:44:00+00,44.640488708692715,284.2408626278544,12.04470872394709,2424.1464562783062
2026-04-26 02:45:00+00,56.213471199109094,249.21930728073215,28.159064619984925,2527.0430157343053
2026-04-26 02:46:00+00,61.23958636346469,270.48651407817704,139.59513600179827,2463.3370609625067
2026-04-26 02:47:00+00,63.93358118807612,282.62342822985914,181.4799503471679,2505.99292271859
2026-04-26 02:48:00+00,74.95544092512885,263.178193230407,170.50405807862478,2405.385286048153
2026-04-26 02:49:00+00,79.18574662729873,281.0889423331112,197.58024386886572,2386.0042972394313
2026-04-26 02:50:00+00,75.43106131814149,259.92014162741833,150.77829173000964,2378.6059566780023
2026-04-26 02:51:00+00,77.51732866710917,247.31374172847052,100.48063419361534,2394.1046975859713
2026-04-26 02:52:00+00,74.22796837020623,266.77294727206726,96.18465432012769,2207.2159156124208
2026-04-26 02:53:00+00,77.51662778100844,284.1286817911219,45.78152389323824,2181.1538412150426
2026-04-26 02:54:00+00,71.68285281795173,289.8744208977901,39.62922486148252,2329.199612695288
2026-04-26 02:55:00+00,68.26870838618296,285.1427952074744,54.731939304831975,2387.326026416714
2026-04-26 02:56:00+00,66.8202601072252,256.2420862679363,30.333057727833697,2193.3919796375603
2026-04-26 02:57:00+00,69.3067230780263,230.91632213843334,125.09471467426167,2049.4950727993883
2026-04-26 02:58:00+00,66.54415638888315,264.6598070194536,119.49151716914918,2097.939500833055
2026-04-26 02:59:00+00,58.50347132446955,256.8195704063772,155.78690118703705,2062.3335307683337
2026-04-26 03:00:00+00,45.72036905276142,271.54476316680234,127.15891843641111,2038.5336849207583
2026-04-26 03:01:00+00,45.514631792547746,282.3156278787818,59.645827710793355,2066.978020894278
2026-04-26 03:02:00+00,54.089911444734845,257.23600791770974,38.979475095835795,2124.6251276240905
2026-04-26 03:03:00+00,69.17225548805233,251.29562519156505,19.155044350128883,2112.968653617413
2026-04-26 03:04:00+00,74.7185035254826,227.47377114707785,34.75560034419171,2058.643634752843
2026-04-26 03:05:00+00,66.14662989594089,223.70294908209354,69.34631756176348,2023.0893624976516
2026-04-26 03:06:00+00,65.53005625236906,259.43728919368675,135.29133533491643,2019.5176202523899
2026-04-26 03:07:00+00,76.79057028107296,270.8155298655628,199.92450111441542,2051.5645547759723
2026-04-26 03:08:00+00,72.50840952567746,267.12413992354703,228.2057758243909,2066.2110651987828
2026-04-26 03:09:00+00,65.84003851226579,250.92859651545274,214.97045677981868,2201.8424232431876
2026-04-26 03:10:00+00,63.157185517128916,244.19760552453076,244.6008957616941,2316.2905300437833
2026-04-26 03:11:00+00,49.94588920840513,235.23010541762307,208.08029356642828,2084.7932883892386
2026-04-26 03:12:00+00,51.66769566254411,236.18507641153187,104.34760179482579,2077.133225657751
2026-04-26 03:19:00+00,47.458225923683734,237.28706066920722,48.88277442859757,2168.208676037245
2026-04-26 03:20:00+00,45.175975353766134,254.0976904354837,37.44305957453781,2142.162088952005
2026-04-26 03:21:00+00,42.20465181557399,278.5197684133144,111.77981782813252,2324.3022406706314
2026-04-26 03:22:00+00,42.5056640025767,294.7958810061851,155.67866572876116,2477.682219186748
2026-04-26 03:23:00+00,40.96179026158501,288.6671569093897,234.31297142144209,2498.9831127589105
2026-04-26 03:24:00+00,40.78589361369812,227.05969944699788,226.2236228635246,2657.117739005853
2026-04-26 03:25:00+00,44.78880728074307,206.3726528742351,196.9986830525323,2798.438172789955
2026-04-26 03:26:00+00,51.81425724430666,208.27233011671817,139.24417650654019,2712.021271815611
2026-04-26 03:27:00+00,49.65574437250508,209.30428889655298,198.06433265083157,2668.1989661643015
2026-04-26 03:28:00+00,39.7243241903068,208.14150817694298,186.5434970620837,2744.3040118306712
2026-04-26 03:29:00+00,34.60520976692467,225.98512435059814,260.80435422374205,2786.8653048385972
2026-04-26 03:30:00+00,41.19685742772944,261.2367767089314,290.0526402308377,2905.498270620775
2026-04-26 03:31:00+00,46.44787995358983,271.9052637815521,258.6472065729753,2952.2912841201023
2026-04-26 03:32:00+00,44.243488256484746,267.97694628672184,261.8347405662505,2952.3443903241186
2026-04-26 03:33:00+00,35.11337859968846,273.749300972982,275.6687317276242,2963.858502248711
2026-04-26 03:34:00+00,32.76339754030195,249.95041237157938,261.5971488887988,2930.1383896403822
2026-04-26 03:35:00+00,31.250194233779528,235.89876916211313,237.65172510180443,2883.2917064330827
2026-04-26 03:36:00+00,33.82368674855603,236.69082385736036,190.2461324520264,2752.800814628375
2026-04-26 03:37:00+00,33.01330149442534,219.97186408429295,139.57642377255146,2790.407903245601
2026-04-26 03:38:00+00,39.67018108604366,216.11277094079608,191.9620158020616,2735.911376012908
2026-04-26 03:39:00+00,53.99432290741066,210.7352044820253,123.90530829458105,2713.4179213294015
2026-04-26 03:40:00+00,61.205507575819205,227.62373106270812,122.99427096082425,2700.257501208414
2026-04-26 03:41:00+00,64.56243228730695,258.29920252327787,130.47341099934835,2660.943308861004
2026-04-26 03:42:00+00,65.32703810305344,285.330196130717,163.52929225528152,2721.775605539113
2026-04-26 03:43:00+00,66.4664245498369,276.5989189810945,169.09715627434645,2708.375868273882
2026-04-26 03:45:00+00,70.44932986150994,286.52595487861646,220.9966396143016,2710.7813625970275
2026-04-26 03:46:00+00,72.37526790808502,288.27146272360886,255.92382253290177,2616.31424810724
2026-04-26 03:47:00+00,75.68188120935307,285.72437194343865,256.68726830603214,2479.144940803033
2026-04-26 03:48:00+00,76.05184000994761,293.4236667835699,252.53479761811403,2477.7097341996814
2026-04-26 03:49:00+00,71.54399416447866,289.9529239669963,256.2305410094043,2396.113457335691
2026-04-26 03:50:00+00,69.20818144249068,290.05932935853565,242.10419189568404,2411.422827233998
2026-04-26 03:51:00+00,66.62734063785382,275.9870390073075,203.6586585374319,2357.067103060926
2026-04-26 03:52:00+00,64.02642718897977,249.90434358273836,205.09951075662246,2183.7686253549637
2026-04-26 03:53:00+00,64.93810156004506,230.99698218997293,240.1391991915434,2207.39757756362
2026-04-26 03:54:00+00,62.929107851469254,248.0131163181126,204.14442168175717,2215.8259786857534
2026-04-26 03:55:00+00,62.70766919686423,271.1548518740384,173.43137210645435,2416.203021152475
2026-04-26 03:56:00+00,63.42012713847636,292.4506312953381,138.8073773535245,2607.583606199216
2026-04-26 03:57:00+00,60.785038939574875,285.1308358852513,104.71243484659567,2550.4838160672803
2026-04-26 03:58:00+00,62.33834159705984,286.74430893428894,153.75857183387077,2440.4323028183485
2026-04-26 03:59:00+00,67.07633641193476,275.2671597152206,91.76537924202411,2531.380981928172
2026-04-26 04:00:00+00,57.01606843749467,274.82620561488574,63.429172793297525,2551.8783180230917
2026-04-26 04:01:00+00,54.139705649848146,293.81302797956596,52.56299604545379,2614.342125302928
2026-04-26 04:02:00+00,57.523066316949354,270.26921157533286,30.891258298583992,2416.17769555178
2026-04-26 04:03:00+00,61.565177713448826,271.08772434764586,13.481475985615905,2374.556146797257
2026-04-26 04:05:00+00,63.08728515541897,283.7193588553652,9.28564236180443,2394.3510825399767
2026-04-26 04:06:00+00,65.0639275338553,287.24611435211006,71.24523057942376,2362.457448234915
2026-04-26 04:07:00+00,69.25349409280938,255.5244338923067,212.95671048568127,2275.0762837269185
2026-04-26 04:08:00+00,76.17506122244626,209.80186352882552,274.72284523749653,2221.587484417104
2026-04-26 04:09:00+00,59.79214578292338,248.11580565330144,274.8767803448867,2283.42126486652
2026-04-26 04:10:00+00,50.59212067442723,230.99078309003306,276.82032856464565,2370.985130744975
2026-04-26 04:11:00+00,46.82529133822885,208.26854515495424,247.09263706328042,2401.4573655579097
2026-04-26 04:12:00+00,41.61359386475799,216.14597252642895,204.97769681710363,2371.791792691515
2026-04-26 04:13:00+00,34.72991207773458,256.34604084113977,203.0678636841899,2226.1418196464842
2026-04-26 04:14:00+00,35.16034294635018,284.0341254500664,208.22459802421696,2206.939054374216
2026-04-26 04:15:00+00,33.210807880654635,273.5204474230821,244.3238717473891,2163.3407329002334
2026-04-26 04:16:00+00,37.30675209112332,260.22016425057484,219.7194203690275,2136.3927561639275
2026-04-26 04:17:00+00,39.01367828603968,284.15519749469195,218.86413425822835,2118.8016090861997
2026-04-26 04:18:00+00,37.88668150879782,276.12092868819616,205.6521200821381,2111.736165527658
2026-04-26 04:19:00+00,42.54917123717062,218.0389854738441,180.7109090864936,2125.2961948419497
2026-04-26 04:20:00+00,32.325429898560024,240.33095432637438,177.77740303444844,2101.746544454504
2026-04-26 04:21:00+00,38.11973403644148,231.03045980510626,265.42241081487026,2091.283396032378
2026-04-26 04:22:00+00,38.988575568449406,218.30643838260013,271.27549059941623,2129.391900031692
2026-04-26 04:23:00+00,44.39113610464476,234.37097830657544,241.98657616485843,2126.656524120986
2026-04-26 04:24:00+00,47.45246574732438,250.55407323434827,205.04460882411388,2113.9051057172605
2026-04-26 04:25:00+00,41.84516312808722,251.2962587602531,234.23187640546655,2190.5914290777027
2026-04-26 04:26:00+00,37.817037639193515,264.6064389464969,227.98455954875163,2212.925709824712
2026-04-26 04:27:00+00,35.414118567954155,259.86999810067203,229.40876336110216,2238.853537740886
2026-04-26 04:28:00+00,37.27734107044589,257.5829159851236,192.99859479163584,2297.9272719147402
2026-04-26 04:29:00+00,38.743691654759395,278.27387262146493,227.2624846991509,2364.496212236471
2026-04-26 04:30:00+00,31.398101889761612,284.48558941426023,246.7362357525965,2269.2715107518156
2026-04-26 04:31:00+00,38.31926848376555,293.6521353869301,214.14879946156714,2134.7344720086244
2026-04-26 04:32:00+00,40.569674016374286,287.4635795567334,169.43513784724215,2068.4658682780723
2026-04-26 04:33:00+00,40.167560914089776,262.4891693330379,185.85710940462957,2070.841677597722
2026-04-26 04:34:00+00,39.96011384563591,241.07852762470006,189.63590150329358,2186.9844788101714
2026-04-26 04:35:00+00,34.28708094529404,249.02501817917363,156.46205254984937,2296.0102459325376
2026-04-26 04:42:00+00,31.526594592908776,281.7268493227042,20.70917943256367,2298.4899299348576
2026-04-26 04:43:00+00,33.4895511357193,282.309229823304,22.128721606357583,2227.718665187642
2026-04-26 04:44:00+00,31.81420788473649,292.2755932798524,33.506925900091325,2347.041129307814
2026-04-26 04:45:00+00,38.74573677134133,279.9978578383849,87.52289280382037,2289.567299353039
2026-04-26 04:46:00+00,34.434979387532124,286.49318571157005,126.78945030308384,2253.0012974959645
2026-04-26 04:47:00+00,34.42612771408686,279.749945919822,148.52243273006886,2228.9117446455516
2026-04-26 04:48:00+00,33.34198475732509,284.8460523849992,159.07988973954917,2433.361916731666
2026-04-26 04:49:00+00,40.31488758954123,282.4558126323316,135.34706556732777,2453.72020264946
2026-04-26 04:50:00+00,42.929444348835766,283.31344343049045,136.24343663921942,2575.8636330744384
2026-04-26 04:51:00+00,34.52180571275012,270.718958476167,87.9623106805286,2625.6790703058527
2026-04-26 04:52:00+00,35.6568892386919,261.26118385022863,57.99827463239369,2719.7192310637392
2026-04-26 04:53:00+00,31.56230038576927,283.9990994945568,93.19083023663752,2886.352138905662
2026-04-26 04:54:00+00,35.43525692311312,292.1901108782591,49.78643259480877,2959.74959929227
2026-04-26 04:58:00+00,36.955653196124665,296.0579492446748,19.728539798918476,2817.3206700155024
2026-04-26 04:59:00+00,33.654817129513184,276.87365782833825,42.6946728616211,2925.8860981093294
2026-04-26 05:00:00+00,33.02726137973041,251.88140283459023,37.32339656480804,2945.413359067968
2026-04-26 05:01:00+00,34.46188026956031,244.18223845223955,16.956661223741662,2815.267868412104
2026-04-26 05:02:00+00,37.18041376338923,240.58123132922083,35.465529448591376,2820.7205239857444
2026-04-26 05:03:00+00,35.84242091732487,220.03971274627142,97.46098274721864,2868.374727152527
2026-04-26 05:04:00+00,32.87868572279867,229.9831262334268,68.87557050709087,2825.9687382400293
2026-04-26 05:05:00+00,47.671479736918094,224.5885397972501,156.5133493652002,2764.004500957859
2026-04-26 05:06:00+00,49.542324586573315,252.42006617699792,134.6997192125326,2752.977397975548
2026-04-26 05:10:00+00,49.40188443756705,261.58936402153,108.45037048704062,2734.12511790106
2026-04-26 05:11:00+00,47.97703118001947,282.15323582362834,126.96040288818595,2752.5505349098867
2026-04-26 05:12:00+00,38.92710929766868,291.84586553947315,43.27380263269855,2644.1157173110014
2026-04-26 05:13:00+00,33.15656157755945,289.2977943392464,75.01824650955417,2495.8585431480415
2026-04-26 05:14:00+00,35.86745961286701,275.91878052509145,112.9747591361474,2519.215282482269
2026-04-26 05:15:00+00,37.00713906895224,293.88422328611546,184.71081986519354,2515.786547412389
2026-04-26 05:16:00+00,37.058004556867985,283.5230795535869,192.16237894045008,2589.8047723445006
2026-04-26 05:17:00+00,37.595319666628484,253.108356982743,74.44270543525107,2854.1921119155422
2026-04-26 05:18:00+00,36.764535105650246,216.72956234801597,45.17734729946363,2942.6950117503484
2026-04-26 05:19:00+00,45.314991018402196,221.90443181901944,64.38854983129832,2904.677865650685
2026-04-26 05:20:00+00,53.46300501123747,244.3564771191979,32.42666157974783,2942.364000428738
2026-04-26 05:21:00+00,51.926331911969754,249.95998530550736,63.24487850273785,2918.4688493531585
2026-04-26 05:22:00+00,57.549427552396835,226.18324988712556,144.29152279244133,2967.240369998041
2026-04-26 05:23:00+00,63.63671115044095,228.56678757169817,157.74685071420896,2940.9105528682016
2026-04-26 05:24:00+00,66.19817570166455,226.00156865192181,121.64208333954916,2868.800723576533
2026-04-26 05:25:00+00,72.04037528953236,274.24458077061433,152.68517578685962,2848.2245878359718
2026-04-26 05:26:00+00,73.62174384697921,293.63141586504474,145.61206729060171,2968.5927410246386
2026-04-26 05:28:00+00,73.30919983260168,285.90581181807937,148.86045867034397,2933.6679597929565
2026-04-26 05:29:00+00,77.47801028060603,251.8850470541041,153.331750475933,2931.53451351365
2026-04-26 05:30:00+00,72.7596055772537,255.2395665702214,183.01149818878218,2866.3241620918598
2026-04-26 05:31:00+00,61.08609707244271,272.77232427041014,166.68004886513302,2944.963277643388
2026-04-26 05:32:00+00,53.9080600770011,288.3899507549729,50.470313532246884,2844.1908571984427
2026-04-26 05:33:00+00,66.16757125232465,283.9501400963943,97.64637558941904,2799.715988867421
2026-04-26 05:34:00+00,68.69561973970767,287.7563432252326,194.85953099286695,2645.552753864609
2026-04-26 05:35:00+00,63.88510852898865,286.81746841604354,237.9470516590767,2790.8744160565766
2026-04-26 05:36:00+00,67.93893415651459,285.23867883559166,228.4410793151325,2915.3992778417537
2026-04-26 05:37:00+00,59.570878903874174,255.36997335378518,184.072569123351,2915.1442437143787
2026-04-26 05:39:00+00,60.60330650511593,242.41537280479017,136.51528446674357,2806.147700995019
2026-04-26 05:40:00+00,59.84800678170959,256.34236182563046,125.90016938347115,2648.773376597847
2026-04-26 05:41:00+00,60.6537449166984,266.89123149338604,96.70877913204816,2638.9852534136885
2026-04-26 05:42:00+00,58.64028251277382,241.39843946670712,14.289244549447933,2690.3944180524863
2026-04-26 05:43:00+00,58.7494098724666,233.87315483370938,44.897519586765675,2735.158407615009
2026-04-26 05:44:00+00,57.17925576841224,221.5195539343593,42.857568819676345,2909.0592234411083
2026-04-26 05:45:00+00,62.33151346394428,234.1358421549805,50.794238493806624,2926.3240243710225
2026-04-26 05:46:00+00,59.28726244706377,233.7131809249504,42.728256266233885,2763.6269090251876
2026-04-26 05:47:00+00,52.89554978229558,222.6735960786667,69.0689567663875,2658.792779298789
2026-04-26 05:48:00+00,52.820071210618245,239.30286258141447,77.54518752947361,2736.7659389675187
2026-04-26 05:49:00+00,60.14841731967067,245.0873521629696,71.42851297156861,2782.688592985237
2026-04-26 05:50:00+00,61.554801256943826,280.14197914006434,79.41878253667826,2745.8040345741833
2026-04-26 05:51:00+00,63.58117068314733,291.4711840714926,186.6097844935909,2691.139060842419
2026-04-26 05:52:00+00,65.15655735817903,258.6672696169333,213.03661635695653,2717.48716476302
2026-04-26 05:53:00+00,63.97065434522759,234.70097204817642,204.04899480442134,2708.523434158382
2026-04-26 05:54:00+00,73.14578002875548,253.2554763347861,200.8667711662807,2624.0836009500663
2026-04-26 05:55:00+00,77.79965267058074,267.6213424705051,223.5342853122436,2646.7894000210235
2026-04-26 05:56:00+00,71.51357065629045,265.1931207525226,203.87447436950382,2726.0464032130644
2026-04-26 05:57:00+00,72.09082230230523,281.2523506784076,243.14736906836475,2851.1442717689265
2026-04-26 05:58:00+00,73.24110714569404,285.54107202237003,186.96121411338422,2802.955902078605
2026-04-26 05:59:00+00,69.11665160951675,291.42805391357086,91.91785809350178,2636.1410179851155
2026-04-26 06:00:00+00,72.37896994905921,285.3157993552728,68.15999329171021,2576.720435447802
2026-04-26 06:03:00+00,67.85915044934002,284.6508513792128,40.142498542576185,2472.333793080204
2026-04-26 06:04:00+00,62.91124424444364,295.01438964479536,46.872230278866205,2304.4564122636966
2026-04-26 06:05:00+00,53.921334952122564,295.0388923408434,34.5887774883824,2466.7321022217966
2026-04-26 06:06:00+00,45.15299500928974,289.425406128404,55.32242054824213,2393.3522572051543
2026-04-26 06:07:00+00,44.09283314014847,268.62005607107363,144.1496201575508,2306.11690162476
2026-04-26 06:08:00+00,37.548575362439934,273.29842236044004,170.31782665600056,2334.64426553147
2026-04-26 06:09:00+00,33.19141298402835,240.19302793358833,110.31145911637478,2537.411177402259
2026-04-26 06:10:00+00,31.20400720925134,227.3733921937844,111.95775013181844,2455.265872512382
2026-04-26 06:11:00+00,34.578857355745534,216.36711200578517,66.07760798977807,2442.1310430492076
2026-04-26 06:12:00+00,48.67739764525232,207.71829623982623,31.52741146101397,2680.2541873888313
2026-04-26 06:13:00+00,49.97640890115517,212.63002139669885,27.27969349900681,2679.0937938357556
2026-04-26 06:14:00+00,45.92040623354624,203.9736320977837,28.200550454558055,2606.2912563704613
2026-04-26 06:15:00+00,52.47499379877816,212.8818824299441,99.56756116579918,2545.3512520294234
2026-04-26 06:16:00+00,52.2813492954482,204.7932101238077,128.73960018516715,2537.8033389831403
2026-04-26 06:17:00+00,56.48982029936882,241.1190310786279,137.25312271384877,2552.670380116282
2026-04-26 06:18:00+00,54.764963413284235,221.69829868161963,157.0773874162497,2684.6428061054094
2026-04-26 06:19:00+00,63.67838176899081,222.66439816547413,186.90660394936535,2693.572676075352
2026-04-26 06:20:00+00,67.78454625405942,207.46591350991517,126.2776202464906,2666.3970929137545
2026-04-26 06:24:00+00,70.02887768868956,209.91185510435008,96.74752100249457,2776.864305302856
2026-04-26 06:25:00+00,67.60196621635716,213.01401936522595,108.40613278909125,2871.937535416081
2026-04-26 06:26:00+00,69.18002623586624,236.44985041877393,95.48891036900301,2863.301651986844
2026-04-26 06:27:00+00,67.40664690282273,249.40102079187847,114.61877425932677,2889.894534964061
2026-04-26 06:28:00+00,75.54891475683281,245.1398325346615,81.65592294702475,2892.4737344704376
2026-04-26 06:29:00+00,74.67469999485668,222.04192919553094,21.978640660540012,2785.9798503424163
2026-04-26 06:30:00+00,69.24934615258516,205.67730192850556,35.879891916095595,2600.6125745319323
2026-04-26 06:31:00+00,70.33893380204516,216.0508410503537,175.40761601231276,2617.234918927921
2026-04-26 06:32:00+00,68.17110881493872,226.36875229194666,238.39134403396582,2671.33805524334
2026-04-26 06:33:00+00,66.10695769328227,209.88786306085487,279.548563814462,2723.7268717048514
2026-04-26 06:34:00+00,67.71070037551426,224.55431789355904,275.85828374057616,2754.60040299887
2026-04-26 06:35:00+00,66.70514841375093,239.30315168485532,221.55189481672616,2764.8413111950217
2026-04-26 06:36:00+00,62.79118816540156,217.26214258025544,192.2697999678191,2675.8847138404526
2026-04-26 06:37:00+00,65.90728718989197,219.86661400802814,206.8234347247753,2794.5854525989284
2026-04-26 06:38:00+00,68.01444146127422,208.9367011876513,149.3458520288241,2816.3212611844197
2026-04-26 06:39:00+00,69.5364554284164,223.30506669033977,142.99531934287364,2888.1626102752134
2026-04-26 06:40:00+00,60.52378052749091,231.92501854621605,186.2335159431745,2940.7995024031065
2026-04-26 06:41:00+00,58.93478661076854,209.2715283547862,131.24627641577743,2971.2181214816565
2026-04-26 06:42:00+00,61.381332086366626,208.22705316474142,166.35302666327723,2928.407388211986
2026-04-26 06:43:00+00,62.2422600198718,213.34315835703532,215.96143022199382,2940.1519264988337
2026-04-26 06:44:00+00,53.821197474895605,213.42371795450674,226.02764598281843,2872.888309196317
2026-04-26 06:45:00+00,55.6688182772363,237.7341349593703,166.15506380418768,2913.8622208850916
2026-04-26 06:46:00+00,62.75070122667118,235.6757721093362,217.777674436769,2866.7591094231643
2026-04-26 06:47:00+00,68.49300967168901,228.99500291172575,199.6625081393142,2867.450650153336
2026-04-26 06:48:00+00,60.5192954604921,221.88855180506872,267.68209147474346,2877.9196028695897
2026-04-26 06:49:00+00,54.58018293148017,232.86972379992102,262.4416839641589,2945.9905296552424
2026-04-26 06:50:00+00,58.40102939224314,222.73187731319538,158.43565890111006,2930.8651220458155
2026-04-26 06:51:00+00,52.13076487873251,223.6793401170685,77.40825461179541,2919.5350861246343
2026-04-26 06:52:00+00,49.30878265386745,211.32492437921297,63.19497212788081,2870.124109566956
2026-04-26 06:53:00+00,52.01209363505729,246.32248136900398,104.62334796038338,2668.8655776796995
2026-04-26 06:54:00+00,56.769196882054615,240.99645916224839,26.58751092015078,2726.533106636094
2026-04-26 06:55:00+00,55.74455499012232,266.85598954675277,67.83566673508426,2677.5036875859782
2026-04-26 06:56:00+00,,,,
2026-04-26 06:59:00+00,62.95721122214455,284.81454859235976,35.24605207430637,2716.0278164554534
2026-04-26 07:00:00+00,67.48643242418181,288.2308590277787,31.39878776570436,2696.68082490201
2026-04-26 07:01:00+00,60.59647467126608,275.0572262515322,40.79101041630854,2860.186581646936
2026-04-26 07:02:00+00,60.030460903186224,292.88909508896893,72.13704002183373,2812.447408506969
2026-04-26 07:03:00+00,62.508806290436944,292.3855434046955,27.321627572821615,2813.9001832616063
2026-04-26 07:04:00+00,65.43384566386116,293.3255794768677,31.185132129955015,2815.3127102954986
2026-04-26 07:05:00+00,68.15487077175922,290.0793856834188,32.59138639882838,2792.784767638464
2026-04-26 07:08:00+00,71.94630426161922,265.04583545500805,24.28186444764914,2908.617547098055
2026-04-26 07:09:00+00,66.15856702335996,263.65540689905333,17.126276543461028,2944.475185808616
2026-04-26 07:10:00+00,56.33625762952847,239.4890204810178,39.02840830336488,2876.347563390224
2026-04-26 07:11:00+00,59.41315201769438,236.9753104998881,95.74249110413639,2959.9172366754033
2026-04-26 07:12:00+00,70.05470197507336,218.39232059827182,135.76069684026717,2934.7523150886936
2026-04-26 07:13:00+00,64.85096260676367,209.61038530625953,102.48063733859861,2922.5925859721624
2026-04-26 07:14:00+00,59.70139084807351,217.02060200386506,23.51933334165154,2780.744182262535
2026-04-26 07:15:00+00,50.59686824049376,238.7059550246851,21.384590267852847,2594.347839941898
2026-04-26 07:16:00+00,47.74686528130829,266.7780006742953,12.230150991429339,2576.547031221704
2026-04-26 07:18:00+00,47.5490298656661,264.3848724924917,48.311754688562694,2530.5472394544013
2026-04-26 07:19:00+00,44.528323733288,240.98254216414372,156.31849160712332,2474.134619057066
2026-04-26 07:20:00+00,39.40796152811095,247.22168364318006,160.98129874519185,2642.719397603344
2026-04-26 07:21:00+00,36.74124153640373,275.4983090039662,82.78516879611814,2595.624179888874
2026-04-26 07:22:00+00,39.314088622625626,262.00515520781147,58.26701028757566,2527.020816966165
2026-04-26 07:23:00+00,32.2693460427426,243.21262969311985,33.39995770999804,2349.852493621783
2026-04-26 07:24:00+00,32.4812082548948,244.36515425892864,127.27454276233627,2154.654982387624
2026-04-26 07:25:00+00,32.1421124095815,288.98020676408333,106.4261885702496,2114.703652281755
2026-04-26 07:26:00+00,33.39333635378935,293.58432957258594,67.23682721767359,2239.494916113829
2026-04-26 07:27:00+00,36.30685816811408,248.09851641335638,28.670118388610994,2348.590727063292
2026-04-26 07:28:00+00,38.278442285402456,236.881704209084,24.556052001221694,2435.933751675346
2026-04-26 07:29:00+00,36.57904852932467,241.7815822362282,90.0113706157909,2514.7000713773637
2026-04-26 07:30:00+00,40.76684341125899,242.7945566636838,112.14937357820006,2608.475608550794
2026-04-26 07:31:00+00,40.895195846566025,239.5743070639856,141.7383602587573,2502.7833503455413
2026-04-26 07:32:00+00,33.645584558618204,240.82863572789537,180.93669095406565,2410.6183526250256
2026-04-26 07:33:00+00,39.285778827917525,213.8968609541209,154.51184679155745,2683.736046096834
2026-04-26 07:34:00+00,34.49178237280439,214.26259857828322,126.2267319517965,2922.2191834534406
2026-04-26 07:35:00+00,35.15846155149279,222.68895608373566,168.56562488925903,2978.956451354801
2026-04-26 07:36:00+00,36.66949004351097,215.9785402852284,96.52688748614946,2958.034109795738
2026-04-26 07:37:00+00,34.002909971335285,223.69698746351534,116.26974308610461,2980.597785710591
2026-04-26 07:38:00+00,46.419888391359805,213.63345386994337,171.8199023888312,2926.082252350514
2026-04-26 07:39:00+00,50.37538204202976,227.9025766071321,182.24567940829346,2880.321046763764
2026-04-26 07:40:00+00,53.18545542990086,253.72379019538928,155.4994541869199,2884.6392037018522
2026-04-26 07:45:00+00,51.434718185628896,221.82939874062464,229.75858584583128,2869.499367056931
2026-04-26 07:46:00+00,50.84714008939358,210.8834763701934,234.4178451832409,2930.6183756982587
2026-04-26 07:47:00+00,40.47487271157393,210.24033009499774,252.62348397750702,2917.2944493884274
2026-04-26 07:48:00+00,32.627563578567276,215.12956058919676,212.8863187569608,2715.5625825500697
2026-04-26 07:49:00+00,32.40757999531614,243.72800742940032,47.174032512518764,2551.3591224930105
2026-04-26 07:50:00+00,31.706470740700322,240.32173956984226,19.7515057416972,2700.948067092431
2026-04-26 07:51:00+00,31.81535160477823,234.38201123393358,25.996747503409228,2696.5365388773675
2026-04-26 07:52:00+00,34.15184332682567,226.57264027536561,38.83784664888213,2584.483514360612
2026-04-26 07:53:00+00,36.859372575593156,224.36919246475924,109.59223110511745,2692.002429067045
2026-04-26 07:54:00+00,40.2529447202848,215.74662238191686,91.15651556007272,2753.954223699916
2026-04-26 07:55:00+00,43.88902205319066,205.98101905540145,115.89721990657763,2743.282169312349
2026-04-26 07:56:00+00,37.696189985441244,209.40512559748953,175.25739269016822,2709.992502890827
2026-04-26 07:57:00+00,38.06781604074389,229.26031293664101,170.83829827108022,2685.7048151390027
2026-04-26 07:59:00+00,37.73744566160329,247.64188427392077,200.43500662651334,2628.4169443884985
2026-04-26 08:00:00+00,33.651959033015466,261.04837809892956,131.9277355920706,2823.183433618653
2026-04-26 08:01:00+00,39.407443302126914,282.31102516836097,110.81329124035942,2770.4956709915937
2026-04-26 08:02:00+00,43.008974762255,287.565177036712,114.63963484714426,2861.002682369445
2026-04-26 08:03:00+00,49.06523218191842,285.859785059764,36.74962277082898,2946.0618882618573
2026-04-26 08:04:00+00,42.788738930272196,293.3119302999834,65.2020781990123,2932.3255439982804
2026-04-26 08:05:00+00,44.18141045826876,293.0532783599658,63.41550728695657,2943.705881941999
2026-04-26 08:06:00+00,52.615769949093355,285.33586607708173,62.272387419089554,2828.390176021756
2026-04-26 08:07:00+00,47.51200154049848,283.53639974639015,121.60961930983687,2481.5559004057545
2026-04-26 08:08:00+00,43.21663504259788,277.159827980047,154.8235887141764,2347.7488918754357
2026-04-26 08:09:00+00,37.71325347979261,292.4607027224889,131.10191203063837,2406.8979693811507
2026-04-26 08:10:00+00,44.23430856588353,291.94909266143117,183.40304982755734,2475.032681044254
2026-04-26 08:11:00+00,46.600428374735785,285.2002161261152,213.74539651540752,2390.5230261471274
2026-04-26 08:12:00+00,33.59762650816971,277.4097129193936,236.31710318198657,2539.7921318774916
2026-04-26 08:13:00+00,34.71429326755644,288.6242821301805,210.16428133987318,2537.263137733972
2026-04-26 08:14:00+00,34.40199937846569,291.7130193672259,186.85208688602265,2429.370809346526
2026-04-26 08:15:00+00,34.12871179485256,285.8337059337962,201.91574504322475,2416.3722162847507
2026-04-26 08:16:00+00,41.586876913190856,282.152598717014,274.98057067923355,2516.1347273851266
2026-04-26 08:17:00+00,49.991100192718704,290.91132365728527,275.82398330921626,2502.627907030231
2026-04-26 08:18:00+00,50.44875134279034,278.2694029400737,287.64030654623303,2502.5655856620406
2026-04-26 08:19:00+00,51.16778024759696,276.70099709743806,242.6049871487006,2603.474463160508
2026-04-26 08:20:00+00,59.619185875782144,292.7738625667501,166.01320776613196,2604.4891107394387
2026-04-26 08:21:00+00,66.89575218373153,288.4599374281002,36.450133046822145,2482.054884402853
2026-04-26 08:22:00+00,72.06142169936221,252.80842955797738,29.531119718875548,2652.866767489149
2026-04-26 08:23:00+00,67.88059944875175,274.42996840814806,40.534852756365424,2625.711752176928
2026-04-26 08:24:00+00,65.27867435392321,282.90494032387426,23.035706416379945,2624.2977441543107
2026-04-26 08:25:00+00,67.70150190810723,256.50476613922973,57.77070777815668,2572.4401738947
2026-04-26 08:26:00+00,66.01199885148849,264.0888544214318,187.93416425879045,2544.745100478404
2026-04-26 08:27:00+00,68.33513023419529,261.52491251018307,271.66719305254134,2497.735656931309
2026-04-26 08:28:00+00,62.701928401649894,255.38508237424338,264.32093317099566,2414.8648424301364
2026-04-26 08:29:00+00,48.59818307902273,285.50827097012694,164.26499219213065,2283.5189099255863
2026-04-26 08:30:00+00,45.850118472586146,260.9377085087044,213.46994459426196,2318.333245599079
2026-04-26 08:31:00+00,44.0193367409954,274.97943332356317,225.27452676315235,2396.583527505785
2026-04-26 08:32:00+00,49.6650375267527,261.88333642114395,264.19946105323737,2457.9802493957113
2026-04-26 08:33:00+00,55.85041505703282,215.1616988631552,261.7912989482597,2517.1210066486806
2026-04-26 08:34:00+00,55.27022581396326,220.62574297617547,172.86229625963233,2464.1545399263446
2026-04-26 08:35:00+00,47.535648112885035,228.62647781943502,121.09831767058289,2526.0956984255436
2026-04-26 08:36:00+00,49.49028701375299,274.3003571082251,72.76285858849504,2459.4282503923732
2026-04-26 08:37:00+00,54.38690084418434,292.6933137651966,111.46406976767716,2650.583189068447
2026-04-26 08:38:00+00,57.04532165197403,258.0380159409238,62.88213525901512,2646.985809300021
2026-04-26 08:40:00+00,54.10221267538352,220.14127969751047,145.81559405754956,2702.9008011254755
2026-04-26 08:41:00+00,54.8021841343481,227.6880858131203,193.20640347510368,2620.640503693305
2026-04-26 08:42:00+00,58.73700701540288,262.4170563588032,215.80716305523086,2539.45109937313
2026-04-26 08:43:00+00,60.17674917078744,260.2187468085029,267.1059413202064,2645.768679471965
2026-04-26 08:44:00+00,58.75586762790745,241.4409615341719,252.4681915821629,2488.230461851487
2026-04-26 08:45:00+00,61.204053822028115,248.91264507867527,239.1563042646594,2286.98696734725
2026-04-26 08:51:00+00,67.0671847686893,262.17583014311765,287.7198545023105,2254.619014187724
2026-04-26 08:52:00+00,72.89954851601692,266.47467317614485,285.284552071198,2089.8878024027435
2026-04-26 08:53:00+00,75.50382599977671,281.94204886736975,245.55774290965869,2108.580729888604
2026-04-26 08:54:00+00,74.1979962206743,270.4451732664159,146.25263313529504,2202.6116885519036
2026-04-26 08:55:00+00,73.48832806819566,285.9817251127778,91.79008126163393,2112.411231161713
2026-04-26 08:56:00+00,74.88310409928853,291.44357675180925,158.76807066724,2047.8618438202186
2026-04-26 08:57:00+00,77.04225203915585,287.7640044990792,150.06415293156718,2135.27653698112
2026-04-26 08:58:00+00,71.56436792810312,280.6144460723925,184.58347974168282,2442.6467847054405
2026-04-26 08:59:00+00,73.41764741262911,284.491742795979,271.32350209684483,2627.2370410306557
2026-04-26 09:00:00+00,74.99571277821563,281.387787769468,288.0451798943339,2675.0436066174625
2026-04-26 09:01:00+00,75.68315330001661,288.53278327489045,268.9190656411271,2747.8940997347745
2026-04-26 09:02:00+00,76.4021968521363,280.67004640355157,280.99015344766826,2789.749937529284
2026-04-26 09:03:00+00,68.46598082021632,284.24289003108913,185.90659176386836,2622.8420837988397
2026-04-26 09:04:00+00,64.87833614823342,294.7609332193809,122.79131698695237,2484.0400357094763
2026-04-26 09:05:00+00,68.06101672888774,293.99910494426314,106.11382419013198,2341.3864345813986
2026-04-26 09:06:00+00,73.39376308106151,291.67856669228803,76.84528509045225,2258.30067997013
2026-04-26 09:07:00+00,69.46240109066751,244.43469703059236,71.10271736122144,2247.891544243005
2026-04-26 09:08:00+00,71.24467794128138,246.56778790127353,159.1166652619243,2158.9960016519517
2026-04-26 09:09:00+00,78.2938277953452,273.4942624627126,187.74803188074787,2094.9535343322777
2026-04-26 09:10:00+00,77.75603826698985,294.19081035918975,153.9523783886298,2096.8272940981346
2026-04-26 09:11:00+00,78.3738088788007,271.6846411300194,107.83324421037817,2070.002263049154
2026-04-26 09:12:00+00,67.22801509890266,246.4955032964913,189.5451048576486,2218.350135078715
2026-04-26 09:13:00+00,60.0981385325939,247.32034906696677,175.852849259699,2183.0087719155354
2026-04-26 09:14:00+00,53.5612157425582,228.54761224040573,193.5074997597151,2065.935699209331
2026-04-26 09:15:00+00,53.56071054553289,219.6830666991231,166.04830127812727,2091.05664231525
2026-04-26 09:16:00+00,49.74428102660028,208.0844699584913,138.36117263492088,2054.567036976601
2026-04-26 09:17:00+00,46.61192383113461,223.58867980502365,169.03102462233045,2036.3746067491209
2026-04-26 09:18:00+00,47.120116323067016,238.37362755957352,159.83883415216997,2099.072541455421
2026-04-26 09:19:00+00,54.92700563428802,242.26494606233507,173.37242011102308,2108.4745444292384
2026-04-26 09:20:00+00,65.49255627905913,234.20296199360646,198.82690866913492,2028.9402565293747
2026-04-26 09:21:00+00,62.70473788751238,249.54730739731409,211.36395580563223,2031.0301402963698
2026-04-26 09:24:00+00,61.90378198460513,254.09700104737814,256.9152299490607,2145.866932138358
2026-04-26 09:25:00+00,61.841943794623305,263.45235129297737,271.71489171688734,2187.992990890312
2026-04-26 09:26:00+00,64.38748506971768,274.9134727329887,265.6791989002847,2130.774709439328
2026-04-26 09:27:00+00,64.35524292031295,269.61975654917904,255.82440485689438,2110.5433801467725
2026-04-26 09:28:00+00,70.85278732277746,276.9468974632872,170.3444055959707,2124.465934869258
2026-04-26 09:29:00+00,74.43156160551186,280.13073854263945,234.06983894873213,2042.068470060084
2026-04-26 09:30:00+00,73.0796207688675,268.07731461157664,290.35931615463335,2032.3709029601484
2026-04-26 09:31:00+00,74.80689078791477,260.134658835911,289.0764350089522,2067.800904797168
2026-04-26 09:33:00+00,74.97191923409984,272.03011655626744,247.81718769085964,2096.2825931033312
2026-04-26 09:34:00+00,73.0254024847113,293.83973873903693,139.00427356032293,2106.380382929406
2026-04-26 09:35:00+00,72.96933702555128,287.05249204968214,123.70937526054242,2044.5211141103541
2026-04-26 09:36:00+00,74.08486269512345,284.4153708777358,154.01949924278716,2221.36160952051
2026-04-26 09:37:00+00,68.27383451092184,287.94327653730465,74.53587459165277,2183.1824307642746
2026-04-26 09:38:00+00,64.65250455184893,288.43192226798595,77.79377112180558,2112.326312399635
2026-04-26 09:39:00+00,65.62005482924681,287.34206415432976,132.61457468641973,2191.2989574734243
2026-04-26 09:45:00+00,64.16448731358032,283.28509104786195,137.26880230078692,2162.352460315965
2026-04-26 09:46:00+00,65.9294313998444,259.22030578864275,144.1998315517465,2267.816818072449
2026-04-26 09:47:00+00,63.06105283183154,228.5576525712362,116.56358773649869,2390.405475621806
2026-04-26 09:48:00+00,60.04712733875159,224.7072930747941,190.23932297166883,2416.7826070987458
2026-04-26 09:49:00+00,48.54831813415948,207.44481606717537,252.10300697037263,2352.4163658245243
2026-04-26 09:50:00+00,55.325432432108514,219.2492483726298,238.80845388244677,2429.216004650386
2026-04-26 09:51:00+00,53.11771324045289,247.6287070774132,196.7886419576089,2455.2557212945208
2026-04-26 09:52:00+00,43.39718940946123,254.22062907298243,209.69111641549324,2432.5384179374464
2026-04-26 09:53:00+00,44.47495426878416,263.3818462717264,140.2163113111311,2514.3312036511384
2026-04-26 09:54:00+00,44.110567758056355,245.44705432816278,128.25469724875327,2408.1414763949338
2026-04-26 09:55:00+00,39.534738689848794,224.661655111812,161.60270703151045,2405.236346464219
2026-04-26 09:56:00+00,37.650390070053504,209.8759278331873,154.98377538804212,2203.1032519401165
2026-04-26 09:57:00+00,32.43832044997297,205.8766562664636,51.569484050202924,2040.3955329506534
2026-04-26 09:58:00+00,36.02988423402366,213.50720277717576,27.78448803126604,2146.4673966314626
2026-04-26 09:59:00+00,47.49844186469936,255.067494696912,98.41204911713156,2164.92648492994
2026-04-26 10:00:00+00,50.90981108673321,243.36209197902807,90.08542951724742,2126.113330019929
2026-04-26 10:01:00+00,51.236863987107796,212.71214412800245,29.82147142042298,2059.285752197017
2026-04-26 10:02:00+00,46.510218042198666,217.96410100575127,48.89695259730295,2125.2348964892067
2026-04-26 10:03:00+00,42.212946347256675,214.90311435087705,37.84120201840379,2268.250198784831
2026-04-26 10:04:00+00,41.08580344512089,221.04270586365166,44.71711546921248,2556.9803406831315
2026-04-26 10:05:00+00,42.489537824132356,209.36188373439066,19.91513185971156,2669.3366530091234
2026-04-26 10:06:00+00,40.280887735684786,216.7950468611295,81.7527261587048,2655.608273029484
2026-04-26 10:08:00+00,36.00433950599111,228.70925933032402,84.1395374480058,2656.1336954808903
2026-04-26 10:09:00+00,35.856767682957596,234.98170512687577,140.09480615497094,2763.1138435646394
2026-04-26 10:10:00+00,42.463869682598784,245.3101418141957,56.55847168141517,2617.1198731393474
2026-04-26 10:11:00+00,47.243425786551654,272.4963536176406,24.287686782556243,2478.862152132078
2026-04-26 10:12:00+00,42.00734149537534,259.94066034059205,60.979927621652216,2353.8379427721675
2026-04-26 10:13:00+00,42.34969280238708,228.00359977524195,152.48204212423911,2383.274540254241
2026-04-26 10:14:00+00,41.95432458407689,222.83162779831048,155.8457395560937,2314.9272791169064
2026-04-26 10:15:00+00,33.73819670548646,218.20697050983892,122.68839711450906,2271.4131390974903
2026-04-26 10:16:00+00,36.93506179752494,209.1969017615494,249.06929031681713,2293.069357694166
2026-04-26 10:17:00+00,44.937972614534786,215.3480404479114,218.49402816382562,2446.346218935533
2026-04-26 10:18:00+00,46.02799450750894,210.369787899805,215.0322211927393,2583.578166377805
2026-04-26 10:19:00+00,49.16838611264451,211.8987569478633,236.91380946470002,2637.444490288233
2026-04-26 10:20:00+00,54.92914029303491,223.33961811223858,201.55563980000662,2696.1295597145963
2026-04-26 10:21:00+00,57.116726606610754,233.44761786463164,213.6287829767524,2784.614221182459
2026-04-26 10:22:00+00,58.59717883849251,216.7140751228451,135.84814508795142,2871.705648886692
2026-04-26 10:23:00+00,66.55903837151081,212.2514787277158,111.2033286415633,2792.579429698979
2026-04-26 10:24:00+00,66.91486784023633,250.6057835225367,88.0885625938394,2684.7736777640685
2026-04-26 10:25:00+00,65.67419428205406,274.7351956263257,28.284775955135707,2875.717805006277
2026-04-26 10:26:00+00,60.24600104038222,257.28704175056566,51.698832446029606,2816.080244008729
2026-04-26 10:27:00+00,66.49661817563496,283.46944354189975,20.51569706034419,2914.2757872147963
2026-04-26 10:28:00+00,70.24230074616823,267.180830887386,42.013802885645944,2960.230590145243
2026-04-26 10:29:00+00,73.07690734568023,279.6913132156266,59.56046129765627,2968.5959791886344
2026-04-26 10:30:00+00,77.72623827201211,247.35486731806975,112.31549357948164,2775.0662511733176
2026-04-26 10:31:00+00,78.4045160027787,271.6007527439399,113.64566797885709,2825.0062027562717
2026-04-26 10:32:00+00,77.3671972314579,284.2479135550185,100.48142685557349,2827.249420770522
2026-04-26 10:33:00+00,69.20724500413846,280.79859029233035,77.59080486103771,2956.1558012682876
2026-04-26 10:34:00+00,64.91283557970017,254.0377350343171,57.944038383751405,2969.4041936423705
2026-04-26 10:35:00+00,67.7658991954783,223.95262804649963,97.8228537126758,2895.6435931308415
2026-04-26 10:36:00+00,73.2635052306726,225.22262160693415,52.23557868528329,2645.796925582233
2026-04-26 10:37:00+00,68.54359263831039,218.86269512957028,63.80202461255695,2665.1914140328417
2026-04-26 10:38:00+00,69.59223687968873,216.8584547805548,134.97159670802642,2654.0741306374107
2026-04-26 10:39:00+00,67.82116820712704,206.94048943238747,105.85307729673418,2685.6084062871155
2026-04-26 10:40:00+00,66.41335104665698,208.7137233458198,85.28438117918002,2541.6572735220384
2026-04-26 10:41:00+00,59.61843871709549,234.60011676651206,90.28151415946742,2526.9930110741984
2026-04-26 10:42:00+00,49.05864291890097,250.07051496368126,12.839931448890438,2459.013211736406
2026-04-26 10:43:00+00,45.37606514842088,280.7177898717628,63.49035284365407,2605.6492516604394
2026-04-26 10:44:00+00,46.07928987327891,291.2016064198112,120.07227611351279,2573.7574222424573
2026-04-26 10:45:00+00,38.422561025402715,275.5888053567021,34.58122705003743,2457.669589205931
2026-04-26 10:46:00+00,31.51713914253783,272.4081337860825,13.063844054139471,2460.4854259356543
2026-04-26 10:47:00+00,32.30475587924476,286.50439941014344,30.112470646330912,2482.1423999807685
2026-04-26 10:48:00+00,33.02124449308051,280.05734599402143,16.12719811448833,2541.3649100015746
2026-04-26 10:49:00+00,31.026377085958526,258.8174390134705,19.441611469842567,2555.986655777234
2026-04-26 10:50:00+00,38.0721332971598,265.102039667804,17.17138290019832,2542.0377962489147
2026-04-26 10:51:00+00,41.531953742897485,269.74637345070465,37.56050921200472,2727.9738240027996
2026-04-26 10:52:00+00,35.12759654942113,258.35315988372446,85.32706038258,2740.4992677437144
2026-04-26 10:54:00+00,38.635690489121735,248.88046415599334,141.3548097110074,2757.2458252469255
2026-04-26 10:55:00+00,43.33253914947206,267.61468169155467,167.17970424268097,2714.3761475570695
2026-04-26 10:56:00+00,50.0049739860425,279.485929772021,108.78584302973273,2459.3606946116183
2026-04-26 10:57:00+00,45.88612668305068,288.52852175136127,52.07575930617159,2367.939600767631
2026-04-26 10:58:00+00,47.987198832519,253.11909279096034,41.83136274730338,2375.0449931357252
2026-04-26 10:59:00+00,46.61057034132774,220.14167888191287,94.24369444319686,2347.6849601844583
2026-04-26 11:00:00+00,52.041204582206355,206.2825166518337,189.07500667790544,2250.2847838923
2026-04-26 11:01:00+00,53.0317288189432,241.27924832167062,218.6626790668125,2200.7784282312305
2026-04-26 11:02:00+00,55.05949044759684,266.09144838946844,245.39847232859373,2211.5745335743263
2026-04-26 11:05:00+00,58.68590371686642,240.9067201467908,286.674280624729,2258.6416504489152
2026-04-26 11:06:00+00,57.084967683611566,237.40315975791754,275.0987719863127,2246.656032235391
2026-04-26 11:07:00+00,57.19062464914552,215.48692616064025,255.4260068046457,2217.9198061824545
2026-04-26 11:08:00+00,64.17274429592875,226.1595625315899,253.46819396249518,2176.5300304292714
2026-04-26 11:09:00+00,64.89799784028477,249.94442614142034,258.0949944072119,2044.6175650382154
2026-04-26 11:10:00+00,59.5970572389271,234.70395749078327,247.8456110524317,2055.0133006137025
2026-04-26 11:11:00+00,47.969734591603384,211.85574978150694,231.4709548065313,2058.086432453908
2026-04-26 11:12:00+00,51.26594728342531,208.96365572533307,173.5452475384052,2117.146976948015
2026-04-26 11:13:00+00,54.500853606707615,218.1001097237012,214.06287104011534,2238.0464790146193
2026-04-26 11:14:00+00,46.9075402993372,231.1715481587827,259.80399552780005,2178.492866769469
2026-04-26 11:15:00+00,50.31895369405188,245.01926096341302,242.2049042948928,2100.8248484774604
2026-04-26 11:16:00+00,47.13289604350236,234.99150048544527,238.3330695352984,2164.9856801912947
2026-04-26 11:17:00+00,40.19916884497562,209.63379066654804,253.29183550539386,2067.0473928330343
2026-04-26 11:18:00+00,47.55525173843772,208.95491464456785,259.86340375942893,2044.0802381678348
2026-04-26 11:19:00+00,49.86089873846707,260.46143076556336,266.74643953593215,2078.7436109196865
2026-04-26 11:20:00+00,39.29399390074863,257.8462903126791,249.93718359048825,2133.960191052182
2026-04-26 11:21:00+00,31.568157733252292,246.9595940353297,286.4695506921076,2129.2388654219762
2026-04-26 11:22:00+00,34.081347578562905,246.99244864572037,253.55925471197315,2038.0221418249134
2026-04-26 11:23:00+00,39.61957425962462,227.20091928777447,271.6071074451544,2139.4567114704987
2026-04-26 11:24:00+00,43.184391326617224,211.36275595433617,243.22307630409102,2114.377970660815
2026-04-26 11:25:00+00,42.90067420797342,212.7507107288393,274.8950142685502,2221.034290231643
2026-04-26 11:26:00+00,44.92420552899953,217.90113386551255,273.665315516509,2213.7696482758597
2026-04-26 11:27:00+00,42.196024904457516,236.06897170433868,253.61793734290197,2104.075960575436
2026-04-26 11:28:00+00,37.74148493966175,237.26998349505013,278.63186902849264,2059.807668914452
2026-04-26 11:29:00+00,41.21675670746053,211.42084130323494,285.0103056823271,2062.010553481725
2026-04-26 11:30:00+00,42.6577336107185,211.61381777237372,220.11028525757646,2142.8006358210505
2026-04-26 11:31:00+00,41.566225607030866,219.81104534415064,191.1787258764183,2231.5931170728536
2026-04-26 11:32:00+00,42.507692787137096,221.7473093988128,239.8373006249034,2074.8706663564403
2026-04-26 11:38:00+00,44.88182787081812,211.66038135516814,273.3300855068164,2043.7065580406236
2026-04-26 11:39:00+00,39.961670168821875,209.334607443308,265.3459409926256,2147.641398481645
2026-04-26 11:40:00+00,36.98653859198955,227.80347234701088,259.89911211084467,2294.461474410394
2026-04-26 11:41:00+00,40.76751663765826,277.8101702658954,233.08948941562218,2187.012495192881
2026-04-26 11:42:00+00,46.79253029525844,280.6788875745245,243.93275586991996,2130.6299857368235
2026-04-26 11:43:00+00,55.464998555791816,281.28273877856344,290.27365002699304,2053.0117895140033
2026-04-26 11:44:00+00,59.21812768503977,285.22034656507714,261.6987117206582,2099.5083154913464
2026-04-26 11:45:00+00,67.4640244337355,283.4148939635457,267.7337044687007,2223.5605412154946
2026-04-26 11:46:00+00,74.180253893829,288.45973711238753,275.51845549198254,2187.2994271476346
2026-04-26 11:47:00+00,74.78089144153986,288.7171588551543,266.70829155194997,2231.748135164414
2026-04-26 11:48:00+00,71.15025498612155,293.8078467668373,260.3825691179951,2277.107718970023
2026-04-26 11:49:00+00,62.41465722208707,286.22797578331034,225.48400581835358,2377.970775532983
2026-04-26 11:50:00+00,59.55533364113074,289.0120851981418,266.7661729320976,2207.9534699440464
2026-04-26 11:51:00+00,53.08528302482917,263.59594072329327,220.9505748887591,2127.4238109270086
2026-04-26 11:52:00+00,53.61444720524152,274.45642774874796,161.71407944334823,2215.984819760361
2026-04-26 11:53:00+00,59.406592588560656,262.6807466807511,238.57259328153154,2210.6524015590107
2026-04-26 11:56:00+00,67.64131953001487,262.3842352025226,250.65777493666195,2263.1403131473444
2026-04-26 11:57:00+00,70.59177870411152,251.60904451987705,122.7935946010572,2161.9396400069795
2026-04-26 11:58:00+00,74.23843336642244,253.527563079519,105.34316705742665,2115.8288882630063
2026-04-26 11:59:00+00,71.28277090666667,238.6961828009093,92.45726087082971,2294.1939048780873
2026-04-26 12:00:00+00,75.93852434826837,248.4439485488775,132.27069798037385,2488.4907165260174
2026-04-26 12:01:00+00,77.85514500449769,221.533364175501,220.35886103199974,2500.9742814304636
2026-04-26 12:02:00+00,70.60381265777701,208.59670959721115,187.6535306018733,2393.1632649199555
2026-04-26 12:03:00+00,68.01788618630007,209.02025192941252,150.36900484761725,2363.1579287661334
2026-04-26 12:04:00+00,62.08225580108794,213.70891972952091,237.20720504316634,2374.692571351297
2026-04-26 12:05:00+00,60.76940250324857,225.79068648499438,231.3343537392699,2178.604540958139
2026-04-26 12:06:00+00,56.47994260855731,263.06436744756854,109.3290040475534,2200.112931967664
2026-04-26 12:07:00+00,50.02346388171916,265.7888173350778,73.41421620451274,2118.837309353303
2026-04-26 12:08:00+00,47.38757017990624,282.7587299697142,49.20233077234169,2179.2449416923987
2026-04-26 12:18:00+00,47.72901226841656,280.3238323108253,31.20383144579972,2263.7796233344216
2026-04-26 12:19:00+00,48.818421811832714,242.82850296566593,85.95813798783995,2325.1012854381784
2026-04-26 12:20:00+00,55.903001762372625,215.67096526336243,30.1113325036615,2358.1780971323547
2026-04-26 12:21:00+00,62.92785212887774,247.32348937736995,31.235554279760382,2312.4140858672476
2026-04-26 12:22:00+00,55.75844873435065,266.28844718038124,18.31810204593998,2200.599367250893
2026-04-26 12:23:00+00,47.77991260208394,285.46451926112667,42.45593800218642,2392.2474527498975
2026-04-26 12:24:00+00,43.29018156144718,257.84521929954144,127.0160583478421,2433.719850525352
2026-04-26 12:25:00+00,47.10513672341668,287.70249722266334,160.90151744148903,2497.340636565301
2026-04-26 12:26:00+00,56.79314941944805,292.7035272754677,125.70052692131232,2722.875341666649
2026-04-26 12:27:00+00,57.76092097940032,292.88963415389276,87.36187616089121,2723.9251175726736
2026-04-26 12:28:00+00,57.99110018578353,293.4982838689484,181.81723514116084,2672.0325642511607
2026-04-26 12:29:00+00,63.45528184042256,293.94668676819623,149.56030273986926,2758.5684186684657
2026-04-26 12:30:00+00,70.65629565959684,273.99601694529053,164.70886926483016,2930.861670247518
2026-04-26 12:31:00+00,74.08417700491037,225.04816577077318,198.18268689167078,2818.0535446843037
2026-04-26 12:32:00+00,74.64785673733527,252.73522938396746,221.50162121841728,2726.865843755016
2026-04-26 12:33:00+00,78.20439961817024,269.6473416746438,173.14318915593336,2754.9551430830065
2026-04-26 12:39:00+00,76.47316299664753,284.6098398933124,223.73137166976366,2778.2713574843833
2026-04-26 12:40:00+00,69.4957810414239,293.2005244072438,168.14484874196182,2792.2937912254392
2026-04-26 12:41:00+00,66.83370930066334,283.23019829675627,59.36365026883694,2925.3169442567278
2026-04-26 12:42:00+00,65.64528685201084,270.6828424566175,41.34779870056621,2843.466662130785
2026-04-26 12:43:00+00,69.00712779412437,284.6023213305146,18.9593015403158,2795.6239333637745
2026-04-26 12:44:00+00,75.08436191934717,272.9194934419074,64.77776947423405,2819.1809398275323
2026-04-26 12:45:00+00,73.07976465111717,256.26026370550073,97.22542632668845,2855.8655177943833
2026-04-26 12:46:00+00,62.295919295659395,288.59054389168887,83.10108430955582,2811.564534074876
2026-04-26 12:47:00+00,55.35718777521594,289.26097839514995,95.9591286233606,2839.208908472627
2026-04-26 12:48:00+00,48.28017472927984,291.17403714279004,105.2782835863925,2938.164656010397
2026-04-26 12:49:00+00,37.56681170361537,294.55689540742964,55.82044506337818,2713.805997157549
2026-04-26 12:50:00+00,33.743717443691864,295.7209100583076,151.8866091737371,2726.2022486621895
2026-04-26 12:51:00+00,33.43056613354989,296.1798464288937,153.2269845190329,2676.4365669507683
2026-04-26 12:52:00+00,34.856803718298806,293.41563628215374,79.45389426775839,2526.8894195458006
2026-04-26 12:53:00+00,51.71253246839113,286.99388245002393,86.69466018109274,2440.693196241515
2026-04-26 12:54:00+00,60.08248704278643,290.7283808809253,111.49211675626454,2243.7873806768484
2026-04-26 12:56:00+00,62.14923586810238,291.1088990803568,76.9910652358406,2213.883094942212
2026-04-26 12:57:00+00,63.664370582722846,292.536130522223,33.39200798627333,2178.0363392678723
2026-04-26 12:58:00+00,75.53832037249254,287.40714991770244,27.36530947036575,2217.36927206586
2026-04-26 12:59:00+00,76.54228490433496,292.00404549020345,36.30682072298802,2304.246659318737
2026-04-26 13:00:00+00,77.16625167351712,284.55508367876774,98.84831632114064,2292.4034153763064
2026-04-26 13:01:00+00,77.38660963299408,284.79533913006037,133.62416255468352,2195.6372857295923
2026-04-26 13:02:00+00,75.819982234371,258.9202008436451,117.50945841390052,2283.813013089569
2026-04-26 13:03:00+00,77.8518815021754,242.85424669959318,134.46311331255896,2279.8331975856377
2026-04-26 13:04:00+00,68.82083630575487,233.70991926760163,78.21968656209035,2255.5503010283564
2026-04-26 13:05:00+00,73.25290099194508,220.74656604230125,49.08089011759146,2239.526437881858
2026-04-26 13:06:00+00,78.42608907676554,227.52518615977561,57.86300156499797,2126.9280842724893
2026-04-26 13:07:00+00,75.73683474389402,234.33869232925517,97.67782812859348,2035.0832842764205
2026-04-26 13:08:00+00,72.01835067992981,232.27175961453904,90.65608829205661,2027.7813518328849
2026-04-26 13:09:00+00,76.50145241566699,239.8427811315398,112.72660099044589,2031.4390017930148
2026-04-26 13:10:00+00,75.90355534218783,240.0922804019353,107.6931550171178,2106.845348133895
2026-04-26 13:11:00+00,73.32211205240515,234.48556900070835,73.43088675893544,2110.200370058807
2026-04-26 13:12:00+00,66.84394483894947,267.4994667992722,48.77057787110449,2229.4446381084836
2026-04-26 13:13:00+00,62.30745727423253,292.3449159136296,27.0559401397813,2307.5814118969915
2026-04-26 13:14:00+00,63.88690298147432,280.0023142512235,60.33946138212833,2415.3509232526712
2026-04-26 13:15:00+00,68.33326547037116,267.98958041866615,137.21019998535738,2416.0632103751145
2026-04-26 13:16:00+00,70.13394003883141,265.3647959384055,133.529091949001,2463.227208733397
2026-04-26 13:17:00+00,70.94827383684388,245.36080649617276,170.42497415771393,2393.130869253985
2026-04-26 13:18:00+00,66.15054374075638,287.74083229332643,209.04082409999896,2218.804769798147
2026-04-26 13:19:00+00,63.736129669002736,291.63732725590836,193.9559837262345,2092.085434012296
2026-04-26 13:20:00+00,61.929666779594264,245.12110236092303,154.34052630633016,2047.123929887425
2026-04-26 13:21:00+00,70.0828860953265,219.82499133262303,159.4853888615778,2055.712665864682
2026-04-26 13:22:00+00,65.63831160546384,247.15556237919148,125.32922446502955,2021.3768424291645
2026-04-26 13:23:00+00,60.610102651548026,274.2607757434824,111.55316264509094,2126.061021953444
2026-04-26 13:24:00+00,57.2470524623058,265.3516504548445,142.17975630691217,2119.484315750453
2026-04-26 13:25:00+00,56.28794442236547,256.4329712135616,269.2824126301037,2046.3752366599024
2026-04-26 13:26:00+00,60.14263641472128,240.26606370030075,282.0971124249825,2049.575590446081
2026-04-26 13:27:00+00,60.77363507545002,241.8808276711168,270.43652602300557,2097.5010077524116
2026-04-26 13:28:00+00,63.82517420593761,246.6908036323821,232.38473772855397,2024.303382738286
2026-04-26 13:30:00+00,69.65744350320179,231.98706393291465,221.04555632433193,2023.0710025205885
2026-04-26 13:31:00+00,73.3647041025854,222.05819908199788,227.59688297164897,2070.063742755694
2026-04-26 13:32:00+00,77.16248688804423,244.60077622791513,213.42628289765048,2309.91733939506
2026-04-26 13:33:00+00,71.23123902061656,254.5494916833087,282.0296826283896,2194.037509936275
2026-04-26 13:34:00+00,68.85243736036108,253.9532463205305,267.87222354473715,2037.6761529651637
2026-04-26 13:35:00+00,69.73310029190041,261.3990822794161,151.14744845360667,2110.8357050759078
2026-04-26 13:36:00+00,76.05156253804515,277.819624493483,104.6636568417619,2218.4122511667574
2026-04-26 13:37:00+00,77.2995100415981,288.54634244817555,47.48972613827582,2262.4336088054847
2026-04-26 13:38:00+00,74.05815762953723,291.66990944595307,7.8360223695701094,2220.4474475427387
2026-04-26 13:39:00+00,66.72338140442051,270.8224641152544,32.614635197065134,2339.393357220056
2026-04-26 13:40:00+00,59.02545055977309,223.04964884621833,30.544966875832884,2457.585971199476
2026-04-26 13:41:00+00,53.760805581073896,243.21416265215757,28.48791763119978,2508.8770003157233
2026-04-26 13:42:00+00,50.67411348449525,208.76471046509138,45.5149164600304,2548.457755168114
2026-04-26 13:43:00+00,46.24797062369774,204.9908653601443,38.28461809171324,2550.0114641316295
2026-04-26 13:44:00+00,46.78452253721759,209.03418739697065,53.72471662710105,2572.838136233304
2026-04-26 13:45:00+00,44.64472304189095,213.98828755276665,21.081095054808202,2640.837044719433
2026-04-26 13:46:00+00,40.050379796899236,212.21565178764675,101.4046487877233,2695.8006011220905
2026-04-26 13:47:00+00,39.93255649247848,220.5764936655661,89.96536093020653,2766.47269954907
2026-04-26 13:48:00+00,34.8086713347685,221.34640710464052,26.508878329644464,2854.3364141308853
2026-04-26 13:49:00+00,41.95350892801971,207.96184101622524,41.55439635637837,2966.9119939921966
2026-04-26 13:50:00+00,39.87022408010062,207.60195947136097,143.6864653875432,2917.3270695763063
2026-04-26 13:51:00+00,36.218894564107885,228.04621927801688,251.56585747713171,2789.5169596640726
2026-04-26 13:52:00+00,40.20326049469755,203.25205498801347,274.6852256765307,2665.5208973127037
2026-04-26 13:53:00+00,43.5606018724998,212.12484785436695,279.0765555604928,2642.423497729388
2026-04-26 13:54:00+00,49.20651757700664,215.3996081256503,259.7634715199618,2620.45963294492
2026-04-26 13:55:00+00,43.31648795903411,225.31465405244865,286.14641264497607,2471.140958782034
2026-04-26 13:56:00+00,33.77060459452848,208.21669343971274,231.3815692772896,2571.2258171712324
2026-04-26 13:57:00+00,32.00594675801494,208.83362780626732,215.25960139990082,2516.1021116943894
2026-04-26 13:58:00+00,31.11234021925941,205.08154595698718,198.2851368521431,2376.2904260791897
2026-04-26 13:59:00+00,38.29724438221964,213.44776889024305,215.45658041044797,2307.908401088264
2026-04-26 14:00:00+00,41.23503003308992,220.57191493019747,229.9086898773666,2308.512051216881
2026-04-26 14:01:00+00,37.77872867756893,235.37899345036277,259.6851910924253,2323.353280618313
2026-04-26 14:02:00+00,34.64784721040749,240.37133920460118,222.65806749370682,2248.8814910823335
2026-04-26 14:03:00+00,42.76919383211099,221.66256768209107,280.38250920445967,2143.8116401948732
2026-04-26 14:04:00+00,38.35704909818053,229.92154902433467,260.1841590657226,2307.6812738439576
2026-04-26 14:05:00+00,42.118131438200244,239.70722659285127,258.38162015767364,2238.01116790052
2026-04-26 14:06:00+00,43.95865198593007,213.47692120041359,282.2287325455061,2327.3431209564037
2026-04-26 14:07:00+00,46.349945111600995,203.42985185295592,288.60158750052096,2397.030962919762
2026-04-26 14:08:00+00,34.300986756632994,208.96572271363485,193.70799390609602,2347.4818460873566
2026-04-26 14:09:00+00,35.38575309963696,223.04426705275162,128.950494711719,2273.564199038406
2026-04-26 14:10:00+00,34.65158662348778,241.92529164329483,118.37346958374653,2262.48590247437
2026-04-26 14:11:00+00,37.460660607279344,221.00354714864156,147.02314826524918,2184.8858113073757
2026-04-26 14:12:00+00,39.63100572887625,211.12626143345602,118.20977032329816,2237.869194909602
2026-04-26 14:13:00+00,42.02195354936272,220.41091119126727,90.31313576510729,2278.670599484438
2026-04-26 14:14:00+00,46.8472407887335,209.28896841750282,50.70321165144748,2265.3736913525554
2026-04-26 14:15:00+00,45.77119450621239,208.1848146751422,39.25553931242691,2334.2454181973617
2026-04-26 14:16:00+00,41.62373064804756,221.95097538383612,116.57687193391483,2108.958389314885
2026-04-26 14:17:00+00,46.602661577209055,207.80293606596183,136.08465129594344,2150.775917778718
2026-04-26 14:18:00+00,39.549134325425605,208.23718138728313,231.76797194859827,2036.521836327266
2026-04-26 14:19:00+00,31.457516471868484,237.61634457327176,237.1802599421345,2073.628598555694
2026-04-26 14:20:00+00,32.10622317344025,239.02703516786272,270.82522046577026,2101.9117633750097
2026-04-26 14:21:00+00,32.02601045946649,222.91603567169716,271.09061141270456,2117.5070123734113
2026-04-26 14:22:00+00,36.52887085199251,225.52175326956316,272.16850051884046,2083.63211806475
2026-04-26 14:23:00+00,35.024468913580435,246.7788243788157,287.1357086306652,2039.5682285187743
2026-04-26 14:24:00+00,42.7321530480771,272.9851941372166,208.4661978994122,2056.4035479518975
2026-04-26 14:25:00+00,41.50726745097608,252.96615152088992,152.19782648053936,2067.054727174268
2026-04-26 14:26:00+00,43.01519376976461,278.5145824874709,146.81328812608353,2051.6650613268707
2026-04-26 14:27:00+00,44.22804019392166,267.3339072245998,194.97651245407096,2034.3796883061943
2026-04-26 14:28:00+00,48.065961829968984,264.57880446759583,263.52821963797766,2006.5573695129513
2026-04-26 14:31:00+00,44.620376237162944,257.6647372471318,275.9963046921749,2089.0732199443582
2026-04-26 14:32:00+00,39.32871747704273,245.51297527822172,261.8217415708133,2289.6956677534977
2026-04-26 14:33:00+00,37.30267859500342,217.77996806085233,263.323181414355,2204.5997003794123
2026-04-26 14:34:00+00,33.9706744087684,242.61750853121455,215.16315197816704,2094.0505683123993
2026-04-26 14:35:00+00,32.23869474187347,249.80592919643902,226.55704551035825,2055.879608707962
2026-04-26 14:36:00+00,34.7630921741328,258.1282779395311,209.02647300307908,2099.821973557327
2026-04-26 14:37:00+00,34.76366681167749,271.5306528739619,212.51513393187116,2308.7507815019444
2026-04-26 14:38:00+00,33.274362770735216,228.41409131669795,209.61819284045177,2282.66337894629
2026-04-26 14:39:00+00,35.009737130614205,221.47786195926454,179.65584395179926,2289.369739094168
2026-04-26 14:40:00+00,32.94783396025098,210.05350155632235,164.94792170962066,2149.5837592816174
2026-04-26 14:41:00+00,36.62980547533193,211.90827901757035,123.21718642080722,2061.6192680612776
2026-04-26 14:42:00+00,33.477761292976346,221.19420147211514,85.46386951690201,2204.080905075008
2026-04-26 14:43:00+00,33.26057456967238,221.5821613975055,60.997330441417226,2226.6816864583557
2026-04-26 14:44:00+00,31.87372835328638,205.6967442075899,143.86687134930563,2232.941429685829
2026-04-26 14:45:00+00,34.17156886831867,218.62399432459267,206.88564546872072,2280.877487609619
2026-04-26 14:47:00+00,33.91515580919222,219.69249304620598,233.03592943877044,2459.325217782371
2026-04-26 14:48:00+00,33.200702819299266,215.19601000308205,230.81307148712222,2491.9246958794715
2026-04-26 14:49:00+00,30.904560193135193,243.80564707676092,241.00518201949757,2555.8625488828698
2026-04-26 14:50:00+00,34.5306070421588,245.90596891531473,242.97509577976234,2438.102242789434
2026-04-26 14:51:00+00,37.857508784445436,221.8839050020873,262.3110611477221,2540.271442580791
2026-04-26 14:52:00+00,42.04106323028711,205.1494002795081,269.32010779078587,2525.2396835710665
2026-04-26 14:53:00+00,41.14752173256465,214.85498445152317,278.1559778355649,2502.404973507823
2026-04-26 14:54:00+00,32.73396115282124,239.9036775324754,174.37168514233363,2339.1763845303267
2026-04-26 14:55:00+00,31.74932586007734,254.63292034851537,146.9967509270829,2423.1058630837038
2026-04-26 14:56:00+00,31.760544099061953,253.3352216516745,221.00583865166058,2485.4606739201463
2026-04-26 14:57:00+00,38.29185206358151,216.21668065307853,197.28089192898406,2468.693779419423
2026-04-26 14:58:00+00,46.46977466112011,228.07533804271762,211.67670354507663,2436.9058163719455
2026-04-26 14:59:00+00,58.77377557750519,245.0624033509713,203.4615278657832,2364.950471082789
2026-04-26 15:00:00+00,57.01144216678657,261.69413357128104,267.97097075353054,2218.2198356702615
2026-04-26 15:01:00+00,46.66797471345253,271.09382641281445,282.8564571107007,2199.353895220946
2026-04-26 15:02:00+00,51.22321923073002,294.1553967327374,283.00097286930776,2245.8543793739495
2026-04-26 15:03:00+00,51.83081838963153,293.0218105072071,216.3610421740921,2182.612755082574
2026-04-26 15:04:00+00,54.04084824827427,284.3229801661666,150.54277523744938,2218.436902202332
2026-04-26 15:05:00+00,54.02638376023408,263.49352986770384,244.449987491722,2222.0723190602566
2026-04-26 15:06:00+00,56.213992876968895,252.58200715845715,265.1442128121159,2148.1294382996393
2026-04-26 15:10:00+00,45.95739805544953,241.4859491555711,236.0918329956544,2128.1927911695493
2026-04-26 15:11:00+00,41.807061655106075,249.8494954562192,155.65356148833743,2073.686459115909
2026-04-26 15:12:00+00,44.31095799743678,252.12062170077888,148.59707774864444,2129.251331648492
2026-04-26 15:13:00+00,41.272430671738256,247.59827589698628,150.63332314407637,2025.2491687127933
2026-04-26 15:14:00+00,41.031739704939696,264.8616690124453,84.61779465487088,2064.273615278605
2026-04-26 15:15:00+00,34.47712204304832,257.9943516367052,85.36082153269477,2070.5336112924297
2026-04-26 15:16:00+00,37.274419442014704,276.2980516937904,76.48261604980243,2046.869472843198
2026-04-26 15:17:00+00,38.66535762768135,288.7916280767337,38.14109448382628,2075.409492698382
2026-04-26 15:18:00+00,39.35907837977837,284.75176697632946,57.20638205500088,2089.163963490888
2026-04-26 15:19:00+00,44.497870361902685,290.2856357420863,13.50072423056788,2049.4238907105823
2026-04-26 15:20:00+00,48.43977646818767,283.5238373458487,88.55088688754947,2097.279462579459
2026-04-26 15:21:00+00,57.13957382818595,273.23320385788,166.7040946617881,2139.0077184428005
2026-04-26 15:22:00+00,53.76978335828254,240.6134152148608,204.14789260203122,2222.11655603576
2026-04-26 15:23:00+00,53.71434664069468,265.58434096307946,215.41860830780567,2230.8964843005165
2026-04-26 15:27:00+00,56.26727618900098,260.6517203360006,168.18008944802,2213.2063944319616
2026-04-26 15:28:00+00,53.33227748711697,255.6477317801755,176.87171344742444,2270.0441484467765
2026-04-26 15:29:00+00,54.54834345348806,217.6508560358129,218.84031524334853,2236.9721559261784
2026-04-26 15:30:00+00,54.005769394421996,229.9081754590795,232.2553355891795,2267.4669834186807
2026-04-26 15:31:00+00,60.62816608381509,242.85108504150594,209.2930833092816,2165.9491779758396
2026-04-26 15:32:00+00,57.24737509251881,219.39341006977097,230.55864417591434,2220.3701874627645
2026-04-26 15:33:00+00,49.65153038573061,214.91989717025024,256.1879601036936,2130.937219007828
2026-04-26 15:34:00+00,47.898903185109475,242.32043997888243,191.93012073509772,2082.3379913014537
2026-04-26 15:35:00+00,57.09803364476478,247.7124682082618,153.6383020369527,2263.3814508382225
2026-04-26 15:36:00+00,66.22628988313885,256.0722415555671,138.1063696342479,2286.326597041026
2026-04-26 15:39:00+00,60.6947996290687,267.27469893944806,131.54791558205827,2239.1731125978913
2026-04-26 15:40:00+00,62.04370176743134,284.71788051508855,142.51216529259025,2167.1052930796573
2026-04-26 15:41:00+00,65.33007072769503,292.9452669787665,194.9071695605227,2045.421394335768
2026-04-26 15:42:00+00,69.4388765396487,290.3494965858544,254.18559885527213,2179.710265078685
2026-04-26 15:43:00+00,67.49189647927346,253.24485041983675,225.3970659944453,2307.418614008155
2026-04-26 15:46:00+00,62.19840330667326,251.51755312225598,212.68903794218608,2433.7470332180114
2026-04-26 15:47:00+00,59.387389679106654,258.6630857153508,265.73284100755944,2416.636410384441
2026-04-26 15:48:00+00,60.855871580376586,269.414025198136,277.79694954963054,2424.9224789081463
2026-04-26 15:49:00+00,60.010631806489016,259.7941411627743,254.82269679964438,2501.488078961781
2026-04-26 15:50:00+00,58.23347549977037,259.43314107150945,291.94147941438473,2571.659996560735
2026-04-26 15:51:00+00,54.43047779859447,231.32895144663624,242.84929097061706,2614.1051036384692
2026-04-26 15:52:00+00,62.2851878560678,230.05797874408702,186.27054483446014,2614.620900890034
2026-04-26 15:53:00+00,58.881887506584775,217.04648742704265,149.93411739700338,2659.824515329002
2026-04-26 15:54:00+00,56.25629402068038,207.94780754270124,209.52214914739824,2768.5509599962147
2026-04-26 15:55:00+00,51.70321252822014,252.21106713169203,264.886302765045,2765.376811677654
2026-04-26 15:56:00+00,46.2095299660511,241.6412605617051,269.56745737335604,2877.5207669179977
2026-04-26 15:57:00+00,42.044248935402024,232.444838955748,267.227264356209,2861.884407073107
2026-04-26 15:58:00+00,40.039216809916525,215.19783811531588,271.1076179097778,2921.8497769526593
2026-04-26 15:59:00+00,38.41282277483254,228.4083853859717,222.61802668998104,2738.541370573518
2026-04-26 16:00:00+00,35.44043453501912,250.2881679940989,267.8302749762092,2755.005897219863
2026-04-26 16:01:00+00,36.373530956644935,253.99325115911188,278.9072215097227,2934.43669541553
2026-04-26 16:02:00+00,35.015428163568735,270.2679153069851,272.06610891172943,2983.75469227215
2026-04-26 16:03:00+00,32.20483660951399,272.9697373279848,241.08964557845493,2888.0754487109925
2026-04-26 16:04:00+00,36.82791492647481,249.45592711986072,210.06158560487432,2760.9239303249324
2026-04-26 16:05:00+00,42.815322810798165,204.06806014007176,183.07330565316337,2690.7943907494973
2026-04-26 16:06:00+00,44.94488257824312,221.05570273652657,233.92152362882396,2545.089893390118
2026-04-26 16:07:00+00,52.335215358333016,227.71010728510444,247.08840969222632,2461.778248941561
2026-04-26 16:08:00+00,62.564023431918606,265.4296154932504,177.66496690843215,2399.5761603154356
2026-04-26 16:09:00+00,65.58028523955272,248.72610817764385,160.11474594940444,2388.1108309255887
2026-04-26 16:10:00+00,72.3135957722766,227.15570652801182,227.6798720325639,2423.1662310163397
2026-04-26 16:11:00+00,77.24193051811494,236.95380700759387,186.9797213703451,2343.132418869952
2026-04-26 16:12:00+00,73.69678205134406,239.28418307276115,112.28701293058852,2305.440628403697
2026-04-26 16:13:00+00,73.5469846437693,239.05127380365627,126.16585470820978,2125.6044319176294
2026-04-26 16:14:00+00,75.73148928365295,227.70523932450496,113.42286869305795,2318.898579399871
2026-04-26 16:15:00+00,74.01549290235603,256.50272282200075,204.6903079015354,2494.8726464340234
2026-04-26 16:16:00+00,65.66961049682176,267.48797506918874,117.72683450845638,2635.9175858486883
2026-04-26 16:17:00+00,66.91595576697468,286.9864568048019,84.84552374414503,2769.026622712622
2026-04-26 16:18:00+00,66.11551332003967,291.12589757177204,66.77446097505035,2774.5024692776115
2026-04-26 16:19:00+00,58.53940016187672,276.8027520709747,22.67334787679929,2803.2075163554246
2026-04-26 16:20:00+00,57.976601556690575,273.4254577863644,12.16046475999432,2818.181388047821
2026-04-26 16:21:00+00,55.0809841686448,253.38537296916599,31.174493973326523,2905.8893351398638
2026-04-26 16:22:00+00,53.38086023778795,245.22241327647288,72.4556030101873,2941.4504728495835
2026-04-26 16:23:00+00,58.15763343029457,252.313582927848,101.29478876587035,2962.9531113743037
2026-04-26 16:24:00+00,61.38356183790295,275.578726781116,23.837936252335115,2875.088278518478
2026-04-26 16:25:00+00,60.946287290511414,275.55559325899924,67.86575277046212,2622.632753885672
2026-04-26 16:26:00+00,69.31527328374452,247.71313327979274,129.5898099000379,2592.8972464598687
2026-04-26 16:27:00+00,66.8190722857801,280.9492356643797,45.45638823461832,2457.7839348731422
2026-04-26 16:28:00+00,64.1747984314208,282.95754356656903,46.58969045907125,2460.6019015945312
2026-04-26 16:29:00+00,59.9819932019782,291.3397887303516,96.2768351708942,2594.972740163026
2026-04-26 16:30:00+00,55.91872164728553,280.90382189073773,116.4201244172029,2616.3168078980507
2026-04-26 16:31:00+00,52.6471652305664,252.9659471074674,83.62195888863968,2655.30057291374
2026-04-26 16:32:00+00,48.62029041918982,237.97360576040148,161.14962304703786,2863.1464212354613
2026-04-26 16:33:00+00,44.325102360685904,251.93046019668736,224.67313832573006,2954.145783655972
2026-04-26 16:34:00+00,33.15270262188594,280.5227241823666,272.0822759545848,2880.5723221134035
2026-04-26 16:35:00+00,32.67437080516839,282.3569269037223,215.14214548106364,2916.0563592102076
2026-04-26 16:36:00+00,37.82193566355486,292.18047734722546,130.66441265434094,2810.174743023352
2026-04-26 16:37:00+00,42.9027371120385,290.5353709415947,167.50976662834682,2596.2036974886028
2026-04-26 16:38:00+00,47.21111461407634,278.20140446612834,221.28366768308206,2630.0835055230536
2026-04-26 16:39:00+00,52.819570040844646,281.57338939675225,241.3129374270959,2754.8592503680707
2026-04-26 16:40:00+00,44.44884502752234,276.37400508348225,254.21733939644767,2817.23897779219
2026-04-26 16:41:00+00,45.76250033373572,264.1447799139091,231.3603755699614,2780.9428123475573
2026-04-26 16:42:00+00,45.397360461180405,256.9906073597494,213.46576277327094,2660.269348439231
2026-04-26 16:43:00+00,50.60647644983901,247.00533907643296,256.0609411418842,2575.0963324089876
2026-04-26 16:44:00+00,61.79616442444746,245.01228289439146,251.43644779871573,2512.5876919509114
2026-04-26 16:45:00+00,63.656433027280755,216.40411558290575,242.39253253814306,2282.244968562661
2026-04-26 16:46:00+00,67.0826465614926,217.91158852362827,251.87475730913215,2341.9196308740616
2026-04-26 16:47:00+00,69.45132032827115,252.78325874137334,229.67043347742379,2440.0564651881928
2026-04-26 16:48:00+00,77.06834519361834,259.58270664429034,275.2732812132999,2579.479578890965
2026-04-26 16:49:00+00,78.04891538270584,255.3320592363444,287.5311030896511,2703.9351583896428
2026-04-26 16:50:00+00,76.1646627415897,247.23952872548088,251.64791547203328,2744.6904370457883
2026-04-26 16:51:00+00,71.59108882466674,239.81063476486162,278.4410340221249,2552.457781040871
2026-04-26 16:52:00+00,68.37107356591893,218.40649966851572,216.03993933180962,2689.1818201623246
2026-04-26 16:53:00+00,67.97835872367712,203.97207365496416,160.12364667608838,2656.81414813504
2026-04-26 16:54:00+00,58.19251587141279,207.1667055417008,196.9207282985313,2711.5994171897805
2026-04-26 16:55:00+00,49.998043756394964,203.8622346903089,201.66056829810714,2746.5005584903934
2026-04-26 16:56:00+00,46.97944869375463,205.31012831421856,255.5480665212484,2839.7624029369313
2026-04-26 16:57:00+00,49.077339607981095,202.47017515738148,199.7731477470667,2937.8832637829278
2026-04-26 16:59:00+00,47.92476198272029,202.93767824759794,220.44655286608872,2940.967854598578
2026-04-26 17:00:00+00,44.25614663917083,212.68511848144513,168.64264588218043,2910.463195653723
2026-04-26 17:01:00+00,47.439623487016696,227.0805262746274,132.91770993469288,2896.298002431921
2026-04-26 17:02:00+00,51.730522464611106,208.01537098680595,108.46793078380375,2909.8806151936606
2026-04-26 17:03:00+00,54.23755536642776,231.12169699674834,76.65997496178423,2844.4957688338895
2026-04-26 17:04:00+00,59.5283809238139,273.5427886609585,25.634204116699365,2858.051161833489
2026-04-26 17:05:00+00,52.39645613507435,282.5591177016876,75.7149381035643,2803.643702922863
2026-04-26 17:06:00+00,58.09108442288324,289.8177248358093,185.1781372729659,2719.4066123275447
2026-04-26 17:07:00+00,55.59219696015353,290.9546207565144,170.80950793896727,2689.4620970007045
2026-04-26 17:08:00+00,48.91284855179703,274.0039266464012,108.67888570998024,2760.2482647884212
2026-04-26 17:09:00+00,50.9663334665832,253.30637605852675,11.718582983482458,2705.8453775021358
2026-04-26 17:10:00+00,55.55030780162487,280.02377622893084,28.7454956082833,2669.097445053484
2026-04-26 17:11:00+00,63.384931708691035,289.89877141889355,66.28772861349191,2563.9251514578796
2026-04-26 17:12:00+00,64.0682768681699,278.3130923160281,164.48464152965522,2648.754237006791
2026-04-26 17:13:00+00,66.94878225426362,281.85778983728216,274.0734764336109,2788.009013028799
2026-04-26 17:14:00+00,76.55692586073353,271.467067840333,258.46614352937314,2851.293680576395
2026-04-26 17:15:00+00,68.57141940456832,218.9687692021578,244.0617156621327,2858.1959847034113
2026-04-26 17:16:00+00,71.00992748545488,219.01430631073072,281.79710297733783,2866.076084643522
2026-04-26 17:17:00+00,72.83346925187035,227.26288245445744,251.31213549524898,2960.8764618147743
2026-04-26 17:18:00+00,76.38675649306018,253.1704099387861,277.7003721562492,2963.4268144987545
2026-04-26 17:19:00+00,75.61899820907745,280.46508891533966,224.9704354196937,2943.699947228975
2026-04-26 17:20:00+00,77.2252862524934,296.89520225563825,268.68605828593365,2940.887716298665
2026-04-26 17:21:00+00,70.22756565105492,264.75033540593444,251.3291048490142,2866.1696164659475
2026-04-26 17:22:00+00,65.03481883779332,281.6195610911962,289.3909990931799,2813.7620103276695
2026-04-26 17:25:00+00,63.60571977690725,298.1509172222984,294.2981798044822,2750.2549914906417
2026-04-26 17:26:00+00,65.3383386483013,290.71173408300825,234.93791715404373,2795.829517336869
2026-04-26 17:27:00+00,66.56515905935076,270.4313372243251,249.89946531760205,2962.6425478553056
2026-04-26 17:28:00+00,61.09275658794929,274.12563978712876,258.0714426964626,2944.5404663246177
2026-04-26 17:29:00+00,55.755169194461715,277.68114913626783,257.0899094516396,2871.4080066257925
2026-04-26 17:30:00+00,51.1244029691409,250.52351939268027,233.0679355150536,2618.8454174485355
2026-04-26 17:31:00+00,51.65805717041541,230.9484727334322,269.822904866987,2510.9284334407157
2026-04-26 17:32:00+00,50.186602751969325,263.55517874538634,234.45302790827446,2627.2553472046707
2026-04-26 17:33:00+00,44.790609045664986,290.55077284987095,246.95730923298947,2656.8525101821447
2026-04-26 17:35:00+00,47.613984192960125,267.44139063370125,260.7240832262764,2813.7019256709227
2026-04-26 17:36:00+00,46.62853809911658,231.60517227721178,270.49765081917155,2801.8914044236803
2026-04-26 17:37:00+00,48.112270792605344,239.4072327656137,245.47472703026693,2734.4025632392622
2026-04-26 17:38:00+00,54.41375687014853,257.76674409177804,128.94826076802363,2820.21585707704
2026-04-26 17:39:00+00,49.075728926230326,230.53320743379476,21.158608984340013,2921.71321277415
2026-04-26 17:40:00+00,46.3216069000181,206.64909175549226,69.8747183160339,2721.8532740915557
2026-04-26 17:41:00+00,45.92233199775424,207.3195865524084,80.21074240069608,2629.9717679765013
2026-04-26 17:42:00+00,46.33340435102363,219.40026925545422,33.667369141037184,2781.9580965677897
2026-04-26 17:43:00+00,47.10598241093489,220.12577045596936,38.17984627750232,2936.159318419179
2026-04-26 17:44:00+00,46.61309219183019,208.88065233140696,66.82482998407384,2904.0404281959627
2026-04-26 17:45:00+00,39.49517172116714,220.49749552484442,154.23164226747036,2853.242962273647
2026-04-26 17:46:00+00,41.75976642925527,211.53847631396678,201.58459695141693,2964.8590515183005
2026-04-26 17:47:00+00,38.423247324265155,212.49593533956846,270.9614154839913,2929.9139791624157
2026-04-26 17:48:00+00,53.498606358058204,220.6213513801095,287.24262162179997,2929.3737891583046
2026-04-26 17:49:00+00,57.70303468582095,272.0547825537454,282.21296042143706,2956.971884201673
2026-04-26 17:50:00+00,54.19054767990689,223.31514546299164,243.2626779102956,2969.54930803115
2026-04-26 17:51:00+00,51.689416848478146,209.78527305741486,261.8799263981255,2954.811334749754
2026-04-26 17:52:00+00,47.29580538562125,212.13975193910332,255.16550121032873,2909.858557213297
2026-04-26 17:53:00+00,45.797978195193856,213.29533949284786,261.91962879327383,2957.0105229522114
2026-04-26 17:54:00+00,42.06279076356962,231.73173752864034,267.8868820426394,2954.381188717625
2026-04-26 17:55:00+00,38.48841117213371,250.92951790208514,262.5742677291786,2793.052746680624
2026-04-26 17:56:00+00,37.56861977517091,229.13704954625754,227.24940376500192,2780.3443066156788
2026-04-26 17:57:00+00,35.098995763914715,238.45374267724856,165.0802751866734,2708.3388367157504
2026-04-26 17:58:00+00,40.47655570430455,235.44354362859352,128.647283092051,2706.519008991497
2026-04-26 17:59:00+00,35.85015705519375,245.70102152797438,120.49926984628765,2756.241066960456
2026-04-26 18:00:00+00,36.09512790528386,233.14871160161272,59.07805191559778,2831.540340354413
2026-04-26 18:01:00+00,38.71946472221681,246.49370146612404,29.753791974153955,2859.352725068445
2026-04-26 18:02:00+00,35.603780533763285,229.7809866183076,12.654486947000379,2781.5836056564035
2026-04-26 18:03:00+00,37.555653218727144,218.13567966401283,90.82901432338286,2624.382178662618
2026-04-26 18:04:00+00,39.23572241950554,206.76190519457188,97.45649898562937,2431.071003600617
2026-04-26 18:05:00+00,35.881909234051015,228.6033838596403,22.82106112087331,2453.058842390148
2026-04-26 18:06:00+00,31.22726392121579,223.95871987008374,25.59736053191311,2506.2872716675847
2026-04-26 18:07:00+00,33.15565221893337,247.961766381673,49.477651777812866,2456.16915367071
2026-04-26 18:08:00+00,34.38878291718113,241.14194860627074,72.40684703405499,2445.6326621176313
2026-04-26 18:09:00+00,31.433920979648317,243.54106083648335,73.1288426976305,2385.0285746657023
2026-04-26 18:10:00+00,31.80474742251824,265.95225302713334,85.83259971300993,2383.411355336665
2026-04-26 18:11:00+00,31.778720908677094,261.581741112839,181.0661686309632,2340.1984634350297
2026-04-26 18:12:00+00,39.66645102587827,295.1780507007187,236.64674832293406,2306.3904224736334
2026-04-26 18:13:00+00,44.85974565249641,280.70060400754727,229.01074971206302,2410.9482405583776
2026-04-26 18:14:00+00,53.731506417554584,251.84161926134783,209.62632001887022,2396.253564562096
2026-04-26 18:15:00+00,61.42404943533486,254.2967552945416,167.9416543569162,2265.9014682613915
2026-04-26 18:16:00+00,51.94970225387302,274.4579509354677,80.79966554020554,2193.7284445191144
2026-04-26 18:17:00+00,54.03958687266789,279.6440293743927,35.52336178342932,2115.099249101883
2026-04-26 18:18:00+00,53.70654866606203,289.8515451243848,16.390765435727182,2095.9748897175236
2026-04-26 18:19:00+00,51.65893923820484,245.63180920899504,44.0614275594751,2199.935595801124
2026-04-26 18:20:00+00,56.03118166385481,278.170612389614,171.52092077529812,2314.421406886774
2026-04-26 18:21:00+00,54.73661042341761,250.8117527965362,222.13070954832088,2379.6630343508705
2026-04-26 18:22:00+00,55.091759841005256,288.23257136470664,269.95574586956167,2512.6188724314616
2026-04-26 18:23:00+00,36.15251833285751,291.1719704785045,220.71770066782943,2474.218380094731
2026-04-26 18:24:00+00,35.241942758940006,290.91930950824724,251.63751733188334,2402.823955178909
2026-04-26 18:25:00+00,33.677414646969524,286.77758906552475,247.51377175855367,2212.4182549571183
2026-04-26 18:26:00+00,33.26109116883963,291.5167232827178,251.0356510570371,2161.3543730479123
2026-04-26 18:27:00+00,39.8811793746878,267.08129782351705,189.12908552034915,2094.085817382047
2026-04-26 18:28:00+00,32.756881846773034,266.31758357920154,155.09292540862404,2205.564642238715
2026-04-26 18:29:00+00,42.09746380961827,275.60073535637343,224.50582471468385,2211.8259116754875
2026-04-26 18:30:00+00,56.01155653512158,288.2370390198173,213.33677361346696,2103.854799061086
2026-04-26 18:31:00+00,60.356798498709,257.01631024372193,167.228543223351,2128.2294986413335
2026-04-26 18:32:00+00,61.24542850814035,252.11120333392498,158.77279161413978,2089.4634124446534
2026-04-26 18:33:00+00,57.00937863026235,253.8702033828646,199.21813407065835,2063.7926655230845
2026-04-26 18:34:00+00,54.935286835702875,235.724319700124,179.57346046445696,2045.2396901382253
2026-04-26 18:35:00+00,49.47489278156763,235.0764823937614,229.9115741124338,2037.1217459995141
2026-04-26 18:36:00+00,53.75317026402034,221.28264125839738,225.19413040799424,2207.162728857428
2026-04-26 18:37:00+00,53.52658584693732,253.0822089314455,225.5502298583875,2302.9915688503706
2026-04-26 18:38:00+00,53.834228094639464,264.3314856997029,198.41496696094336,2334.621042969639
2026-04-26 18:39:00+00,59.804751380355704,259.0971174610571,205.29664937600648,2362.6890823868976
2026-04-26 18:40:00+00,58.518900326503974,259.50175102972105,239.69502596313285,2216.255645602949
2026-04-26 18:41:00+00,49.784245521331655,275.8165271689862,265.51988717966685,2229.9906948451835
2026-04-26 18:45:00+00,52.06218893125619,283.98257946633095,248.40660499369156,2267.6539239903846
2026-04-26 18:46:00+00,52.90701556433841,250.09878190871106,160.36148978499926,2510.01872046391
2026-04-26 18:47:00+00,41.5258055591045,213.44228959982212,127.52394141879194,2734.2513447620217
2026-04-26 18:48:00+00,41.80151389492792,228.06958436177362,146.3207203705511,2782.588523782181
2026-04-26 18:49:00+00,44.79044833719217,252.95046841911682,119.99470947428148,2864.4392058971393
2026-04-26 18:50:00+00,58.6418614075398,240.01943019158483,20.994939111843255,2952.4950109574074
2026-04-26 18:54:00+00,62.55703364509223,280.4966347598854,47.35154854486776,2931.466081709256
2026-04-26 18:55:00+00,65.09265645303984,279.6023381317757,111.55225998453078,2950.1504200034765
2026-04-26 18:56:00+00,68.23768512212413,271.02238603090694,153.13918931286383,2853.4146587099394
2026-04-26 18:57:00+00,71.9943130250715,250.58393164110703,120.67290074189235,2916.479202179679
2026-04-26 18:58:00+00,68.85765224756092,252.26851554586588,171.9430830958627,2930.8308123897596
2026-04-26 18:59:00+00,68.87238573737285,214.03851633954298,182.63744536309247,2928.323310634252
2026-04-26 19:00:00+00,70.59189738747575,208.04549771950644,249.39867742416396,2810.8629355322696
2026-04-26 19:01:00+00,69.59291889172215,221.10388480018744,207.50298813331077,2845.467191866133
2026-04-26 19:02:00+00,66.56319339485125,220.45233263587147,198.29765113883659,2752.758437489372
2026-04-26 19:04:00+00,58.26952258519831,235.6500627001211,186.2026873536229,2899.5763109200707
2026-04-26 19:05:00+00,50.427353853661245,223.06223683027181,95.09041649369773,2855.516125207219
2026-04-26 19:06:00+00,43.09651751388625,213.62398625845404,18.93828907750789,2646.878635521104
2026-04-26 19:07:00+00,44.28128577349781,222.81911248332378,106.20123464773425,2693.45905009163
2026-04-26 19:08:00+00,46.61563079110887,209.42517314650465,118.8099482269538,2815.141022582994
2026-04-26 19:09:00+00,47.63473095445817,233.3757335395525,120.24201290159787,2955.4869680515435
2026-04-26 19:10:00+00,47.58403239156539,218.96644807231002,153.7124587262232,2935.1829323757115
2026-04-26 19:11:00+00,49.89226609931327,235.04622388507775,223.7862105276326,2870.961486547452
2026-04-26 19:12:00+00,57.883942729505584,238.49075389352456,219.9810666349026,2887.1628070259694
2026-04-26 19:15:00+00,53.619902927141474,214.01305355222414,212.85446978234992,2664.310382614186
2026-04-26 19:16:00+00,53.22855949167669,218.07904025203504,191.22479358728324,2584.6366991553696
2026-04-26 19:17:00+00,49.71507329173655,209.98820474041713,254.84253826752266,2622.6811263643235
2026-04-26 19:18:00+00,45.739301717069154,221.26380890703288,271.4656637426303,2691.8721355248776
2026-04-26 19:19:00+00,51.69372560727126,224.6106007912768,278.24311264763685,2709.6333535573826
2026-04-26 19:20:00+00,58.949685995498946,235.8164881781982,218.07203240800993,2584.1983904763024
2026-04-26 19:21:00+00,62.89371073175174,248.52085036646702,262.99902757538763,2567.9769899027897
2026-04-26 19:22:00+00,63.440849466104105,236.6538716476906,249.1089345881873,2782.031582877399
2026-04-26 19:23:00+00,59.416204908026224,214.59543778209246,198.14124019680935,2862.1765438339157
2026-04-26 19:24:00+00,54.38363942094626,205.5242483769618,203.91295900938653,2899.0222322656477
2026-04-26 19:25:00+00,45.97738274676116,222.19475302742822,112.38482274667882,2885.1991735131837
2026-04-26 19:26:00+00,46.21587850374896,253.26264303302943,136.70457217506052,2875.7962532524784
2026-04-26 19:27:00+00,35.747237651903625,251.015035443108,168.7153761715694,2687.888155994815
2026-04-26 19:28:00+00,39.76138970825621,261.2768628482738,80.28693622239221,2397.4081751592244
2026-04-26 19:29:00+00,37.13540656290398,292.21064511113497,102.17454016561987,2193.5257649146592
2026-04-26 19:30:00+00,44.156820751467734,291.6245159077587,106.54251949614927,2099.981929153215
2026-04-26 19:31:00+00,38.3417297549199,292.63645037454484,61.06203496002334,2067.9155273162755
2026-04-26 19:32:00+00,34.343083976879875,265.46502394511634,30.759556549094604,2178.925153365191
2026-04-26 19:33:00+00,38.019349001443196,253.44880788600503,64.81892293513576,2215.317537818744
2026-04-26 19:34:00+00,34.92896729418597,235.17299743180394,65.98923926811473,2232.81254344617
2026-04-26 19:35:00+00,37.79618657755576,224.1934889043957,79.00945029163421,2241.581175426617
2026-04-26 19:36:00+00,36.32814336289262,228.03949820471865,85.36835282144445,2142.047344890617
2026-04-26 19:37:00+00,35.46049118532613,232.62011092325628,80.0057937478807,2228.4546751899743
2026-04-26 19:38:00+00,42.296338219155494,220.2245006347612,233.56057927853087,2315.1911339411477
2026-04-26 19:44:00+00,48.009255304201616,213.11792580452257,276.49243789573075,2286.245938038717
2026-04-26 19:45:00+00,48.33869909664032,205.77189559306996,257.18844265719065,2087.725959889859
2026-04-26 19:46:00+00,49.0083305300741,203.0907034504636,241.34761378914143,2117.534577684369
2026-04-26 19:47:00+00,45.846135682287475,218.51330610634201,236.4770930264212,2083.014595044647
2026-04-26 19:48:00+00,34.46743004192614,250.69561655010597,251.31279498588682,2151.2751040872795
2026-04-26 19:49:00+00,32.9539614335038,259.6188399465183,273.55330048832957,2097.7126918638623
2026-04-26 19:50:00+00,38.356112790887344,252.77102717685042,279.63369090545183,2027.653732497254
2026-04-26 19:51:00+00,43.598245018936574,222.1922133037686,245.0221957522085,2174.4960728451606
2026-04-26 19:52:00+00,33.895606181596094,213.7999001590071,263.997336009432,2363.5971468126268
2026-04-26 19:53:00+00,32.63871704312725,235.10694379947293,244.96406121143852,2428.529050585266
2026-04-26 19:54:00+00,32.57243587992029,218.2092370616489,262.0329790883127,2544.6490412413614
2026-04-26 19:55:00+00,35.144658774024826,207.0725758003517,228.53214613047228,2645.9784905301085
2026-04-26 19:56:00+00,35.731523274811956,204.21783879500816,117.19755356207763,2667.2041644310116
2026-04-26 19:58:00+00,32.0510286585593,211.06952969800977,10.229019792274093,2789.7007068016833
2026-04-26 19:59:00+00,33.84562837474385,242.17951886212492,47.55851640369682,2741.4326301640144
2026-04-26 20:00:00+00,32.6667016744461,247.35451897200267,57.25884388033518,2791.572814128566
2026-04-26 20:01:00+00,31.61581652167663,248.78297690319195,77.08668375837217,2903.9923489610132
2026-04-26 20:02:00+00,36.52782923326486,285.975736720586,158.0897250260703,2812.931795068798
2026-04-26 20:03:00+00,37.82797022784178,272.1974544049747,233.74396135070108,2733.6014881544415
2026-04-26 20:04:00+00,44.84313251890706,247.05172216694092,267.91838758504514,2401.7302344657714
2026-04-26 20:05:00+00,41.92336937997261,248.5867203132204,290.53990706567345,2164.8669393999808
2026-04-26 20:06:00+00,32.264164333950205,231.8267327664517,202.95244926889598,2069.288322920149
2026-04-26 20:07:00+00,30.84688934883666,209.2685073081317,160.20774409334086,2178.269744418302
2026-04-26 20:08:00+00,32.1235242976386,206.65592861552622,115.94040557210342,2335.0216084521803
2026-04-26 20:09:00+00,31.132518668190997,211.62296285969052,118.11899073476212,2388.673365345426
2026-04-26 20:10:00+00,32.87202102879687,210.28823012793418,110.27260392970076,2451.5307051425584
2026-04-26 20:11:00+00,35.26880109267547,240.5648408284503,79.37030405550063,2538.752776040352
2026-04-26 20:12:00+00,42.47005111834273,227.55771623872144,119.6110932819223,2593.0561804112886
2026-04-26 20:13:00+00,52.43408259329779,225.53745453195478,219.8241788563328,2620.3801747256916
2026-04-26 20:14:00+00,58.26324542505394,260.9088968372338,227.4912303210768,2618.778946330053
2026-04-26 20:15:00+00,55.4585992233715,250.45736586674067,146.5182594659512,2488.778477585711
2026-04-26 20:16:00+00,57.73901530340041,241.62499537694566,81.58518397133388,2249.1646843260487
2026-04-26 20:17:00+00,53.57452866390593,237.39793149328844,54.733460440336884,2217.9306119956045
2026-04-26 20:18:00+00,58.42403421238454,252.39457968092736,28.86686662141849,2119.1540307496016
2026-04-26 20:19:00+00,68.57824927536193,266.513296059702,44.538723520032164,2143.4030388337083
2026-04-26 20:20:00+00,65.19508836712514,254.88242735428528,51.60931779206045,2140.986122542973
2026-04-26 20:21:00+00,66.56652578033395,279.5613452112678,83.76888444617244,2269.2259964379027
2026-04-26 20:22:00+00,75.63846239657356,285.0928235371356,95.43270975059202,2331.241801075815
2026-04-26 20:23:00+00,77.55813957101108,244.86861801556822,41.748461685138885,2395.9433252476283
2026-04-26 20:24:00+00,77.03475769320872,257.03657844967717,33.155984568121475,2542.1378860706154
2026-04-26 20:25:00+00,70.8911082619286,292.78990171190003,96.8430205297712,2485.7356356843443
2026-04-26 20:26:00+00,64.95219850203571,286.30586606345236,56.16884820924556,2475.1795624932897
2026-04-26 20:27:00+00,60.40211488479189,279.4401798491646,30.848111421795164,2435.3516111682666
2026-04-26 20:28:00+00,56.50489545180605,276.77222284653374,10.567526373850082,2576.5605641880206
2026-04-26 20:29:00+00,53.034124886343534,294.67664226439257,71.54256669544496,2527.1312259706756
2026-04-26 20:30:00+00,55.46041343226513,288.2325019384298,112.96739852705429,2205.9666722547513
2026-04-26 20:31:00+00,62.94040827681948,266.3643798087592,93.6111840383111,2347.8338100859955
2026-04-26 20:32:00+00,56.596734661411716,252.83954353543564,132.04554881609883,2343.1680513380957
2026-04-26 20:33:00+00,47.54987837753435,242.02223587377458,115.7587590837427,2470.039543842784
2026-04-26 20:34:00+00,42.13575932629924,246.9511563471583,122.76090575025562,2548.825238965912
2026-04-26 20:35:00+00,38.89752886298255,239.66320207970648,126.02584045774285,2555.5028630685
2026-04-26 20:36:00+00,36.644553178691304,211.6985372279665,203.1679017909809,2401.1380193299133
2026-04-26 20:37:00+00,39.34282358171738,208.15260958751023,205.05835932468952,2174.008776030726
2026-04-26 20:38:00+00,34.350276111504314,206.26114054363867,197.3519393005276,2063.099412090537
2026-04-26 20:39:00+00,33.95923867332578,214.97820288738242,179.06113771527427,2152.0755728614386
2026-04-26 20:40:00+00,33.745092486071364,248.40276570885143,133.92768935812,2131.1414169471946
2026-04-26 20:41:00+00,31.85570688544831,263.8480875463557,46.516407191724475,2189.713680074145
2026-04-26 20:42:00+00,33.00571043251599,239.263655016601,121.68638711249596,2265.307770197446
2026-04-26 20:43:00+00,31.15566836635443,217.89159261661467,114.2216077867432,2209.5917746264595
2026-04-26 20:44:00+00,32.98894214304897,208.08781390419065,98.11581280349735,2363.494049381686
2026-04-26 20:45:00+00,31.810968137950542,227.45883597397528,64.40853752071276,2401.6467252743882
2026-04-26 20:46:00+00,32.38457110135033,239.7689951623186,80.56160074400073,2430.3311233643963
2026-04-26 20:47:00+00,32.003092525773155,218.60254820998838,93.34116462794005,2534.0014852670097
2026-04-26 20:48:00+00,32.39104766416637,236.19533035885757,173.2930898110911,2595.9432237928763
2026-04-26 20:49:00+00,38.23999794396459,258.8997395592979,130.42342192253605,2489.9509589381005
2026-04-26 20:50:00+00,40.776231793898674,289.5605477568697,160.66644592319003,2311.959508204969
2026-04-26 20:51:00+00,42.14467687365971,276.83232252185627,93.90892979483323,2251.601253885159
2026-04-26 20:52:00+00,34.894303345146874,250.15970208564153,22.170968986417616,2200.5243438836205
2026-04-26 20:53:00+00,33.252336754730045,277.24908385951704,123.03701712454566,2265.2151472407527
2026-04-26 20:54:00+00,32.895037725955945,267.76199024488517,52.39514186794108,2087.115154276838
2026-04-26 20:55:00+00,39.05245096457307,277.02935133938195,14.67859856956575,2028.6980357030434
2026-04-26 20:56:00+00,45.616689287978225,258.58264030040175,105.52915351395417,2049.7403771741456
2026-04-26 20:57:00+00,51.39390135856776,285.15760876415754,194.2212813327877,2027.2835306904628
2026-04-26 20:58:00+00,56.91780426843648,293.95685224530956,176.47550988692865,2086.918542307933
2026-04-26 20:59:00+00,53.378869001553205,240.6434911606422,157.21970295674103,2053.9172661741136
2026-04-26 21:00:00+00,46.56743137216057,206.0894932663748,159.39763956952385,2072.3313576156274
2026-04-26 21:01:00+00,41.76557259736829,215.63448629324049,91.32374147651667,2058.099342078086
2026-04-26 21:02:00+00,40.570084619592805,231.75407715016934,82.202717612512,2094.498621794366
2026-04-26 21:03:00+00,34.63923689730445,254.77251997905674,69.98160678711682,2044.9405635273229
2026-04-26 21:04:00+00,31.138815490035842,245.08754254646007,150.53587415260037,2067.157452957398
2026-04-26 21:05:00+00,32.657406562205125,235.8661137604596,201.82173883022585,2187.725620889279
2026-04-26 21:06:00+00,34.174432255402685,209.63000169422483,243.4564031295617,2190.2075000824016
2026-04-26 21:10:00+00,32.03436142688173,208.30130936451462,161.29697438935145,2213.6794942708198
2026-04-26 21:11:00+00,32.74958385195483,208.8616028651275,132.98387673515347,2331.19385289511
2026-04-26 21:12:00+00,33.00263211920079,228.09782916017184,231.27310497853884,2483.1771432082346
2026-04-26 21:13:00+00,38.43460251985727,287.9949264303874,164.3240230732087,2538.286864762181
2026-04-26 21:14:00+00,39.499235089622466,295.1070737948735,199.01635143530837,2554.3018670865927
2026-04-26 21:15:00+00,38.657935296599106,293.3034908131665,207.6634948196043,2588.7046059006157
2026-04-26 21:16:00+00,46.8292685886373,291.0229136024188,142.75770516796214,2482.6803563203366
2026-04-26 21:17:00+00,60.08921328679945,290.3910960181587,110.07742509885452,2496.040518561054
2026-04-26 21:18:00+00,61.5847540242381,286.9451252025791,121.42593553044779,2426.417043306112
2026-04-26 21:19:00+00,69.29346363316012,286.81138790862525,173.0012030527103,2334.8528378448264
2026-04-26 21:20:00+00,66.99865613756896,287.7287430883976,275.3752401175593,2387.5375802440035
2026-04-26 21:21:00+00,70.60517133916571,291.25605407125676,275.6578415325541,2247.251842447468
2026-04-26 21:22:00+00,70.33001999796873,291.1069438563951,183.49999542158994,2152.1362004619205
2026-04-26 21:23:00+00,66.49759965944259,269.1141625980954,121.83173710214102,2257.4233941671855
2026-04-26 21:24:00+00,72.00433419724006,236.3454286546985,152.60764400425845,2354.282700342534
2026-04-26 21:25:00+00,71.8247091028488,219.1138282629679,200.9510800020877,2270.8681224011784
2026-04-26 21:26:00+00,69.76711967985473,214.76714937862752,183.80756669696876,2193.201258997783
2026-04-26 21:28:00+00,71.02923303626517,210.78214702165175,191.03784340547543,2176.1948115875443
2026-04-26 21:29:00+00,77.84248521054892,211.69221718169555,106.60201191932109,2185.77978508376
2026-04-26 21:30:00+00,71.61037674657656,227.97195591097122,88.88309373083172,2347.061862543175
2026-04-26 21:31:00+00,62.485102004020334,235.96510400232745,175.12097694284597,2224.9460165262085
2026-04-26 21:32:00+00,62.333297871462136,251.08816367583256,272.62335616047335,2120.6757656517966
2026-04-26 21:33:00+00,63.260699783278675,253.19698049301016,239.42379259064154,2063.701932700002
2026-04-26 21:34:00+00,57.965373028826306,240.66530621551433,239.25815355678893,2068.3065441405465
2026-04-26 21:38:00+00,54.45885855973691,217.19402469540998,236.53893117307803,2046.7437961721766
2026-04-26 21:39:00+00,57.00489119837659,247.2968898806284,193.03439468908132,2151.9018293418194
2026-04-26 21:40:00+00,58.367733451060275,274.737503323258,243.43482402464267,2189.7163268536397
2026-04-26 21:41:00+00,52.91743242118495,292.833597436208,185.52443919817273,2207.0401138011193
2026-04-26 21:42:00+00,48.9773250940232,294.4498865143639,121.9454471117832,2301.672246776409
2026-04-26 21:43:00+00,47.77672844647236,293.69101212028875,67.27224495684501,2464.757894742713
2026-04-26 21:44:00+00,41.819060115002095,291.4552632234847,29.16401114843717,2738.3276289923047
2026-04-26 21:45:00+00,49.841048406571986,268.73005927084665,32.75501802329672,2874.177467672066
2026-04-26 21:46:00+00,50.80146002636992,263.0490914331161,92.7508259590602,2951.7830206730646
2026-04-26 21:47:00+00,53.777296839410575,285.136018714746,95.82250085942479,2912.8989895235795
2026-04-26 21:48:00+00,44.48551773019099,269.01409379148134,20.599248166620313,2626.209409782749
2026-04-26 21:49:00+00,43.40683653452626,258.44441686751384,7.4639137506042035,2583.0372495545225
2026-04-26 21:50:00+00,48.65523162939633,266.5212779727031,54.042292888683626,2554.8791923206672
2026-04-26 21:51:00+00,46.49147776144834,279.5415295405957,29.750259435502596,2697.1811022740962
2026-04-26 21:52:00+00,61.5592544664527,290.09965881971374,78.65622298249505,2734.620818506524
2026-04-26 21:53:00+00,61.823518215046185,272.7267031862733,72.76504761094708,2747.6355926401284
2026-04-26 21:54:00+00,64.18162687834786,292.30540900924626,156.6979092618844,2632.036570995976
2026-04-26 21:55:00+00,75.22750270982506,279.4806891589716,152.85765040983532,2433.305436087119
2026-04-26 21:59:00+00,78.83408593123401,256.19206938832866,97.86221369772201,2413.4934674872607
2026-04-26 22:00:00+00,77.92468669746462,235.97224997687823,111.66630972896552,2387.186488526455
2026-04-26 22:02:00+00,75.03322825079078,271.50813280203835,38.066625759957965,2532.8639428010815
2026-04-26 22:03:00+00,78.6025462899315,287.42344986910774,18.119212070657397,2706.3474485277175
2026-04-26 22:04:00+00,75.01196166564893,273.1357505489902,59.71966565439835,2929.027613047611
2026-04-26 22:05:00+00,74.82932992685213,238.72045100243952,15.398360865920024,2909.299988029731
2026-04-26 22:06:00+00,75.13155454780825,205.62474969254012,20.56996874286612,2922.6313698880967
2026-04-26 22:07:00+00,76.84055457379186,213.68315111704428,71.96639996494845,2982.5337560852936
2026-04-26 22:08:00+00,74.55115902724069,216.54480078538953,131.94555073049875,2958.126402451877
2026-04-26 22:09:00+00,75.57884349085393,228.60153205991404,107.18406363776741,2942.4313864243277
2026-04-26 22:10:00+00,77.91106811310654,224.43086174278307,35.72665254509122,2975.3701990537265
2026-04-26 22:11:00+00,77.78175306007405,236.4734169233907,88.33963706809463,2955.5452434734143
2026-04-26 22:12:00+00,77.92989875361042,232.96459124063526,81.44818187571383,2913.9988086863723
2026-04-26 22:13:00+00,72.61759080113136,218.8449617981072,90.81207133466813,2928.180060464168
2026-04-26 22:14:00+00,71.2319328223162,214.5754921744093,68.09702455715563,2914.8481235643308
2026-04-26 22:15:00+00,74.30390288817117,211.19889978035545,40.37937962188358,2934.513903647899
2026-04-26 22:16:00+00,75.02884940579911,217.36509388670896,87.87412091922165,2943.6106443435783
2026-04-26 22:17:00+00,76.71606329992024,222.88313154499122,24.307931905882597,2929.3125638991432
2026-04-26 22:18:00+00,78.10281546453001,263.74895197283223,52.072855787275465,2958.2515621135485
2026-04-26 22:19:00+00,77.37016917309217,289.7770484080529,68.4194126309129,2944.1815421639362
2026-04-26 22:20:00+00,74.1298876593247,252.9040074976505,70.95325044997072,2975.897296507762
2026-04-26 22:21:00+00,74.84776494846297,248.65434867652831,69.62202009900598,2768.2061073612126
2026-04-26 22:22:00+00,76.47391986638152,252.15170037962028,21.852979535931603,2785.4392460396753
2026-04-26 22:23:00+00,78.22276602459813,263.6005546240474,28.092534112297606,2728.2628669964824
2026-04-26 22:24:00+00,77.65125575219187,280.9206884995554,82.68505214394685,2559.6892484448686
2026-04-26 22:25:00+00,76.48402380466773,289.0379360385451,95.09331769603818,2416.7654571414682
2026-04-26 22:26:00+00,76.15865888236725,288.52679393442764,90.47887955747574,2382.9534694942704
2026-04-26 22:27:00+00,70.34045146659822,275.2298147299143,112.26439258633114,2505.354495254667
2026-04-26 22:28:00+00,69.63413471395636,282.45740392944475,149.33084341899607,2545.880254392363
2026-04-26 22:29:00+00,71.65204766161726,275.4871504741069,140.64731212037174,2567.652755267413
2026-04-26 22:30:00+00,73.50100982184993,264.00211042774407,159.58329638869918,2517.4348044589137
2026-04-26 22:31:00+00,72.76709599760518,281.9795857342607,231.23155211034472,2557.81551821944
2026-04-26 22:32:00+00,73.47274156748881,262.55473087578963,263.5799742507007,2623.694822867299
2026-04-26 22:33:00+00,70.8294839389903,287.62108529409335,252.50624334867695,2571.9154704237694
2026-04-26 22:34:00+00,77.88732484897626,290.979741445515,271.93778469399143,2421.9094860167193
2026-04-26 22:35:00+00,70.59890763299758,290.66000177638267,268.377778704375,2460.528281541138
2026-04-26 22:36:00+00,68.68510127178675,288.73708646578496,218.79077876060256,2218.1073229014232
2026-04-26 22:37:00+00,66.9896642973824,256.58204038860447,186.05372909593214,2197.897674081439
2026-04-26 22:38:00+00,68.67253099695846,260.34921022537605,135.51876457061755,2055.260628255086
2026-04-26 22:40:00+00,64.15344726411328,269.16759557337315,89.62942201646865,2043.0598366997272
2026-04-26 22:41:00+00,54.20687042300086,252.36923240223624,66.87991214500728,2104.7727491119667
2026-04-26 22:42:00+00,41.4491483182694,213.31456894607072,36.305170249805855,2206.6147267979986
2026-04-26 22:43:00+00,37.33609443279577,263.28728029559784,26.078908759234757,2247.3379606374597
2026-04-26 22:44:00+00,34.559061622140014,290.8057714237773,42.93664388144458,2264.4579496652045
2026-04-26 22:45:00+00,37.654217579607206,278.38901914481573,137.227852627314,2414.570559844366
2026-04-26 22:46:00+00,40.97702541420133,267.7277659588198,148.23959853377366,2241.348004831943
2026-04-26 22:47:00+00,38.478881593720075,291.68774412857215,85.20428719835932,2151.074702865084
2026-04-26 22:48:00+00,40.56316180034671,279.15288631467376,156.32210410011606,2196.5155396513373
2026-04-26 22:49:00+00,43.63698754245765,285.0015396414774,233.86365314126863,2278.147669778388
2026-04-26 22:50:00+00,46.03788722475032,283.20117340235413,275.1606687900268,2324.6352861874525
2026-04-26 22:51:00+00,49.38129472737111,260.1110991057242,251.8410031303896,2436.6236393359136
2026-04-26 22:52:00+00,50.610852660370284,225.31683033262578,265.60140270040904,2699.7398513403487
2026-04-26 22:53:00+00,51.458287694055926,212.84485298094603,267.2274649141938,2830.789039746021
2026-04-26 22:54:00+00,47.05079248398913,223.47075175937678,254.01584217931702,2671.8470024956896
2026-04-26 22:55:00+00,54.5308342359765,209.45762421103686,211.06157594125457,2796.9649419243237
2026-04-26 22:56:00+00,48.88332692121183,204.4361368490585,148.59229237083616,2706.1860477020114
2026-04-26 22:57:00+00,42.392697406760796,207.97675048947812,112.1124568551601,2647.389674757398
2026-04-26 22:58:00+00,44.58792119854466,211.48618182519024,126.49075076167523,2439.7478943260166
2026-04-26 22:59:00+00,51.446659795048,213.74956617830756,93.28066276351734,2419.0127192763334
2026-04-26 23:00:00+00,50.287728236879055,207.88597979211264,114.73439002752238,2434.9791655188433
2026-04-26 23:01:00+00,52.84603429191456,204.11988020566145,99.36149139280265,2256.0617152679133
2026-04-26 23:02:00+00,54.53035446982127,224.07070393862344,12.167412467757512,2031.2573132375053
2026-04-26 23:03:00+00,53.469108488701686,206.2785677136514,43.645514895373566,2068.145523070102
2026-04-26 23:04:00+00,47.56203073629631,206.1068097438968,49.133304002000294,2099.569059471457
2026-04-26 23:05:00+00,35.44016683875538,257.1060935915807,46.51500211120813,2032.5275832871478
2026-04-26 23:06:00+00,31.304898343231812,272.60756153465104,54.66521926106602,2043.2986227762983
2026-04-26 23:07:00+00,33.212619496250205,280.7069971604581,17.233639947014556,2084.110752128489
2026-04-26 23:08:00+00,38.94599392662772,286.82723139998717,18.8288177462561,2079.823133594198
2026-04-26 23:09:00+00,49.094497095987016,269.1919587968626,56.4752062225654,2126.3142653704617
2026-04-26 23:10:00+00,62.352960391205336,294.58178027557756,39.751957060026186,2058.7616314171755
2026-04-26 23:11:00+00,58.02247901969813,281.3684057034528,12.911620603999468,2268.152327774718
2026-04-26 23:12:00+00,55.90069760772048,284.051301046476,46.42037982047729,2493.9864967204912
2026-04-26 23:13:00+00,45.28577883135674,280.0118952947475,105.12335580043819,2489.6082308081773
2026-04-26 23:14:00+00,47.0902198662952,289.791345852709,108.33282782228125,2489.372640617229
2026-04-26 23:15:00+00,39.42363404141675,271.4078118214171,113.42211046197993,2345.554713900599
2026-04-26 23:16:00+00,40.48040726119089,266.86069533528274,93.28374657384435,2468.0032199290595
2026-04-26 23:17:00+00,43.76304498262219,254.4348458635685,85.82024941535865,2370.674602851174
2026-04-26 23:18:00+00,48.49745314315635,285.0785519322274,60.61731777021792,2246.01105455155
2026-04-26 23:21:00+00,50.25173285353486,296.3491099561993,75.34778087542651,2187.9353657223865
2026-04-26 23:22:00+00,53.013717225253714,292.4167161067014,153.5075630737513,2145.7299286672587
2026-04-26 23:23:00+00,59.44651219672068,270.9580645820314,256.7732797298199,2149.1317552202186
2026-04-26 23:24:00+00,64.06171733410018,249.70362890789406,203.6497366206553,2257.297482639837
2026-04-26 23:25:00+00,71.63781917050284,232.30926057789776,180.15043446374042,2123.825181472595
2026-04-26 23:26:00+00,67.99246822461133,226.114925528548,207.9135055676269,2144.574240834782
2026-04-26 23:27:00+00,62.59592836340072,217.79184421946604,174.6608155537598,2239.4734707695984
2026-04-26 23:28:00+00,63.480298031989,238.0554833088805,142.25670252367732,2400.622541443997
2026-04-26 23:29:00+00,57.3659366209348,267.5766486621643,140.07259500382867,2317.7737167077
2026-04-26 23:30:00+00,53.684325237295994,294.29181354379,145.96545960425968,2250.974387357938
2026-04-26 23:33:00+00,52.362374556117594,277.94863815063127,181.30982748585842,2264.3764531623374
2026-04-26 23:34:00+00,45.62674835166642,281.6445966337628,184.41799175756205,2321.21755036103
2026-04-26 23:35:00+00,35.394551002507455,292.1840954751624,247.2364222171595,2239.3961981158386
2026-04-26 23:36:00+00,33.98647303952537,257.71510734499964,284.59124698401945,2199.596359119256
2026-04-26 23:37:00+00,40.88386739132259,243.39255943925352,258.27204583220885,2126.2394413362304
2026-04-26 23:38:00+00,44.460715711485314,223.65830485560707,211.84930004986347,2240.894388616337
2026-04-26 23:45:00+00,35.9083027328796,228.17807004549476,222.97778642361956,2342.621120748322
2026-04-26 23:46:00+00,34.24497724459283,249.7657818692813,141.87159441315404,2342.356292378543
2026-04-26 23:47:00+00,34.5974397595232,266.9983592899955,198.36793063702723,2382.6788382980567
2026-04-26 23:48:00+00,34.14680989893601,259.7142429679665,165.48858904581547,2420.8417477688104
2026-04-26 23:49:00+00,35.31793725833522,251.49660497295915,165.50090732442956,2383.538262129347
2026-04-26 23:50:00+00,34.39350194383634,268.5750457316048,187.52368170747528,2419.919291449529
2026-04-26 23:51:00+00,37.1752525136554,282.6680083070258,197.86815529146673,2358.798633720576
2026-04-26 23:52:00+00,41.60848965229905,294.1524686698444,229.5171219273469,2435.224950416322
2026-04-26 23:53:00+00,39.841230887463006,277.31929728679273,235.51386750115844,2435.0815425869428
2026-04-26 23:54:00+00,38.36686738683212,255.4920350159615,216.03246119462227,2615.44902394173
2026-04-26 23:55:00+00,35.5279795148017,291.616438475548,133.72498903542416,2450.7784169497872
2026-04-26 23:56:00+00,32.680250277760315,278.0217762408764,240.05855152908148,2622.3390099890717
2026-04-26 23:57:00+00,32.566516259378716,266.8472911839466,271.3426978747651,2435.664170515096
2026-04-26 23:58:00+00,34.22393823398268,275.5610192486794,231.1937827831617,2636.744093874277
2026-04-26 23:59:00+00,37.29591577806892,283.97943825355264,272.977888096562,2600.0049337975365
2026-04-27 00:00:00+00,37.64373152512946,263.79909537821146,282.58991502378234,2515.744169182371
2026-04-27 00:01:00+00,39.357863404310116,251.13058722614758,262.6231189614139,2366.7977315889007
2026-04-27 00:02:00+00,32.81375090793015,234.78898508701502,175.03711753375163,2313.3735158612108
2026-04-27 00:03:00+00,35.750569007199715,217.4012460990736,88.45353563971278,2369.8347360521743
2026-04-27 00:04:00+00,40.90139051152983,247.4700075370092,112.04062807184363,2398.1027305250154
2026-04-27 00:05:00+00,43.762470106310346,232.12606893758172,146.3918286058933,2223.572063032495
2026-04-27 00:06:00+00,35.72860410025197,252.71104180713272,174.6057982761918,2035.0769663718625
2026-04-27 00:07:00+00,41.56867572914893,271.1148139912573,215.9313403968499,2116.993342736903
2026-04-27 00:08:00+00,40.581615144469396,269.7599044797533,252.9843313536426,2214.4242396438826
2026-04-27 00:09:00+00,38.29130120927145,240.9216770707612,196.64414380989703,2248.010303158454
2026-04-27 00:10:00+00,44.32370659914856,272.2985780550934,71.14669154075594,2148.0913283379955
2026-04-27 00:11:00+00,48.92911895310784,264.76610325719724,4.628241136929649,2161.0533887082097
2026-04-27 00:12:00+00,44.14921305207687,275.27520640467196,18.773462873689127,2144.2714372934925
2026-04-27 00:13:00+00,46.942468362039996,255.81807990132856,15.138278742534695,2160.2068974556605
2026-04-27 00:14:00+00,41.93028519206268,215.09136453615238,28.8587657645228,2359.211802489915
2026-04-27 00:15:00+00,37.4798190750371,222.41343975418627,23.020953433747607,2494.5897199621386
2026-04-27 00:16:00+00,35.40752919655966,242.77713067562192,16.03550834646317,2628.983849292288
2026-04-27 00:17:00+00,39.02997697414018,240.15372137212788,46.15451303759483,2821.710304699134
2026-04-27 00:18:00+00,45.65421293204569,224.4549158326434,33.19609495614967,2909.6775678279846
2026-04-27 00:19:00+00,48.121961134342264,235.48581044357297,32.29025236562605,2906.541754373497
2026-04-27 00:20:00+00,50.49289271111592,259.632407521959,18.213284035009202,2948.674420858915
2026-04-27 00:25:00+00,50.026097850308595,253.09941500351778,18.4477179702853,2981.0817444511727
2026-04-27 00:26:00+00,56.889121096852634,251.81028606865848,65.75647826779179,2843.090405447633
2026-04-27 00:27:00+00,58.30559392922296,253.95668147842144,153.34955318487528,2653.3501129851034
2026-04-27 00:28:00+00,44.87969679922136,250.3144961119803,157.60242070982798,2599.801789118436
2026-04-27 00:29:00+00,39.12643942945512,218.50774099437518,90.39764307591076,2810.73897519521
2026-04-27 00:30:00+00,36.718201788471816,207.94541124591967,85.80958330126809,2919.5113356101024
2026-04-27 00:31:00+00,43.60530923470014,213.47770306200002,42.85339209646216,2744.47642375088
2026-04-27 00:32:00+00,51.459400969607195,213.97847897322086,124.360468718694,2624.497249565093
2026-04-27 00:33:00+00,56.428484221478264,212.31010323888617,172.47060742449978,2515.816631803676
2026-04-27 00:34:00+00,49.440411575794904,207.3975460792948,246.0383440756206,2369.2745338946106
2026-04-27 00:35:00+00,48.102355510585866,203.7780319522908,242.54137319616152,2244.1013956399192
2026-04-27 00:36:00+00,53.29706832681606,223.5957111774631,187.15110198898915,2226.903283765687
2026-04-27 00:37:00+00,54.634832362353244,237.09273932036027,190.0424067236077,2052.0777702870614
2026-04-27 00:38:00+00,51.805753601379344,224.92204934907846,228.57081831099262,2033.825258322908
2026-04-27 00:43:00+00,54.86162042489553,232.28717399947175,173.44918351001033,2056.5006385273427
2026-04-27 00:44:00+00,56.564315922810025,209.31191976681086,187.4556326491519,2020.9762867628574
2026-04-27 00:45:00+00,51.22828329898329,224.31034809400262,149.97452851723344,2040.2654208131528
2026-04-27 00:46:00+00,54.07946191961272,221.34054317973508,83.29999637431479,2054.882823949544
2026-04-27 00:47:00+00,53.92163642049008,211.93337822942968,27.624045656053603,2267.688254053178
2026-04-27 00:48:00+00,61.8935712879447,208.71693472711232,74.26506582659903,2311.4450029175932
2026-04-27 00:49:00+00,56.95172781089329,241.9671805401113,29.818156299444812,2240.1122994898737
2026-04-27 00:50:00+00,60.62050619860593,260.7700770387404,24.750069967829226,2126.9543464609724
2026-04-27 00:51:00+00,54.700975378605804,276.04028284363363,65.23243705949385,2128.2100114370633
2026-04-27 00:52:00+00,51.81860035979894,274.8368288097244,74.30948204245452,2234.1701022126995
2026-04-27 00:53:00+00,39.01314711148155,286.76936867147276,108.64308837790225,2175.8744072642507
2026-04-27 00:54:00+00,37.44225051495801,288.6448819728066,144.8397909692508,2082.6725814958
2026-04-27 00:55:00+00,38.17114768689079,274.8204454513604,170.21017221748463,2044.3582764929647
2026-04-27 00:56:00+00,39.08520030693536,246.97741620916122,127.22808042138938,2047.321909292612
2026-04-27 00:57:00+00,41.97876777471129,210.9103329857699,40.240283595302486,2042.797602799018
2026-04-27 00:58:00+00,39.53187518070228,230.15446547155477,67.65276152178163,2067.760216154673
2026-04-27 00:59:00+00,40.053637726167395,217.96863436678876,86.92432840648205,2223.4417024937643
2026-04-27 01:00:00+00,37.2558431056192,227.9873027341168,15.577706711865577,2121.9767844907483
2026-04-27 01:01:00+00,38.979631107725915,234.82465264329366,16.289423246878872,2168.579826514656
2026-04-27 01:02:00+00,38.446370331561965,273.2603752667583,10.96473094264852,2223.5166973535142
2026-04-27 01:03:00+00,44.1609354942927,291.69234919214324,75.82538078992103,2186.913153931048
2026-04-27 01:04:00+00,35.721720780384416,288.9126263463727,157.12316383005458,2251.1512996406746
2026-04-27 01:05:00+00,33.41130860239724,263.6788898964723,103.44260609310659,2196.182705419965
2026-04-27 01:06:00+00,35.6661564664818,259.8854501960025,131.33935306361593,2268.8609284680488
2026-04-27 01:08:00+00,39.3325421919984,278.1569172581836,106.42215659147325,2358.7626942452375
2026-04-27 01:09:00+00,35.47127738964712,248.12997882288727,81.16112159005476,2350.3205464240214
2026-04-27 01:10:00+00,33.47678267861958,259.51926155775556,125.75293572384089,2442.649673885425
2026-04-27 01:11:00+00,31.297514975149777,292.9694543253325,79.2377150171597,2526.0343501033717
2026-04-27 01:12:00+00,33.307779606562626,293.155556714965,27.251837907870314,2527.8876453131393
2026-04-27 01:13:00+00,37.60786074364319,283.74313355792515,61.51220873679524,2633.6544026107854
2026-04-27 01:14:00+00,41.586800654922584,283.9507948630557,130.37360169517063,2599.534408193613
2026-04-27 01:15:00+00,44.927421803428494,291.7447399150106,66.19156035603031,2589.2528577085004
2026-04-27 01:16:00+00,45.60523389631225,293.72553246919256,83.90255675511905,2510.2803147307995
2026-04-27 01:17:00+00,50.70089491437509,284.2763386235342,97.04482885143557,2338.8476290079966
2026-04-27 01:18:00+00,51.1064610807376,276.68365862185857,59.07521863336756,2385.237750381682
2026-04-27 01:19:00+00,49.69902695913137,250.50489724306468,65.43624435589837,2472.9433996768225
2026-04-27 01:20:00+00,44.132534591665355,268.75316433179296,159.300167987967,2456.5550469408645
2026-04-27 01:21:00+00,42.33069187531124,294.79397107701413,162.07376362584455,2343.294613019273
2026-04-27 01:22:00+00,44.70195378032936,285.5494560348663,173.21468292135813,2368.9241167428295
2026-04-27 01:25:00+00,47.19709521170279,290.5163434501299,151.72862736838627,2414.588197803775
2026-04-27 01:26:00+00,44.946429164561856,285.6737580829413,198.6097046813865,2435.235843544075
2026-04-27 01:27:00+00,48.50659303101809,291.66736466615356,288.53979585681515,2478.904547553539
2026-04-27 01:28:00+00,38.20201714315173,275.08062771228396,268.99958671738904,2442.5784584228113
2026-04-27 01:29:00+00,38.33015795024627,268.7792967306021,224.9660422510828,2398.6915348106745
2026-04-27 01:30:00+00,37.44075458556789,280.55157381431576,218.65540374513813,2448.412479246976
2026-04-27 01:31:00+00,34.457154937201246,266.5030784916655,234.77077251979244,2483.1603467443024
2026-04-27 01:32:00+00,36.4950529697445,278.22012445304637,268.44792388847384,2432.6120220665657
2026-04-27 01:33:00+00,37.19879602528864,260.17463036513857,245.28093360262173,2446.174223719197
2026-04-27 01:34:00+00,35.475612948890635,235.2086964737954,239.43095790188607,2727.258425737827
2026-04-27 01:35:00+00,38.00444282938932,274.1699981466591,220.50480470306618,2808.12801072751
2026-04-27 01:36:00+00,36.49567970099876,279.94011212476914,154.35616898521596,2738.494365751407
2026-04-27 01:37:00+00,34.76754846026323,257.8933911148302,258.096501886433,2875.847259210065
2026-04-27 01:38:00+00,34.67798384907274,206.4820540588076,243.36879114532172,2872.334738238618
2026-04-27 01:39:00+00,40.20553213189303,201.2526973348187,236.7137950783591,2885.492930399855
2026-04-27 01:40:00+00,45.22927909573871,220.39045834317108,259.40338961124803,2939.2149972859684
2026-04-27 01:41:00+00,35.81298966089143,258.690094346705,281.3633197371353,2937.855525802791
2026-04-27 01:42:00+00,32.378479877650626,293.2392140898166,259.1776221894314,2905.8637258313274
2026-04-27 01:43:00+00,31.854813891759182,269.7539784458529,264.7094294432162,2901.670582804222
2026-04-27 01:44:00+00,36.713194939386185,252.5665419728698,265.0609491239926,2826.7205155180263
2026-04-27 01:45:00+00,32.89237692559697,235.73293663532766,236.35492994052578,2882.7181694056967
2026-04-27 01:46:00+00,43.539955003091,206.12566826422233,261.8260605074055,2932.290412489603
2026-04-27 01:47:00+00,52.471992900587594,211.43948446522697,245.1100401235238,2885.6032942186093
2026-04-27 01:48:00+00,53.914143741706084,212.77174390589818,245.53581050612522,2956.715166077463
2026-04-27 01:49:00+00,58.030451539042964,216.27224007583388,257.8921395185271,2971.1437326806754
2026-04-27 01:50:00+00,65.94415053477294,220.11486329178442,278.9413444879289,2950.3916869640807
2026-04-27 01:51:00+00,59.70505987469706,213.69700247710713,257.3936042809019,2960.196521659737
2026-04-27 01:52:00+00,61.00007082047258,207.70878224241062,285.7411087576918,2912.6506879778394
2026-04-27 01:53:00+00,57.36577100439011,213.25543569844135,236.53825289300462,2936.3011345263126
2026-04-27 01:54:00+00,50.90574220133663,237.05963885751433,239.3537134962216,2976.969341331896
2026-04-27 01:55:00+00,57.758454220866355,285.81433535806696,270.54340518028835,2921.834769552652
2026-04-27 01:56:00+00,56.85776919590438,289.67671642470964,246.29390375327768,2852.1164782681594
2026-04-27 01:57:00+00,56.110766801359915,283.8704351266814,248.17458089296335,2767.245696030463
2026-04-27 01:58:00+00,52.22255642608869,284.9939479126645,253.44893718819142,2821.750829173753
2026-04-27 01:59:00+00,42.734250982935826,236.9016469239677,197.48254152090024,2868.310613477196
2026-04-27 02:00:00+00,46.97741629050003,216.9334527910741,146.1018692891022,2964.9386039164583
2026-04-27 02:01:00+00,38.50791669337512,209.05589062894506,183.534907773242,2892.6500875087745
2026-04-27 02:02:00+00,40.59422155023517,211.08881386953078,224.2741396011536,2865.614847646347
2026-04-27 02:03:00+00,40.94062713465662,204.03807199233358,274.4391468242369,2954.89604172064
2026-04-27 02:04:00+00,47.23645364733628,212.60392861655757,252.96832763049076,2977.351459008854
2026-04-27 02:05:00+00,48.31290540847163,222.33853925482208,259.79019491122256,2939.6806633175206
2026-04-27 02:06:00+00,51.1786859508894,236.86038931911168,287.3231049564452,2928.5067093610674
2026-04-27 02:07:00+00,53.61092863733207,256.7783370951184,280.70544917436035,2942.8310497844213
2026-04-27 02:08:00+00,55.23086240180804,291.7044758501557,265.7424828925259,2913.2607992952735
2026-04-27 02:09:00+00,50.752514139754894,293.10524541782394,277.62523762036966,2948.8633523188378
2026-04-27 02:10:00+00,44.316900826246616,294.014719645403,215.09245188549846,2903.4484901459396
2026-04-27 02:11:00+00,41.94077663393658,282.84979473768635,161.23795505617508,2826.390688941749
2026-04-27 02:12:00+00,42.72079370842981,281.28770529517743,129.06659586980948,2946.258182022195
2026-04-27 02:13:00+00,45.978281305506194,280.782337325375,106.6649873235217,2974.5344582023818
2026-04-27 02:14:00+00,48.680724638963376,280.97555057884745,99.15763729803497,2969.8410449010535
2026-04-27 02:15:00+00,50.64786094836057,292.68526814033106,177.84998531007847,2911.639951387189
2026-04-27 02:16:00+00,44.381748920620126,294.0163780187737,244.74176258963712,2952.900166758938
2026-04-27 02:17:00+00,44.21303526179521,286.66972120397793,218.2078378440197,2914.113567584785
2026-04-27 02:18:00+00,45.17916748323732,298.22969697007073,149.1221044117406,2924.8560974736697
2026-04-27 02:22:00+00,51.9404699094758,269.78433031928836,180.50313990563168,2904.5796978150674
2026-04-27 02:23:00+00,53.60230719409707,249.0472850004082,180.0869876186441,2907.2728123333854
2026-04-27 02:24:00+00,58.695381175037404,243.41609472462403,238.5637578236985,2929.975972337768
2026-04-27 02:25:00+00,54.97974751238999,247.59371772762745,226.46885469216028,2936.529079594319
2026-04-27 02:26:00+00,58.453557916695665,258.04210923365207,209.74819068740698,2930.245361488774
2026-04-27 02:27:00+00,62.49493062310633,253.36198851341047,103.09963081772271,2950.66555088927
2026-04-27 02:28:00+00,59.25184995249707,240.9910898416892,198.94529835150848,2962.581452349432
2026-04-27 02:29:00+00,53.759671735303456,224.6664620079628,268.50327891502945,2934.2221688614227
2026-04-27 02:30:00+00,51.432619621736535,210.43488981461886,286.58406341112595,2905.8232672147833
2026-04-27 02:31:00+00,51.79671561890491,213.42599578923873,280.8411556273915,2971.571078140375
2026-04-27 02:32:00+00,47.99517394501374,210.01665386562723,252.96483403803632,2980.9930541923336
2026-04-27 02:33:00+00,42.35509953677834,223.89710746984343,231.07767294012507,2917.7190905489247
2026-04-27 02:34:00+00,43.99493846883137,249.1939751517349,255.11438605550399,2820.723514790654
2026-04-27 02:35:00+00,47.18583215782552,241.5121457201511,264.9368711343743,2705.8393260405323
2026-04-27 02:36:00+00,49.68400612622698,234.18563413511905,168.25113999361335,2746.3007020887594
2026-04-27 02:37:00+00,49.66636563831609,218.49703882363644,228.20217466714254,2681.882925694086
2026-04-27 02:39:00+00,50.60987170964283,242.6909054372556,255.05174995483898,2390.557463135475
2026-04-27 02:40:00+00,51.926725938907914,267.1324620072252,275.9570582543021,2372.732106662675
2026-04-27 02:41:00+00,50.241507701822634,252.88463037467977,257.1439825222675,2564.2678040207657
2026-04-27 02:42:00+00,58.067838609259546,208.87667051385364,273.7967968413689,2629.4541215667114
2026-04-27 02:43:00+00,64.80718999966523,209.86638010383066,276.87040612329275,2639.678999908107
2026-04-27 02:44:00+00,68.51635112017776,222.07420294808722,265.0687154759329,2532.0000232439834
2026-04-27 02:45:00+00,65.68671279138495,257.623651511484,238.2971514293981,2527.0163800553955
2026-04-27 02:46:00+00,66.16780188345359,264.8518606231836,246.13100391752297,2540.918897201133
2026-04-27 02:47:00+00,66.41902321539197,262.4935108219116,149.60781936643036,2514.8607363118526
2026-04-27 02:48:00+00,59.911498805779516,274.68157523440897,199.94903783148837,2525.5825245859282
2026-04-27 02:49:00+00,57.685783488072126,247.43793681353006,251.96858946369315,2446.887791287082
2026-04-27 02:50:00+00,61.028030906928834,223.41946320040392,245.06512674470665,2404.885395588856
2026-04-27 02:56:00+00,65.53195529735552,209.45473051013172,167.64792368869936,2505.4966722664544
2026-04-27 02:57:00+00,72.78800402663394,232.16411194878503,175.24097901538363,2537.746551429613
2026-04-27 02:58:00+00,75.40753375198281,220.90680977013233,140.88361595590257,2527.463481275565
2026-04-27 02:59:00+00,72.05282252805503,231.91621688113582,110.07165426859602,2702.5938241364456
2026-04-27 03:00:00+00,73.95616283892538,230.11115370598787,211.51006915014173,2681.9594486767487
2026-04-27 03:01:00+00,70.83988718805068,228.21461382476866,224.4661711059508,2760.212552254445
2026-04-27 03:02:00+00,75.9049537896314,261.70992433332134,278.33089904432865,2740.077434301947
2026-04-27 03:03:00+00,79.09205976517585,286.62285497323876,283.4294756391278,2706.4076011531583
2026-04-27 03:04:00+00,75.02313814355666,270.00148131261477,252.65565231678139,2751.976468841785
2026-04-27 03:05:00+00,67.97806148135547,286.38204534625277,225.451598676839,2726.642643096287
2026-04-27 03:06:00+00,71.06311114371896,277.5022339967696,269.68666662248563,2932.9326137944954
2026-04-27 03:07:00+00,79.00875658450605,283.1615008267488,169.38592188346308,2888.6414968523873
2026-04-27 03:08:00+00,73.20383084346457,258.8184489400398,154.06649038952935,2863.3194640835427
2026-04-27 03:09:00+00,68.52170590822952,246.52424534257645,62.2686419430478,2759.9989134096413
2026-04-27 03:10:00+00,74.8227605425915,266.84953995933193,49.54001791853067,2643.8465685936444
2026-04-27 03:11:00+00,77.52022949249466,277.35926466265045,130.27997618975755,2473.542608399488
2026-04-27 03:12:00+00,75.67671066511846,284.43338254603515,164.1190605857224,2418.4236574408837
2026-04-27 03:13:00+00,74.75667618819813,280.49148387038804,113.74764213174299,2436.616372164165
2026-04-27 03:14:00+00,77.41700853856916,281.12318592077116,80.9581887618598,2417.9078040456375
2026-04-27 03:15:00+00,76.9328843310779,280.0133915377933,122.75202150729793,2511.2152923598965
2026-04-27 03:16:00+00,78.56251351012924,283.033155922817,75.92069194775682,2681.982722835862
2026-04-27 03:17:00+00,78.6093464755162,292.8637585818806,20.286699694646927,2668.6464233962447
2026-04-27 03:19:00+00,77.23553273777175,284.66078858433514,28.928934981393873,2640.503045454272
2026-04-27 03:20:00+00,74.09003688296447,255.52691332195252,21.590845263772326,2712.710826465799
2026-04-27 03:21:00+00,74.1351815627663,264.3388814434898,21.443683477675517,2775.4650844915036
2026-04-27 03:22:00+00,76.89791628782737,236.28826190171392,17.35586933786029,2755.265501744218
2026-04-27 03:23:00+00,71.83351511623704,220.52343085755862,101.56355958206841,2835.147796937576
2026-04-27 03:24:00+00,71.37282623101869,218.48212737739328,122.74150662784555,2836.546659132628
2026-04-27 03:25:00+00,67.73582743912199,229.37109178344375,162.05447777314666,2868.8729519688977
2026-04-27 03:26:00+00,65.42168919067355,252.64665657482863,173.35865172451858,2790.8545637185916
2026-04-27 03:27:00+00,69.81266968929252,257.8174994715371,216.88080195549483,2885.0719583295167
2026-04-27 03:28:00+00,76.16417254800034,214.34168735701496,210.06622281484937,2916.1470576748493
2026-04-27 03:29:00+00,70.25878778087042,210.03127174659463,148.36313303623652,2974.346092772439
2026-04-27 03:30:00+00,66.15243815796178,207.41673266686448,96.2713794841732,2910.0310830683798
2026-04-27 03:31:00+00,62.97242230680426,204.85113492991368,96.38696743208257,2933.835510503264
2026-04-27 03:32:00+00,62.83912801040115,212.55683661662283,122.10738900362158,2815.340744841741
2026-04-27 03:33:00+00,64.94478586855539,256.162540206568,61.9077894394077,2669.406863654564
2026-04-27 03:34:00+00,68.6366126288684,285.88779471227315,35.80734166202158,2680.1260036447447
2026-04-27 03:35:00+00,72.79072714888873,287.4412636260871,132.9177057693388,2737.4077421454917
2026-04-27 03:36:00+00,75.55780926634822,289.52635119826465,178.81062866708442,2825.3859375302663
2026-04-27 03:37:00+00,75.99282965072643,273.4531082680407,169.84903259553823,2848.574123459422
2026-04-27 03:38:00+00,75.57937332422249,214.6933128280396,158.65457208793617,2610.0344930148026
2026-04-27 03:39:00+00,76.82448720441849,211.19875821272592,216.8180444223367,2638.989484539488
2026-04-27 03:40:00+00,75.73448220558575,221.81306051759364,249.0130318997569,2701.6417889315585
2026-04-27 03:41:00+00,73.6914012717236,219.0890659889165,253.72061006496426,2748.270208083487
2026-04-27 03:42:00+00,71.95501876354352,242.45435104322667,239.03750761525487,2703.579848703267
2026-04-27 03:43:00+00,65.0201815001615,228.12311489595558,225.46242726902565,2668.271493875301
2026-04-27 03:44:00+00,61.639473736967744,242.13275755958674,262.0524740417753,2600.2601388225785
2026-04-27 03:51:00+00,74.76744728552559,253.7178900307825,232.14295361179234,2541.193469463807
2026-04-27 03:52:00+00,76.59265173254698,237.9721030031862,205.63401537186257,2458.1069397971137
2026-04-27 03:53:00+00,71.46985115560068,253.53090820145948,192.17253207014622,2447.7450754218576
2026-04-27 03:54:00+00,66.51719839725875,292.48099580484757,153.81473672033457,2339.2513224056147
2026-04-27 03:55:00+00,59.857512501150396,289.8409720190088,193.35499782156253,2483.049674620815
2026-04-27 03:56:00+00,57.47489752462362,276.006383626948,233.61136883706314,2407.3462706747287
2026-04-27 03:57:00+00,64.68882953512893,287.69966063277286,153.5945453581498,2579.073028887046
2026-04-27 03:58:00+00,63.82564048762514,281.75011420148337,179.73503673848444,2624.503468575502
2026-04-27 03:59:00+00,60.414295793711425,289.5860253095907,207.51090417101017,2690.6050497048413
2026-04-27 04:00:00+00,58.784653772730145,282.2347389301833,244.30157268778396,2545.0102041208015
2026-04-27 04:01:00+00,52.62157422366781,278.06346290335915,273.1852493567001,2593.7524055506187
2026-04-27 04:04:00+00,45.01831902978413,277.7479293670813,209.8253468161431,2724.2385339863363
2026-04-27 04:05:00+00,40.748745936459514,292.2250266894218,153.22569834348533,2816.76470222947
2026-04-27 04:06:00+00,41.33618938452221,281.35778734758355,192.39882776162818,2902.081441240001
2026-04-27 04:07:00+00,32.890470174329934,275.01014441588757,155.7909010305365,2906.118310903917
2026-04-27 04:08:00+00,34.4162923973536,272.61489827759533,234.29272165514004,2883.8857144181466
2026-04-27 04:09:00+00,33.71005766388359,235.70015609981667,263.3791174284226,2911.6608863919323
2026-04-27 04:10:00+00,31.071287069127,238.69390903585438,186.62524075873247,2960.9913976131083
2026-04-27 04:11:00+00,32.89577892290965,257.08580689294496,136.521982791944,2962.727472550524
2026-04-27 04:12:00+00,37.56561155798921,261.49900767316313,173.0414052051638,2872.415837306689
2026-04-27 04:17:00+00,39.06575893653308,274.53573215089807,165.22285581692273,2855.389911656589
2026-04-27 04:18:00+00,38.22959092638006,246.74026260853913,167.8043441486814,2774.0820109655965
2026-04-27 04:19:00+00,36.4780562747051,243.02812146877642,221.33488505140485,2749.1735592259665
2026-04-27 04:20:00+00,33.250195668853294,222.33010182008942,272.41431169676434,2614.4317748155677
2026-04-27 04:21:00+00,36.25300979582717,210.01476567333512,257.22371591397825,2642.949011395521
2026-04-27 04:22:00+00,35.7614883737639,210.97150109311482,259.8547372554472,2738.172765776105
2026-04-27 04:23:00+00,36.91417971622789,214.82459287196787,254.61224442440943,2801.812183074099
2026-04-27 04:24:00+00,38.42229341054518,251.2821532696369,167.72194958604996,2643.2297392470005
2026-04-27 04:25:00+00,34.55847042336221,242.5131493833463,214.63168560626818,2616.020164256019
2026-04-27 04:26:00+00,36.441003246280964,255.44284182417633,272.5170537699615,2703.0651347437133
2026-04-27 04:27:00+00,32.13941982324969,254.0863053072746,268.58331039159236,2940.8445792701336
2026-04-27 04:28:00+00,31.310016653770248,281.6287195838363,219.25416571238418,2924.2538743606074
2026-04-27 04:29:00+00,31.284480958435108,291.5729726570267,239.5534401285128,2911.185187066249
2026-04-27 04:30:00+00,31.020755896757567,287.4455651326395,233.51217472958598,2824.1443407102142
2026-04-27 04:31:00+00,33.275564322866444,282.7740208429081,204.92070531515233,2717.474698825237
2026-04-27 04:32:00+00,33.78843057804778,283.1736115419638,187.13863535565858,2647.863931139447
2026-04-27 04:33:00+00,32.30779928978572,270.08576139822037,201.49495464476175,2686.3370627167055
2026-04-27 04:34:00+00,32.65747015942249,289.0972449034725,190.11153000495673,2791.5107330539818
2026-04-27 04:35:00+00,35.13152422139259,293.2041690963996,120.44703102155268,2745.8165004815105
2026-04-27 04:36:00+00,38.6215239820058,291.2845635114674,152.89237512650809,2890.674720841205
2026-04-27 04:37:00+00,42.48967204618171,282.7574403248152,253.80222566751723,2768.8134812611993
2026-04-27 04:38:00+00,34.15479406332337,282.0115925916972,277.72115499726453,2842.672470154284
2026-04-27 04:40:00+00,32.88354231957424,238.9896535527742,252.68362116259257,2935.8721151548557
2026-04-27 04:41:00+00,32.46194762743771,222.05642641229466,212.51523962358664,2944.3968050972107
2026-04-27 04:42:00+00,32.188505030281235,220.4432726511191,239.9555381356357,2907.1041835133287
2026-04-27 04:43:00+00,38.1559477965618,226.0147227809821,148.05289634940948,2755.8189195363448
2026-04-27 04:44:00+00,40.109545214431904,217.18334138839978,184.15216371356362,2705.668099646701
2026-04-27 04:45:00+00,47.45581117891491,207.0699556537108,185.7436540488425,2645.620328339878
2026-04-27 04:46:00+00,44.30681567369153,215.3383034550069,156.11071522536378,2576.218402182504
2026-04-27 04:47:00+00,45.563581249219396,222.92044580777102,199.88313970081876,2564.7465630762176
2026-04-27 04:48:00+00,48.25764819185612,236.0928452427412,223.25356169406908,2526.36899533351
2026-04-27 04:49:00+00,54.97867962504891,218.6100968008996,263.1218429460439,2570.6993149481477
2026-04-27 04:50:00+00,58.24645508938367,213.38973075918906,248.69927672376176,2498.6413008359345
2026-04-27 04:51:00+00,56.786147093552664,217.50459583601895,280.02227292540834,2761.6384392768978
2026-04-27 04:52:00+00,48.198172164118006,233.60206539017074,277.21790269918654,2785.8569251388035
2026-04-27 04:53:00+00,54.41673141405649,248.91869739132954,266.0075353683978,2786.8308942300255
2026-04-27 04:54:00+00,53.02811314421951,228.31548506653775,269.4296029359622,2939.492872931098
2026-04-27 04:55:00+00,55.41690941879457,212.25558200292002,241.29109870241896,2940.857587350724
2026-04-27 04:56:00+00,65.33646070228534,210.59819626651364,183.10101635027814,2897.577093771484
2026-04-27 04:57:00+00,67.94042652033708,208.37968705357864,172.3706648012038,2902.6558740265546
2026-04-27 04:58:00+00,68.15143098074628,216.9520769449219,103.53478356677152,2811.300457365208
2026-04-27 04:59:00+00,59.16768677078546,216.06128373080873,32.70924309105433,2713.8555574006414
2026-04-27 05:00:00+00,56.75604900979078,220.4694756397439,63.19486926932744,2587.3443954111153
2026-04-27 05:01:00+00,58.066513430833375,219.40543252758542,33.470399840052615,2423.0114127491447
2026-04-27 05:02:00+00,56.80617318691241,235.97660985957518,6.325209382269074,2278.366404482175
2026-04-27 05:04:00+00,61.47392225935615,237.5346495078639,35.23718071221901,2159.0236295612203
2026-04-27 05:05:00+00,62.97724063246831,271.763327134482,34.56360477008805,2095.0538822388353
2026-04-27 05:06:00+00,59.610238043173176,283.60191607458574,27.326226186953363,2214.998798142581
2026-04-27 05:07:00+00,54.80714618158049,273.48924470557273,11.537034834311907,2073.6521155406735
2026-04-27 05:08:00+00,46.59530997335522,291.71213485326587,14.769712018229454,2072.0219560946416
2026-04-27 05:09:00+00,42.67677781222533,286.33230443930285,33.45973576313848,2323.908459452653
2026-04-27 05:10:00+00,40.09885890785251,285.66743042339556,27.23952120291687,2411.051137663822
2026-04-27 05:11:00+00,39.84325488102903,288.60206342049474,54.93294684059467,2528.3547832479
2026-04-27 05:12:00+00,42.29881273183414,296.3853355233638,46.10918688667798,2562.700461979245
2026-04-27 05:13:00+00,40.82708836539227,294.71042543206033,30.77715023550953,2617.8247158872573
2026-04-27 05:14:00+00,45.625616245569084,290.7482790157089,35.86753851788088,2508.4417977957123
2026-04-27 05:15:00+00,44.319663529128995,284.5471179654744,32.20097252099664,2239.7878054277026
2026-04-27 05:16:00+00,37.81957448246865,291.7181992496597,23.77953029851668,2158.662617616643
2026-04-27 05:17:00+00,33.211337268959575,269.6270545563929,45.828178192264375,2246.1068501414284
2026-04-27 05:18:00+00,34.20140554973741,248.80095216555003,72.59790096977571,2134.977901937469
2026-04-27 05:19:00+00,41.295920345465056,235.73790640564604,61.851312188537705,2157.504547748163
2026-04-27 05:20:00+00,35.720175718722416,211.41413044790653,55.85682175265508,2155.3803615868737
2026-04-27 05:21:00+00,39.933430724560644,204.1405217831591,15.309567109550624,2234.050944873699
2026-04-27 05:22:00+00,39.84536877577781,208.20391064526228,65.68571622776335,2360.0582484313663
2026-04-27 05:23:00+00,37.024845001982726,211.99879095162265,125.88100776825958,2302.6693742165535
2026-04-27 05:24:00+00,32.09167137893011,227.23182443316244,86.99194533205969,2246.477782639987
2026-04-27 05:25:00+00,32.63165136725239,237.18994673782404,108.1473863235319,2150.342798626361
2026-04-27 05:26:00+00,39.50460159041527,225.3960971632623,115.87548517356043,2061.120703089179
2026-04-27 05:27:00+00,49.22969264180185,220.69875852401384,126.2439170169741,2021.1442312469474
2026-04-27 05:28:00+00,44.98561069353755,237.16699835663678,114.12530662212585,2047.3725628406569
2026-04-27 05:29:00+00,47.441201077259045,240.0938785404605,157.9620398847227,2118.4942773075163
2026-04-27 05:30:00+00,53.064232512459576,247.95303126008463,119.16939594534848,2287.7561788712283
2026-04-27 05:31:00+00,52.175479382072034,233.00569857797117,112.28046061883278,2250.691815878366
2026-04-27 05:32:00+00,54.80669066215213,224.85162482440106,133.08769008575857,2376.3171177921545
2026-04-27 05:33:00+00,58.152245984156735,221.42671308354846,114.537878000889,2396.640328416346
2026-04-27 05:34:00+00,53.086346429910314,220.93656903633558,68.34324091450942,2309.817221696021
2026-04-27 05:35:00+00,53.197815430241796,221.03349356360155,26.41277102568214,2288.9355963631356
2026-04-27 05:36:00+00,46.92334338882026,253.30929102100305,21.417097286730748,2405.582739774979
2026-04-27 05:37:00+00,48.281100610976644,264.979920184636,65.16433403689533,2489.431733200682
2026-04-27 05:38:00+00,50.24093126382714,248.63539512659472,69.4286566785885,2356.115675414997
2026-04-27 05:39:00+00,57.98648063910563,225.38552172772205,50.09668474647022,2380.822491730561
2026-04-27 05:40:00+00,57.21601756485918,224.92985563583338,81.97202753144168,2271.5154244677874
2026-04-27 05:41:00+00,55.67193877296222,222.08113008666456,144.05593248932595,2250.2181774934484
2026-04-27 05:42:00+00,47.93695239674371,243.42573697984892,205.60145166443309,2178.0371718736756
2026-04-27 05:43:00+00,50.55057957124811,266.6629836987712,219.15047552087333,2362.8938257920886
2026-04-27 05:44:00+00,49.936940037535386,246.30107033866963,233.43060949003916,2566.9651412181443
2026-04-27 05:45:00+00,40.28242971887104,273.61572037148943,253.11261424360734,2758.1436515292694
2026-04-27 05:46:00+00,39.3866701643381,245.8706965464632,252.17471125040765,2946.882055710851
2026-04-27 05:47:00+00,37.569342416646734,238.54573076106755,271.75766328126645,2807.8393394769764
2026-04-27 05:48:00+00,36.897916965725656,248.61228347614667,291.44030376602484,2813.2047106861146
2026-04-27 05:49:00+00,40.71118146091296,257.22665957758005,274.5962544499313,2959.9779711888837
2026-04-27 05:50:00+00,41.829886858572195,223.54740555174445,282.803619704813,2978.584898884833
2026-04-27 05:51:00+00,34.302970038927356,206.32016518276907,227.53479304745494,2958.7082722480222
2026-04-27 05:52:00+00,32.24633751630929,233.48374983064812,259.23580048987503,2884.647027339277
2026-04-27 05:53:00+00,33.243286551300066,263.3411724707933,277.1270786516086,2893.913317103803
2026-04-27 05:54:00+00,35.33731625038908,288.73002500526053,260.52402099279755,2974.6639041763133
2026-04-27 05:55:00+00,40.256979460103466,278.29056092085807,222.29354514165422,2956.0690766949638
2026-04-27 05:56:00+00,35.03617238025137,263.7454020281385,237.34910112666597,2782.4627436465216
2026-04-27 05:57:00+00,32.83702647402159,287.28364375551973,244.8985948372802,2669.5655748204604
2026-04-27 05:58:00+00,38.880901267160695,292.4113828657309,199.279354238762,2697.274824084792
2026-04-27 05:59:00+00,43.92541237516004,283.2474208681778,146.10890658881684,2585.7262496021044
2026-04-27 06:00:00+00,40.820851210391915,289.81763741603186,58.441715003139294,2591.4721695954295
2026-04-27 06:01:00+00,33.69527634738099,285.26506076082774,126.66526085657239,2693.220540864458
2026-04-27 06:02:00+00,34.210359753767435,288.63178169556153,212.57264103070688,2752.5626350376356
2026-04-27 06:03:00+00,41.4487775778741,297.073378555217,227.37909524977476,2654.047982276713
2026-04-27 06:04:00+00,47.068988660160635,287.1936225355592,262.66576308608927,2651.703136298988
2026-04-27 06:05:00+00,36.35958796571861,270.27264190759223,290.9100441805136,2484.3303376569206
2026-04-27 06:06:00+00,34.5921522954379,256.53597638017465,259.83066215288227,2293.8039056065923
2026-04-27 06:07:00+00,45.75486660805568,271.58152043930187,275.587434586926,2191.7776654204467
2026-04-27 06:08:00+00,51.010007167903574,295.20577082223514,234.6627868600095,2134.857098354646
2026-04-27 06:09:00+00,52.454446138671145,282.70481078507373,131.8374572710938,2102.9460339217253
2026-04-27 06:10:00+00,48.29063289412231,270.34791044228575,109.43861322410845,2066.4246059344864
2026-04-27 06:11:00+00,51.9991902344271,292.9640401078329,33.366532238587574,2127.2106579222523
2026-04-27 06:12:00+00,47.71685506837175,290.06989206110507,24.57700517156549,2245.497104011173
2026-04-27 06:13:00+00,38.10837702168618,286.6995232563399,33.34940463719284,2198.726209816058
2026-04-27 06:17:00+00,31.830675475401907,292.72625269781093,27.16111260956743,2224.5990946101597
2026-04-27 06:18:00+00,38.57482946326056,288.71318619869913,37.23398219788315,2145.608652505235
2026-04-27 06:19:00+00,41.49608938468741,253.31819830047183,19.840491372633235,2167.7609780069265
2026-04-27 06:20:00+00,42.95912639408531,261.8892585760652,60.7687505957317,2135.7956308497337
2026-04-27 06:21:00+00,37.507686498200016,249.54758412047158,22.339859013644038,2162.564466614879
2026-04-27 06:22:00+00,34.451390150868086,216.59209057894364,50.38537774758671,2033.9099610454775
2026-04-27 06:23:00+00,32.759730877981006,219.5940411519325,154.51820245550863,2082.7283241997397
2026-04-27 06:24:00+00,32.42286980745093,230.44624937247676,154.20748657416718,2206.332495042725
2026-04-27 06:25:00+00,32.596711279272526,230.31323512700035,96.41963478341334,2140.1671526947116
2026-04-27 06:26:00+00,33.22918408316951,242.2661218426083,98.78832201081444,2115.9042834513857
2026-04-27 06:31:00+00,33.84931782778615,273.0264778990452,108.04896884930008,2114.7075438897127
2026-04-27 06:32:00+00,32.73047935877575,273.4779392000731,137.35984945775598,2171.386223146041
2026-04-27 06:33:00+00,37.23985857438264,244.4737956981261,121.97448115663798,2263.178803562791
2026-04-27 06:34:00+00,39.519196146240276,220.36931367681697,119.11662670229698,2327.6026443304863
2026-04-27 06:35:00+00,38.83236160884417,212.461835169088,61.252462902438076,2389.067830061101
2026-04-27 06:36:00+00,34.064982578164944,224.11642680058063,85.2128586951387,2461.528619489866
2026-04-27 06:37:00+00,31.55964992733193,209.5625667636585,155.0540839246346,2656.1854896003615
2026-04-27 06:38:00+00,34.164743025242124,206.28053952921408,226.0443251088466,2756.301690522293
2026-04-27 06:39:00+00,38.27198932626021,209.97988541990952,258.24943294794014,2793.9538390579955
2026-04-27 06:40:00+00,33.25934985178042,218.3331480467835,215.77597901852377,2918.2220089379784
2026-04-27 06:41:00+00,33.85503322569071,248.10350555199318,205.2954440676875,2939.733754034432
2026-04-27 06:42:00+00,31.385389415977116,271.10647613282913,106.49668142118674,2890.3287846876565
2026-04-27 06:43:00+00,35.06564549661343,286.4313051018902,113.19333423334574,2857.0310785888364
2026-04-27 06:44:00+00,41.08244547404292,293.53162830746436,121.69445768514925,2814.2000866284275
2026-04-27 06:45:00+00,35.350465824311655,263.6637441811311,193.60811681273864,2768.150308972907
2026-04-27 06:46:00+00,34.51301265750479,243.73529114548543,281.3955517760809,2853.69588251744
2026-04-27 06:47:00+00,37.73580209466634,251.49663539939547,274.6208445053165,2785.148717624624
2026-04-27 06:48:00+00,45.470534754775436,253.72786714223489,290.48601266154776,2692.5003288241555
2026-04-27 06:49:00+00,47.95353323146513,256.10070974317284,257.7253505061016,2593.0412761519683
2026-04-27 06:50:00+00,45.89075894158132,235.1926962077669,222.3367466667983,2385.1973227444137
2026-04-27 06:51:00+00,38.35442870603858,240.73244964035678,173.83926483348105,2380.9857464138768
2026-04-27 06:55:00+00,31.997641777951667,270.6794972984886,110.0696031778391,2634.173633082473
2026-04-27 06:56:00+00,34.87114676704512,287.0372181663068,25.640230880894535,2639.549752865066
2026-04-27 06:57:00+00,40.85484294937035,286.1053010664336,56.50788876847418,2638.7402399935904
2026-04-27 06:58:00+00,39.52551568562062,285.4502449260328,24.870953224169124,2438.8101098167213
2026-04-27 06:59:00+00,37.0400398775886,271.04869026586766,36.28332268770702,2337.897438751675
2026-04-27 07:00:00+00,41.05920663312063,274.25226953029767,20.22537915899769,2282.7995921809274
2026-04-27 07:01:00+00,43.57514503217551,286.1544051918679,28.924915547828682,2340.523507740976
2026-04-27 07:04:00+00,42.976853073063225,292.3978840138973,62.34213236716592,2397.3871920869915
2026-04-27 07:05:00+00,41.95203647215282,293.9324391658427,53.17259167682949,2483.449322576374
2026-04-27 07:06:00+00,44.96366168412645,268.6204443012122,20.690438925222395,2386.503308906017
2026-04-27 07:07:00+00,50.48559269340511,283.6538729302991,18.586858761121384,2380.3347376536312
2026-04-27 07:08:00+00,56.551467716079806,289.0406291764744,22.736026049994063,2471.7339468343075
2026-04-27 07:09:00+00,51.89736323699353,285.63791299736323,75.00216221703198,2605.5163737461103
2026-04-27 07:10:00+00,58.266154151984374,283.94415443069397,64.69988897379353,2688.854915824338
2026-04-27 07:11:00+00,62.686128555164316,275.28264464422926,144.99642012290894,2741.847813571125
2026-04-27 07:12:00+00,61.49416662857693,273.4376710297102,179.45544291813695,2641.813369865065
2026-04-27 07:13:00+00,53.280629524720474,274.81063451228147,204.99758946152642,2630.1458148286565
2026-04-27 07:14:00+00,40.95377952317334,284.6369802051333,231.495866516932,2839.8611074553455
2026-04-27 07:15:00+00,35.36309863580989,289.28373258806624,169.7808974846961,2932.673173654077
2026-04-27 07:16:00+00,34.05833338527844,252.6424271049378,231.88489894505918,2873.8557723612853
2026-04-27 07:17:00+00,34.56342565692441,245.66017865591743,198.47447012710217,2868.746175756944
2026-04-27 07:18:00+00,34.455181708227315,255.37967770867567,86.03581817274716,2820.5555037037825
2026-04-27 07:19:00+00,43.523567831004954,226.16090141283266,74.36021522318015,2884.017749184364
2026-04-27 07:20:00+00,42.692447180743926,224.31283514125698,63.51901322662367,2657.678384313295
2026-04-27 07:21:00+00,41.25392119329108,226.1244270670354,46.7760130969524,2482.3734250060033
2026-04-27 07:22:00+00,46.91507899226343,214.40939314483072,94.06189999610912,2612.6027769480247
2026-04-27 07:23:00+00,49.592796427101334,274.1281269000584,147.72542553597833,2702.3095612223806
2026-04-27 07:24:00+00,43.411463706782726,287.6940646499257,132.49689267741766,2796.517774632881
2026-04-27 07:25:00+00,42.22922941151155,277.6693092738939,134.49434493418553,2679.653292862816
2026-04-27 07:26:00+00,35.34376749677303,265.4023133805323,147.45147671488976,2576.4349086015695
2026-04-27 07:27:00+00,32.5516530450328,278.80487081063654,167.2158237326601,2520.201606302285
2026-04-27 07:28:00+00,36.819343767935244,278.0070768173866,185.90427930000254,2525.840534632233
2026-04-27 07:29:00+00,34.88658372985146,291.6148225080126,170.58552024203124,2375.398643223366
2026-04-27 07:30:00+00,34.6419354031869,274.2853287505984,191.73993776581113,2097.2617327738926
2026-04-27 07:31:00+00,32.45772976769236,290.1275891537495,192.98542998128806,2063.1154646129994
2026-04-27 07:32:00+00,38.44537580529878,295.2325736562073,204.81598211594124,2023.4138576513885
2026-04-27 07:33:00+00,41.169183943321705,287.9111823384853,186.2687560275078,2050.7690262001747
2026-04-27 07:34:00+00,40.32885262948185,281.57676420848753,230.05519687079718,2074.071698703275
2026-04-27 07:35:00+00,32.34533995011674,289.76519849199246,254.30100271720443,2121.6438580783806
2026-04-27 07:36:00+00,31.780818551718163,289.8223756318447,210.25871932842435,2283.396859229554
2026-04-27 07:37:00+00,37.054309868271716,285.99056151691303,255.14964380144932,2145.3549594938904
2026-04-27 07:38:00+00,32.39070956849821,273.0539896287538,269.1695500842753,2051.701487003318
2026-04-27 07:39:00+00,32.719926268644066,283.01645216508786,215.71064986614735,2165.502351117555
2026-04-27 07:40:00+00,38.866401939800376,287.5656129315004,180.0933743542422,2259.2349310273407
2026-04-27 07:41:00+00,36.8220362295253,286.1078306339757,240.95390472583227,2261.4419056427605
2026-04-27 07:42:00+00,33.22324415318716,276.27216614179736,252.84211609245162,2193.809774910644
2026-04-27 07:43:00+00,31.520155452897956,284.9012210549159,210.01291142637402,2180.4236423939387
2026-04-27 07:44:00+00,35.08188488314779,263.41954340201977,163.7669355248581,2219.0735626586834
2026-04-27 07:45:00+00,33.890371174573865,260.29973753425594,61.8721089132052,2253.8407046480515
2026-04-27 07:46:00+00,42.72455095287629,223.42260176103022,87.56792297647198,2403.0119318320517
2026-04-27 07:47:00+00,46.91919543522209,204.26908664344256,101.1732365500049,2449.9952779373007
2026-04-27 07:48:00+00,42.1283232617872,210.09387783009237,228.8609918273512,2511.564043727076
2026-04-27 07:49:00+00,41.76870365072296,209.89880568596442,217.60718889849187,2586.3850144432868
2026-04-27 07:50:00+00,39.875056483208134,225.02901778335217,195.10994493483358,2572.381254964347
2026-04-27 07:51:00+00,44.53524745732281,214.8495647912496,213.24611139361556,2583.8998480411487
2026-04-27 07:52:00+00,52.63150001844895,207.32576138598952,178.83981901794914,2480.295867200459
2026-04-27 07:53:00+00,57.467635168735704,216.81791551774288,165.27143882096328,2451.6053698539536
2026-04-27 07:54:00+00,65.43391397593153,225.51546403739295,201.96478577223203,2623.210410080821
2026-04-27 07:55:00+00,74.28254390952483,238.50291921399847,179.8318885564761,2619.730899577229
2026-04-27 07:56:00+00,75.0571482248448,237.63227062888063,166.99994969187813,2364.4490318282683
2026-04-27 07:57:00+00,75.85903435774048,229.5645900239481,174.9725184994189,2222.1055345670466
2026-04-27 07:58:00+00,74.36145226173622,229.95047293438785,204.80079607487264,2190.5765301945517
2026-04-27 07:59:00+00,71.27498476542324,238.1774446471492,235.93435911448196,2120.547251989661
2026-04-27 08:00:00+00,72.5726896033184,244.6234031347868,275.6555726517436,2077.2272847369345
2026-04-27 08:01:00+00,77.18162503334135,251.5982631518695,214.01969948673522,2082.703130493202
2026-04-27 08:02:00+00,79.20376730131197,249.4013503086429,190.40291048517304,2112.23185657899
2026-04-27 08:03:00+00,77.94765566408984,249.4674035902806,136.40052492332515,2227.0442780723915
2026-04-27 08:04:00+00,74.24812464417485,257.37600076541264,63.37348067194639,2400.6713792138457
2026-04-27 08:05:00+00,67.11168163864149,230.1632207055866,51.26776913641088,2487.117729616436
2026-04-27 08:06:00+00,68.17672960868154,226.97926088445763,66.8296861779387,2417.2502700492187
2026-04-27 08:07:00+00,74.99905436491511,210.04657915919665,126.94626791211576,2407.681025028324
2026-04-27 08:08:00+00,77.25759650292268,207.49708867288962,171.27413296667058,2473.437140343476
2026-04-27 08:09:00+00,71.64097814883654,219.53785015419592,174.03098391534974,2505.968907552167
2026-04-27 08:10:00+00,73.04240271255576,220.34468538440177,149.51019341391535,2607.8948756045643
2026-04-27 08:11:00+00,75.8014555724604,243.66663303021446,68.40212485384887,2652.804145348795
2026-04-27 08:12:00+00,67.14683169714915,248.99549418439494,103.2491464107554,2581.29959449399
2026-04-27 08:13:00+00,69.89585177788496,268.69815740878033,62.81859792209869,2528.807378286915
2026-04-27 08:14:00+00,65.83142057636707,273.0120353038917,13.836253072496879,2387.0213199282607
2026-04-27 08:15:00+00,69.0192220924311,281.52370605627004,30.79126577145499,2299.4160752661764
2026-04-27 08:17:00+00,64.16386683649938,257.455506451714,11.326812896109082,2296.8951714708924
2026-04-27 08:18:00+00,57.94823406024925,271.8808891488169,27.663070029280007,2324.182203112665
2026-04-27 08:19:00+00,51.84195448652142,275.90142192203626,75.02390449824566,2406.0941180278137
2026-04-27 08:20:00+00,52.47476646791451,284.21655300625184,157.88632569208002,2351.643396120404
2026-04-27 08:21:00+00,51.079630611133716,243.7039281385502,123.65888246210592,2212.7683553870224
2026-04-27 08:22:00+00,44.61462740354303,241.37527145641653,95.6350172352039,2176.7077118247907
2026-04-27 08:23:00+00,41.82762712486945,247.84279196879558,84.6348873684281,2201.6849391733904
2026-04-27 08:24:00+00,35.374361758227806,255.09663785339325,192.56850186024616,2101.504664206474
2026-04-27 08:25:00+00,30.992758810647768,260.5270349129375,268.966793756045,2123.744080359461
2026-04-27 08:27:00+00,31.122922845398264,268.35237404549855,286.5716735327068,2091.4358712588214
2026-04-27 08:28:00+00,36.025470862428236,247.50674862153411,271.6536759054415,2040.4056954351975
2026-04-27 08:29:00+00,41.35644789908116,221.5823925829725,285.9423084944734,2136.5440556647222
2026-04-27 08:30:00+00,47.0024365376828,268.1850004312579,272.3650889933762,2473.326634937101
2026-04-27 08:31:00+00,40.17979490622125,275.0081703930245,286.0438251535434,2447.8768133479075
2026-04-27 08:32:00+00,47.89624637478984,262.09906076018467,282.98546386590164,2380.726142580233
2026-04-27 08:33:00+00,50.813209118415784,271.8509353801991,248.8996284743843,2299.9515990188324
2026-04-27 08:34:00+00,46.87976043077276,250.0082194306091,269.61788007652825,2290.9636985647626
2026-04-27 08:35:00+00,53.73168390634199,248.20610335339606,265.6715642855161,2328.111147560435
2026-04-27 08:36:00+00,65.39365797616507,264.9411623890772,270.87886344764576,2399.385989279076
2026-04-27 08:37:00+00,70.16316117820462,265.4450991601147,268.2362529485228,2446.5560532813743
2026-04-27 08:38:00+00,70.11800562954737,276.04434666444274,280.77071338066867,2496.511537177458
2026-04-27 08:39:00+00,74.829499514217,272.1244996163068,213.10257350197725,2398.024087385916
2026-04-27 08:40:00+00,74.31840658782751,270.90417713096457,175.14034405150292,2376.0661937640775
2026-04-27 08:41:00+00,72.02139651829953,282.2274104449177,45.57565747404759,2383.8375039012462
2026-04-27 08:42:00+00,71.53135323331796,287.182625217871,11.149945344101894,2606.4701983144323
2026-04-27 08:43:00+00,72.61224118337483,289.91112944371986,8.019204655408664,2680.879112685343
2026-04-27 08:44:00+00,72.61092265430764,284.40512545477213,44.6115107958807,2656.8059593352828
2026-04-27 08:45:00+00,77.9494041444746,290.75618949877037,24.788465538161383,2534.494414610034
2026-04-27 08:46:00+00,70.24081720096146,262.9391413865413,56.87647272706871,2563.784725054755
2026-04-27 08:47:00+00,67.00163454481704,262.80747866082464,96.10838606110104,2495.5125335410294
2026-04-27 08:48:00+00,67.69977338806855,266.27874122592186,107.45104260221133,2353.992893475554
2026-04-27 08:49:00+00,64.44884842209322,256.08113259061537,166.9665017457177,2306.985901239942
2026-04-27 08:50:00+00,61.487647852702835,276.91900072357527,172.59493239331886,2449.58128091579
2026-04-27 08:51:00+00,64.14560139566971,281.39686164418544,119.5877254859274,2550.7875369860058
2026-04-27 08:52:00+00,65.89388547348022,279.3550155439121,145.569654426504,2590.092054790147
2026-04-27 08:53:00+00,62.91838157246998,268.58019660048757,160.7646453400153,2597.297669491821
2026-04-27 08:54:00+00,59.3004064403908,247.7495693442422,106.96136282679474,2450.7592788267325
2026-04-27 08:55:00+00,60.54581161474048,267.56843609377677,49.649741020426475,2349.396994800621
2026-04-27 08:56:00+00,73.50734584634841,268.08862415954155,22.81195971198563,2240.6135723519906
2026-04-27 08:57:00+00,78.32077215890853,212.49330808432805,17.55595154539421,2165.0515517431386
2026-04-27 08:58:00+00,78.42694200200826,229.27298269321318,53.49925877604201,2158.9908574587134
2026-04-27 08:59:00+00,79.69639958560958,221.5950782841676,72.81928256956394,2036.091703457098
2026-04-27 09:00:00+00,78.86368665202242,222.70816557505884,76.87154726898466,2055.7491280220233
2026-04-27 09:01:00+00,77.95351500166885,247.3512375957135,44.77432451924669,2087.9530375590375
2026-04-27 09:02:00+00,70.43640290274797,225.57589868912706,44.12947309781185,2180.3116901841217
2026-04-27 09:03:00+00,64.51238338579927,209.68414693165798,50.76403022465328,2071.558667363084
2026-04-27 09:04:00+00,59.3536778739888,231.49064927089339,55.51736246537216,2047.6092862660437
2026-04-27 09:05:00+00,68.2482723014545,265.37676098347333,28.083501569640635,2135.807327300921
2026-04-27 09:06:00+00,75.64007953138852,293.22226983515077,40.00337817382338,2047.599023082041
2026-04-27 09:07:00+00,77.66158982174366,293.96248313776505,41.088529603447505,2018.026116567078
2026-04-27 09:08:00+00,74.59774335500643,286.42615157770524,55.750282147622,2027.9815232299115
2026-04-27 09:09:00+00,68.31841480269114,293.3775679921222,124.23436997317391,2049.4470240201954
2026-04-27 09:10:00+00,69.12863000125789,273.7083538540322,150.02359074196727,2107.523983205504
2026-04-27 09:11:00+00,66.94811637390087,244.5445798782758,177.47780700158958,2061.1121343326968
2026-04-27 09:12:00+00,61.38725380461145,236.679193618958,184.99380222957177,2063.783812644652
2026-04-27 09:13:00+00,56.216717101670994,228.83459182385553,166.50471889256139,2098.7193914281675
2026-04-27 09:14:00+00,53.961262793747274,236.23898689606057,183.4291123665771,2136.708398030887
2026-04-27 09:15:00+00,57.343331349856406,240.67246452762447,199.7808978593862,2100.0591022430754
2026-04-27 09:16:00+00,61.83984162138612,239.36350822596933,187.3850793927509,2277.6806594954496
2026-04-27 09:17:00+00,62.50142854959858,246.9363968503331,166.26240952501416,2230.9431886248944
2026-04-27 09:18:00+00,58.755678626483245,275.98000591622775,109.24310414361223,2220.0158443371934
2026-04-27 09:19:00+00,55.71342283544431,288.6830276477025,102.26876036766407,2083.6838714693254
2026-04-27 09:20:00+00,68.44242318980751,289.9539222455394,126.90997289251897,2118.3732038847456
2026-04-27 09:21:00+00,76.56338624564937,251.29668977665247,155.79844608523243,2331.443159072287
2026-04-27 09:22:00+00,76.97532011022979,279.93712225720253,175.70040710714835,2351.641550225112
2026-04-27 09:23:00+00,72.57357906455721,277.2653616564015,167.59544818803073,2427.4462937623166
2026-04-27 09:24:00+00,73.93170814279527,268.4080336160148,84.19053215300455,2530.3176787753714
2026-04-27 09:25:00+00,79.01324075114962,231.52136882327392,36.775121021030714,2463.694098230549
2026-04-27 09:26:00+00,78.56261737145829,215.37154106932385,46.812006496005374,2459.4508676396676
2026-04-27 09:27:00+00,75.22069803749322,211.98260165651277,41.19619411064895,2378.2277189559013
2026-04-27 09:28:00+00,78.46763825428849,208.96381173798957,153.89320817462274,2328.884984184625
2026-04-27 09:29:00+00,74.69557936120397,213.54471404554792,238.35554461167433,2297.773245214082
2026-04-27 09:30:00+00,76.82646586547388,256.77709688155494,270.237636939837,2105.7014036416876
2026-04-27 09:31:00+00,68.07916522394568,255.5532830386179,284.4223429136382,2055.4017061271434
2026-04-27 09:32:00+00,64.42487753613773,250.0579959854527,245.5645483486123,2124.733745607505
2026-04-27 09:33:00+00,65.85733980060533,274.9518163959525,144.6335417141514,2065.034263633582
2026-04-27 09:34:00+00,66.02486922981677,279.62413635466845,90.34859485884755,2050.7906466458007
2026-04-27 09:35:00+00,70.3519275340195,293.4241577992756,37.834787378102305,2091.0144299914045
2026-04-27 09:36:00+00,74.97564294985173,287.4667095779909,90.24029363576324,2027.3661512860492
2026-04-27 09:37:00+00,69.58349076333876,294.5344323599404,79.42243277409099,2065.3976370485384
2026-04-27 09:38:00+00,72.75329222898503,292.6886474764966,89.04323390226219,2073.702957744975
2026-04-27 09:39:00+00,76.01837441715165,291.7575366132961,187.44928538520188,2051.354986978748
2026-04-27 09:40:00+00,73.36473044244622,287.28663778695613,197.52937701270514,2121.8587897332322
2026-04-27 09:41:00+00,74.43909989531451,289.4880470465801,112.17743287595736,2188.1465760086367
2026-04-27 09:42:00+00,74.1473234810325,289.5137413498983,62.86496693243077,2151.5318499523105
2026-04-27 09:43:00+00,72.8143456637098,293.17384590025375,44.40876975893709,2098.0837434591945
2026-04-27 09:44:00+00,63.166034632852615,287.62473089687563,211.1438283689868,2031.3013246869648
2026-04-27 09:45:00+00,57.951265393316135,257.7978948628638,219.7850895693555,2032.649174795689
2026-04-27 09:46:00+00,53.81361786174892,241.33752491086727,198.3800491416113,2017.7663691039525
2026-04-27 09:47:00+00,47.99269057991317,243.16405467661383,163.95511629982306,2029.4994228570415
2026-04-27 09:48:00+00,39.61803100016208,216.86127185215744,85.27239465581782,2131.91936914913
2026-04-27 09:49:00+00,39.16918309620988,223.58152008207446,19.915804729807576,2355.8713915506164
2026-04-27 09:50:00+00,41.90813408146214,226.3425782629711,27.169605305527394,2450.4354388965444
2026-04-27 09:51:00+00,39.180161307611755,218.33395025729052,65.2464521516399,2536.519036146122
2026-04-27 09:52:00+00,42.98460459441405,253.2833284929578,154.30818614610791,2639.371482429869
2026-04-27 09:53:00+00,34.19343809226978,283.7038049328099,160.34403905401345,2399.8899133971786
2026-04-27 09:54:00+00,34.206578049025346,267.7276532998719,176.29161341256702,2252.498141643167
2026-04-27 09:55:00+00,33.6864273644309,250.59792975273183,228.22189991439134,2267.3792878877593
2026-04-27 09:56:00+00,38.93160788103681,241.43325238319264,214.53231343796833,2305.2048533228276
2026-04-27 09:57:00+00,32.83002927297382,235.76278963184006,213.79246502561355,2319.3120045794635
2026-04-27 09:58:00+00,40.3746732186127,221.50039999035823,225.5259316446231,2323.4092571886767
2026-04-27 09:59:00+00,35.2185079400363,222.48406419706586,258.6067241900198,2291.4155727865855
2026-04-27 10:01:00+00,35.90861478426505,214.27518262664896,258.96967565175936,2334.304872145427
2026-04-27 10:02:00+00,34.35562744046009,216.4335216392844,262.05769615142975,2376.105048715102
2026-04-27 10:03:00+00,37.012570895201264,224.81617603751067,268.59704075403,2588.0414655479008
2026-04-27 10:04:00+00,48.1237415286379,285.1795748828172,237.24982853422497,2600.189321921903
2026-04-27 10:05:00+00,51.81506666003536,281.06491661972206,242.97378990309562,2712.502536896456
2026-04-27 10:06:00+00,50.89527411552307,250.30697008482633,253.18641498823868,2681.014831191201
2026-04-27 10:07:00+00,52.49892992193698,236.2219916869222,160.68302911603394,2562.053778173455
2026-04-27 10:08:00+00,51.32499542085142,226.58200847976616,121.92981085403076,2484.571002660618
2026-04-27 10:09:00+00,50.20083521962453,205.77499475566307,136.10193214505236,2284.8440540529864
2026-04-27 10:10:00+00,56.28809792881225,203.1910884366251,102.53219756536076,2395.8592091567066
2026-04-27 10:11:00+00,66.74012717818704,211.16765829122352,138.3510399114847,2502.8247432466405
2026-04-27 10:12:00+00,73.83131058994348,206.28869052277514,130.89578398157175,2434.1250406582285
2026-04-27 10:13:00+00,74.68025544474214,228.9333599541141,184.16978730141463,2357.038646556844
2026-04-27 10:14:00+00,67.11773064694816,234.6575601578831,214.23136149196293,2196.057775341689
2026-04-27 10:15:00+00,61.45742664325592,243.16889213723275,163.2508134686372,2268.7784036218777
2026-04-27 10:16:00+00,60.4277904576672,236.02413296045924,161.79729048541958,2116.4995046331605
2026-04-27 10:17:00+00,58.09982171822501,222.40053048576266,204.82380595695253,2169.9315193519087
2026-04-27 10:18:00+00,54.150846819858224,258.0739698485779,263.24369569950744,2241.8534735599
2026-04-27 10:19:00+00,50.70265304277928,237.03174503782813,264.15442315512615,2108.1118627738692
2026-04-27 10:20:00+00,50.48283645681308,230.266710728339,276.97625314501437,2078.878765541379
2026-04-27 10:21:00+00,40.833031338746075,220.26181098867042,241.62251091721205,2029.529004087523
2026-04-27 10:22:00+00,37.767424261891186,205.61923170135634,213.33596677138866,2107.1799545176737
2026-04-27 10:23:00+00,34.63511035843628,213.38077939971924,224.43552363320939,2087.567527409135
2026-04-27 10:24:00+00,36.35841095840275,215.9001490659885,283.7592930917342,2254.892008447592
2026-04-27 10:25:00+00,48.74720349705685,217.78460460583221,274.3041856403783,2093.463656124377
2026-04-27 10:26:00+00,61.37363031505499,213.2197654036606,205.32755232345178,2135.811995266232
2026-04-27 10:27:00+00,61.72706103839359,206.04684741869937,161.7932258791916,2226.4194255622433
2026-04-27 10:28:00+00,57.425294774099804,207.9954159974134,174.0586036069109,2192.0553599243794
2026-04-27 10:29:00+00,62.36841440511468,206.17919702865208,177.5954813831132,2179.789557248442
2026-04-27 10:30:00+00,59.54142730956307,213.37723308658607,70.28243127625744,2355.090830958557
2026-04-27 10:31:00+00,50.79121490912936,230.05279189957236,50.10956966778566,2412.2267448227785
2026-04-27 10:32:00+00,42.89316698523706,238.05370873997592,25.2516303994669,2489.8025213943415
2026-04-27 10:33:00+00,48.12633691515452,242.68475936121524,24.522905553829364,2421.352919672733
2026-04-27 10:34:00+00,43.375796992513074,252.10297339597798,163.78094399547646,2435.4581286842754
2026-04-27 10:35:00+00,50.32618471545463,253.36831091553086,172.336941867921,2303.2982178160673
2026-04-27 10:36:00+00,44.79918805649181,227.65043770781148,166.15929568438835,2358.0022114799517
2026-04-27 10:37:00+00,42.63918365463423,220.09477740780002,219.72809104073488,2307.5502042719013
2026-04-27 10:38:00+00,44.38380911644556,209.783250469281,271.931909868534,2455.9109745613846
2026-04-27 10:39:00+00,36.84088149668952,209.09515799085656,272.28092839799467,2519.9328652206555
2026-04-27 10:40:00+00,41.80973240882694,241.17671781299347,277.0368459672904,2548.135268762003
2026-04-27 10:41:00+00,35.14383825780454,240.99562256448345,253.81061302097854,2614.14746249474
2026-04-27 10:42:00+00,36.01884564215383,237.97636965250422,213.9025833269507,2796.136240815242
2026-04-27 10:43:00+00,39.130478098103026,240.45231171627287,121.21692762943174,2907.558564582363
2026-04-27 10:44:00+00,37.996798106259064,259.8562267283155,122.12506915107413,2881.5635767075682
2026-04-27 10:45:00+00,38.51672604932877,296.35693184461644,48.72943860864361,2843.007632539303
2026-04-27 10:46:00+00,32.000773721152605,284.7704546618186,155.0666527271226,2843.503384607762
2026-04-27 10:47:00+00,32.43688593876634,287.7357218521312,204.90874979158468,2948.7424482363876
2026-04-27 10:48:00+00,37.579348299821355,294.0756919133346,232.9401478630254,2967.3955702272606
2026-04-27 10:49:00+00,42.73743503643873,279.00112890767144,130.0436772578188,2928.4987254223565
2026-04-27 10:50:00+00,46.299400185135006,277.4524052371373,182.29834791630552,2963.3687884450287
2026-04-27 10:51:00+00,50.85990083011962,256.2299280262907,253.31476061959293,2957.0237470244238
2026-04-27 10:52:00+00,52.23188171863013,261.8414602916521,174.05592160506575,2961.718720613168
2026-04-27 10:53:00+00,47.60261760111245,236.6750359704367,130.3859969687896,2925.9908658716527
2026-04-27 10:54:00+00,46.26565023780297,232.4499419387244,171.9464322206603,2979.4252071472897
2026-04-27 10:55:00+00,46.46613182180917,250.67836227690222,231.91386198784872,2976.5941302217007
2026-04-27 10:56:00+00,50.16400107595464,261.5746139002406,204.6681037743032,2966.2734009673013
2026-04-27 10:57:00+00,43.38134788109587,255.6889331740605,126.42827660812522,2872.18957394951
2026-04-27 10:58:00+00,45.91484626452627,238.7859235784901,69.01457799179819,2922.8984887063207
2026-04-27 10:59:00+00,52.903367290130014,223.8914876441187,20.09253428792724,2832.9413715353157
2026-04-27 11:00:00+00,63.80056435314853,219.6766839838792,20.67699115881565,2813.1657155380494
2026-04-27 11:01:00+00,71.7060963970713,211.85813658579576,16.321643995548456,2940.874391403666
2026-04-27 11:02:00+00,70.50254188366307,219.83773550586199,35.666733247336104,2961.285367228418
2026-04-27 11:03:00+00,57.21093085731245,221.37527877818553,82.51620489967412,2949.2018743011768
2026-04-27 11:04:00+00,53.05590864526485,234.92454404295492,19.930614857128916,2834.9287456420293
2026-04-27 11:05:00+00,44.230694888433845,240.0590993394658,37.184278259853706,2814.9095786310577
2026-04-27 11:06:00+00,41.397800079597594,263.26754408931936,20.426762884917306,2741.968866587359
2026-04-27 11:07:00+00,49.585095579473204,239.07699209991497,51.02427275089066,2667.310829941658
2026-04-27 11:08:00+00,62.711889570561304,230.53100197494547,21.164738119102775,2619.706401279634
2026-04-27 11:09:00+00,68.09385909132864,241.90656565998515,18.497486784879495,2502.7620882704296
2026-04-27 11:10:00+00,68.09945801064801,216.0168558514568,10.276899970642692,2455.003786557571
2026-04-27 11:11:00+00,64.5453342596238,232.9727754283491,17.200324848588,2349.787280450386
2026-04-27 11:12:00+00,63.93182981452456,265.85807112739633,49.254222234177725,2240.4031756283725
2026-04-27 11:13:00+00,62.26692194997296,257.71485258449314,64.4924815775467,2250.0075143572026
2026-04-27 11:14:00+00,60.79752396461207,228.00284260778665,46.74123734291307,2271.237267637641
2026-04-27 11:15:00+00,68.33923314708403,225.45754760353395,24.49306038288685,2443.581573166565
2026-04-27 11:16:00+00,61.18105476910735,231.1708500968578,60.31059278199417,2544.7192151976806
2026-04-27 11:17:00+00,67.34506506647129,253.8217371506052,142.26716913644444,2500.095108142316
2026-04-27 11:18:00+00,71.83395234058665,267.8793594666082,87.01198494150871,2663.1565845920486
2026-04-27 11:19:00+00,71.98054919283712,270.2746884326125,98.78306623266234,2828.4874036954734
2026-04-27 11:20:00+00,77.24237252855592,250.23191646089987,114.31256024776734,2886.8274725724605
2026-04-27 11:21:00+00,67.87353232890301,262.2585640855104,100.03643414958137,2844.448728262352
2026-04-27 11:22:00+00,61.66323166512692,253.4593456828297,161.95430430838152,2963.4516920820847
2026-04-27 11:23:00+00,61.165879994203024,227.05163400757328,127.45866942395406,2974.9593665981124
2026-04-27 11:24:00+00,53.73207733105793,209.67458660481304,85.35283671448664,2852.8811041001945
2026-04-27 11:25:00+00,46.78221143884173,213.97197534125578,23.331937335600607,2834.9219028576167
2026-04-27 11:26:00+00,47.46553817604773,207.17469374270988,11.32342732500571,2964.8528825610883
2026-04-27 11:27:00+00,50.96233212498387,226.39002039142048,44.002745746913575,2902.372651370181
2026-04-27 11:28:00+00,60.88107943291336,235.56208735448737,31.384638529879492,2836.576640102871
2026-04-27 11:29:00+00,63.03251250337728,218.36714670079718,21.68048977774643,2936.3392831536344
2026-04-27 11:30:00+00,56.5771705589728,275.4631042954434,62.20833822046986,2925.295012293926
2026-04-27 11:31:00+00,58.109293517636466,280.9486473452399,103.18739588278441,2887.776860090972
2026-04-27 11:32:00+00,52.347073498064596,262.725340540515,47.49112244895491,2934.82484177454
2026-04-27 11:33:00+00,65.91114971667119,260.7963080627916,52.01371014140149,2944.1732033968433
2026-04-27 11:34:00+00,69.33253467492816,261.8139783760976,49.68180010081839,2956.920070204079
2026-04-27 11:35:00+00,66.77423818839435,293.42713305260463,123.43320924053293,2748.3065586107796
2026-04-27 11:36:00+00,67.57611446056652,263.92229080032183,123.58335251226872,2614.752475903683
2026-04-27 11:37:00+00,63.758999392032145,264.58098543878737,182.21749627873865,2565.4799870063953
2026-04-27 11:38:00+00,57.76129569604736,267.6861041008237,134.1371494698853,2447.70288787224
2026-04-27 11:39:00+00,62.702198157347034,254.51148851129236,104.47672350465713,2358.1001358897975
2026-04-27 11:40:00+00,60.84899920673724,218.19149746033028,76.93203728296189,2210.8897094969698
2026-04-27 11:41:00+00,56.56764937050074,205.9553789970963,25.358143579034078,2184.221132063698
2026-04-27 11:42:00+00,55.219919143628424,217.54693656375366,57.187194053254885,2057.993709099831
2026-04-27 11:43:00+00,50.00725576645187,225.8293525628743,167.8796216790584,2027.0586122209602
2026-04-27 11:44:00+00,51.20053106868541,212.86870968491073,267.00397615837517,2024.812430864417
2026-04-27 11:45:00+00,46.425729407950094,236.1095434969106,262.1731411968658,2179.6274365920012
2026-04-27 11:46:00+00,46.32252711020372,273.59429329935665,254.02347486077525,2327.327993231248
2026-04-27 11:47:00+00,41.47213556387696,288.03200431859193,268.58718579710677,2418.4732999122393
2026-04-27 11:48:00+00,33.294865031862244,278.33227620716394,263.2865928350215,2404.3566279373927
2026-04-27 11:49:00+00,31.91049624300731,274.0405722438359,255.59952828647187,2417.971606453683
2026-04-27 11:50:00+00,36.24046798326071,253.0253257154854,254.45459221183575,2384.29033320588
2026-04-27 11:51:00+00,47.38554324074843,241.67641183532172,205.97762439809327,2395.8487684905017
2026-04-27 11:52:00+00,66.12479576384807,253.2995754781361,88.68732563541218,2342.776477342982
2026-04-27 11:53:00+00,71.85771618942626,244.40782115693779,38.30988184937502,2389.4158067835806
2026-04-27 11:54:00+00,77.58110395273201,246.14977622001643,15.902459319205088,2494.8056228266973
2026-04-27 11:55:00+00,75.27887237606795,211.55951848871928,16.064059447282265,2628.1164223082
2026-04-27 11:56:00+00,67.70231628265296,214.84557092992716,31.061247627744642,2544.2693675389596
2026-04-27 11:57:00+00,69.81660925891562,208.589456992021,65.49990656006166,2470.1845520241723
2026-04-27 11:58:00+00,70.41437313831813,222.04922682436313,60.77692855021772,2387.842906481013
2026-04-27 11:59:00+00,65.49180466766862,231.63227723795416,55.23271090678918,2422.410490155226
2026-04-27 12:00:00+00,51.5342496038331,225.97735952077537,136.07910103733164,2245.480259868861
2026-04-27 12:01:00+00,53.87017871238949,208.3259059436692,33.275345979972066,2320.6847651830635
2026-04-27 12:02:00+00,53.55072220126514,235.27711108895684,54.96680850143398,2279.123903503767
2026-04-27 12:03:00+00,48.06683765096043,257.87947569061214,52.81370214361265,2300.095590610363
2026-04-27 12:04:00+00,51.20644659091314,254.7943843603923,47.775462407186495,2053.0535507664563
2026-04-27 12:05:00+00,56.680779072921624,246.36467029347264,20.861488961838813,2105.506187543451
2026-04-27 12:06:00+00,60.26025217459572,250.82389416518836,41.446371196380845,2098.6095952150145
2026-04-27 12:07:00+00,67.2207728120751,270.76030044039516,57.21078045683199,2107.0859163480677
2026-04-27 12:08:00+00,66.51633165314489,281.4124959367622,75.70840630118367,2346.3509657085724
2026-04-27 12:09:00+00,54.819511962458265,267.42601282189884,40.870962685881736,2404.6268442628007
2026-04-27 12:10:00+00,54.19624357907893,260.4672119966654,23.583024575596443,2377.487344428416
2026-04-27 12:11:00+00,55.35643673204323,260.1620427041232,60.577368717325214,2427.4800947023964
2026-04-27 12:12:00+00,61.050441383891,254.1835562141177,11.016119506941735,2673.9465752016117
2026-04-27 12:13:00+00,71.29291070228668,265.83710199054786,49.54827737096212,2576.51878674904
2026-04-27 12:14:00+00,76.75680212107646,286.0738703568448,24.41036744419705,2579.8821114321368
2026-04-27 12:15:00+00,76.77278249395712,283.36991273089126,21.673510010516367,2616.809771494126
2026-04-27 12:16:00+00,75.86295557145007,281.60978193772775,91.60319763261218,2608.525108002691
2026-04-27 12:22:00+00,69.99400426724222,291.38754202051217,33.168077568140205,2574.271618898841
2026-04-27 12:23:00+00,67.3899776031857,296.8102936280502,5.156917881096435,2579.0074698648386
2026-04-27 12:24:00+00,62.31719766897595,289.81270149994884,47.859635967552194,2483.8875432126006
2026-04-27 12:25:00+00,60.88643954890549,280.8589475520187,74.85853944328706,2466.574919776793
2026-04-27 12:26:00+00,58.261463550558354,258.78317248392915,28.81452248623995,2493.1181038532873
2026-04-27 12:27:00+00,60.47636912680858,241.76314953118774,53.97371064718063,2393.661272252148
2026-04-27 12:28:00+00,74.10425772386543,248.0523113516895,125.70682067628337,2231.0999760455165
2026-04-27 12:29:00+00,72.05090254341226,226.41368662039397,87.46882805120397,2122.1186963741834
2026-04-27 12:30:00+00,76.3851905097418,226.3485198279508,89.14955312544546,2067.634382884987
2026-04-27 12:31:00+00,75.291947437706,219.36192967589398,11.38970300089251,2159.423605783029
2026-04-27 12:32:00+00,74.47185993696283,236.06331922616698,38.26686550409999,2107.8705290558482
2026-04-27 12:33:00+00,78.18052815947728,271.3149032508093,99.4103029674072,2122.0941912487965
2026-04-27 12:34:00+00,74.6407659111465,260.26081031628354,125.88639858879571,2210.8045516495013
2026-04-27 12:35:00+00,75.63916142897563,260.15999391473684,141.1725346798384,2172.1286354490417
2026-04-27 12:37:00+00,72.81669941500503,262.17346640988006,156.94205217737473,2199.1858439174953
2026-04-27 12:38:00+00,73.30239869882514,261.1079464002086,191.16827498863103,2080.4830675435337
2026-04-27 12:39:00+00,73.98944162662596,266.3174461934105,196.1088903841952,2077.4227740199885
2026-04-27 12:40:00+00,76.22392695615605,229.57713780423893,70.56745400325912,2132.7752100538323
2026-04-27 12:41:00+00,76.96464233253944,218.27112016528375,31.34595302102408,2196.1121839834746
2026-04-27 12:42:00+00,75.25900677315876,236.66640933389832,16.90935421485798,2337.4412791815307
2026-04-27 12:43:00+00,67.04800770637463,222.7502241108189,30.34128437928337,2524.664777512815
2026-04-27 12:44:00+00,67.88095721869561,246.94685479734645,34.81521771371471,2710.128720183568
2026-04-27 12:45:00+00,75.66485540260481,237.18204576027625,70.43267055976668,2589.4576311795795
2026-04-27 12:46:00+00,77.13868252760389,241.4673482835965,107.26260973236828,2650.3166558343223
2026-04-27 12:47:00+00,77.61633879965711,265.5297552963273,57.329868470712086,2747.800434415279
2026-04-27 12:48:00+00,74.90529094385441,256.21035746879636,101.37579822755845,2807.080574519126
2026-04-27 12:49:00+00,75.42865090071912,282.7334977511511,139.4045303725087,2953.9682993632023
2026-04-27 12:50:00+00,68.85706263051257,295.4756006926543,111.82869625916476,2830.9004600804587
2026-04-27 12:51:00+00,69.19503420055463,284.11333452196124,68.19948515308764,2745.3312243420037
2026-04-27 12:52:00+00,67.69883227858229,263.33715857501426,27.85014024891799,2828.2584339863606
2026-04-27 12:53:00+00,62.051694261818874,272.85827681022874,66.20305704829073,2806.734010259824
2026-04-27 12:54:00+00,51.39682473105966,290.6578445179505,26.598106083547588,2716.8785129517823
2026-04-27 12:55:00+00,51.54837238544794,282.42036354081,84.53521045767674,2740.917525490547
2026-04-27 13:00:00+00,53.759321131172655,281.6726961065986,128.99489968635137,2832.07061067054
2026-04-27 13:01:00+00,51.78619597339589,277.1692936940775,163.70019714447702,2711.386185484889
2026-04-27 13:02:00+00,51.40456902625075,234.95263119981405,92.75386456923943,2666.0802188500397
2026-04-27 13:03:00+00,62.474258557254416,216.05569302384347,142.11875643765453,2743.4486293219143
2026-04-27 13:04:00+00,57.12833081318097,225.43289357363173,205.1735335202648,2838.2677941621864
2026-04-27 13:05:00+00,66.58463174331732,211.10823329610454,225.10017067139353,2915.8314680448298
2026-04-27 13:06:00+00,72.88600647427732,224.04779630134456,244.35676204485085,2920.242028868449
2026-04-27 13:07:00+00,69.1565065953175,276.5446253473525,187.5155164204841,2896.7558728521476
2026-04-27 13:08:00+00,67.58363848608522,272.3197044894194,150.65669767726706,2902.4443306740736
2026-04-27 13:09:00+00,69.2158490170368,286.9569430926021,144.16283636927736,2830.8061929984424
2026-04-27 13:10:00+00,68.23593431200362,274.78737538850373,134.86134238356064,2890.1311351705813
2026-04-27 13:11:00+00,66.37119994381509,262.8559071813904,191.77974862638885,2855.3797754946263
2026-04-27 13:12:00+00,70.57201671986722,241.2368736242664,243.51077227148164,2937.6473015887527
2026-04-27 13:13:00+00,66.63652501444547,262.56077445056366,168.65942129066917,2902.380572204529
2026-04-27 13:14:00+00,62.87896287413553,263.2551404527801,173.616702428686,2794.5952845091188
2026-04-28 08:18:00+00,73.73377037978995,217.84539668987586,153.66590460320495,2432.382248666808
2026-04-28 08:19:00+00,75.20141434685229,219.98899786820408,159.0740639074314,2418.5771666146816
2026-04-28 08:20:00+00,73.9743086573344,210.04451975352555,65.57050388516456,2445.9626949007725
2026-04-28 08:21:00+00,76.56330934663127,236.416256043366,75.36760702521794,2449.017815947594
2026-04-28 08:23:00+00,75.5061901457577,214.963916269675,130.26903592426325,2644.7663294222293
2026-04-28 08:24:00+00,69.38863792045994,209.15540385489902,155.63888714319802,2724.657213935313
2026-04-28 08:25:00+00,74.44941971445206,255.0897376377335,131.10378173006052,2647.767010933491
2026-04-28 08:26:00+00,74.96432315172042,244.24202575234548,172.66636146421524,2505.536927450837
2026-04-28 08:27:00+00,77.44216576801446,233.3947172477786,181.07995245985435,2641.1465529576576
2026-04-28 08:28:00+00,76.01837930929095,212.4725879407489,93.24389992849039,2563.5149824519453
2026-04-28 08:29:00+00,73.29237956967404,241.87243767343787,48.720258422882395,2434.2427431009773
2026-04-28 08:30:00+00,73.10410253615196,278.4232119836641,45.012839792339406,2520.7488011310447
2026-04-28 08:31:00+00,68.97837243291119,294.32902234166113,29.40112275968162,2508.630121228564
2026-04-28 08:38:00+00,70.09792969240759,295.720810638808,67.15013187635421,2439.5442128310106
2026-04-28 08:39:00+00,70.66610933637462,284.09212611464346,157.28328944230347,2393.9248870547535
2026-04-28 08:40:00+00,68.68252068636886,280.54444043752926,93.64026851503662,2343.148598950923
2026-04-28 08:41:00+00,59.722916546591115,295.2580818233972,63.271306785999066,2451.1246501640976
2026-04-28 08:42:00+00,55.92960347286625,289.07566176742955,99.44098310131363,2460.2757010456166
2026-04-28 08:43:00+00,52.18009248464726,272.7089403057752,74.73173590971443,2366.3594238187056
2026-04-28 08:44:00+00,55.88142386282525,258.4972542452745,31.03567840885522,2366.125495178735
2026-04-28 08:45:00+00,61.30352944023354,227.16237924919253,66.03099994263468,2306.662213543074
2026-04-28 08:51:00+00,64.10089841471437,218.8491205039654,106.63972937622823,2162.579964458817
2026-04-28 08:52:00+00,53.61465272403454,212.98639979159836,85.84770162104279,2115.1296418499405
2026-04-28 08:53:00+00,53.24068624044619,239.84748740248827,72.83723525262786,2216.236124118778
2026-04-28 08:54:00+00,60.28103763427148,266.79724692961884,73.46436097278463,2270.829284638833
2026-04-28 08:55:00+00,48.87462929842009,257.00221090043226,184.0380245708559,2309.2171201336114
2026-04-28 08:56:00+00,45.853200727782834,293.1121738680996,209.38513054351267,2529.1853402501124
2026-04-28 08:57:00+00,51.887913611150196,270.676163724502,100.29750362758877,2635.237681046498
2026-04-28 08:58:00+00,56.46820352775652,269.64433429459586,11.091213014834226,2672.477898476741
2026-04-28 08:59:00+00,57.06059286145513,291.00005827117496,9.526767379966788,2673.593123402087
2026-04-28 09:00:00+00,54.263988249031435,287.3271567548877,50.61153197399895,2764.482117456855
2026-04-28 09:01:00+00,60.38364017883187,288.2373813754234,83.44332635151224,2745.1884438917664
2026-04-28 09:02:00+00,66.77212011992754,273.46884777416864,119.11217520463792,2764.9042331609853
2026-04-28 09:03:00+00,64.48521024381678,292.56456401679105,135.1098514371639,2874.6111630946
2026-04-28 09:04:00+00,74.39956463378189,289.9766197181034,89.49114113863078,2946.6106732899348
2026-04-28 09:05:00+00,77.60107529761012,281.5217349433586,40.40686829508937,2980.3457127207366
2026-04-28 09:08:00+00,75.21768759078932,282.80576360010133,87.05940530366559,2962.1888684082955
2026-04-28 09:09:00+00,77.74973417987957,293.13570032992465,136.66465934104917,2747.9736417167956
2026-04-28 09:10:00+00,71.64047276629664,284.87853849591653,163.98662192486594,2521.3075048660126
2026-04-28 09:11:00+00,73.62377978040489,268.9147263234149,218.28197319395366,2481.941921101116
2026-04-28 09:12:00+00,75.97437429139761,238.9296402370901,276.74502917624255,2480.2903358161984
2026-04-28 09:13:00+00,73.53114551719929,227.97777862211518,271.0651364384106,2555.7469368621537
2026-04-28 09:14:00+00,70.3178422573514,206.96201209209661,220.13257031457294,2646.6005711689945
2026-04-28 09:15:00+00,77.22070096093964,207.2909990072032,174.07966535019173,2688.032252680768
2026-04-28 09:16:00+00,77.93194813794744,235.71287150649368,131.53208643133897,2787.8362294722046
2026-04-28 09:17:00+00,72.2475356709743,222.92691019673097,139.28054619492917,2863.640483063314
2026-04-28 09:18:00+00,69.22261604608974,207.12550766568256,117.35066269593563,2944.8270543646063
2026-04-28 09:26:00+00,68.54906238389547,204.37513551229293,150.66195627336108,2914.941675694161
2026-04-28 09:27:00+00,72.07505031164446,206.5137858290582,258.9651484687692,2959.734339494516
2026-04-28 09:28:00+00,75.38512528785589,236.6503577042824,263.51563160885115,2895.169705195821
2026-04-28 09:29:00+00,72.72881637226081,289.4903948500063,236.91714153231243,2871.724381948312
2026-04-28 09:30:00+00,76.34479092256724,278.86998649625724,209.27243528984042,2972.914394356631
2026-04-28 09:31:00+00,77.6199322078419,258.94692939098627,251.5422309899933,2825.87011514144
2026-04-28 09:32:00+00,70.23423635392307,234.50722318305088,205.48365888685996,2740.7520844634123
2026-04-28 09:33:00+00,68.87026875077697,223.44821999594598,153.4922724577831,2808.6763150231027
2026-04-28 09:34:00+00,64.58951050419937,244.49928947924553,150.70927305096305,2888.7970697474675
2026-04-28 09:36:00+00,61.47279818054889,232.5721557605939,103.7400831106661,2823.7537944345695
2026-04-28 09:37:00+00,64.59021015006354,216.5162901873133,82.59270504430434,2782.3088900445396
2026-04-28 09:38:00+00,56.47461582375541,214.00700470237058,109.53294256944123,2687.654013381015
2026-04-28 09:39:00+00,47.44521070877942,237.17432622147373,157.07386038004793,2711.0408201975715
2026-04-28 09:40:00+00,49.563101912065136,255.80529693224344,178.75085034440193,2453.267788589445
2026-04-28 09:41:00+00,60.69981152326491,260.86750058131315,228.02924598917528,2347.9367695946567
2026-04-28 09:42:00+00,71.11665330089379,244.13512907388454,221.93018739320442,2280.574790708373
2026-04-28 09:43:00+00,70.60330908963147,238.3655735907791,122.37926428991267,2254.169182706425
2026-04-28 09:44:00+00,69.98765733280311,262.9988587066185,91.11434398960351,2301.669791564169
2026-04-28 09:45:00+00,61.1175185684762,275.1607148800169,116.71724229861044,2383.327860883404
2026-04-28 09:46:00+00,56.88620614660756,254.60933963866822,227.7548593648334,2261.4551702541185
2026-04-28 09:49:00+00,52.95371570554767,227.99551354056555,234.44955633889765,2199.5089104671374
2026-04-28 09:50:00+00,51.201895196580864,221.5844652793614,159.55525898882118,2083.8696207541448
2026-04-28 09:51:00+00,52.83230363488566,242.14840745308587,140.12347031414222,2204.6577524958198
2026-04-28 09:52:00+00,46.43935992220316,241.1017112360251,188.7511983771766,2137.1715141909613
2026-04-28 09:53:00+00,47.83554323434726,236.98924785680646,226.19313964098825,2069.2571016337038
2026-04-28 09:54:00+00,54.71171835819219,253.07067770386004,255.38119001368696,2393.2534369170917
2026-04-28 09:55:00+00,58.753099668881745,286.52003583681056,272.33350732083557,2492.620531252718
2026-04-28 09:56:00+00,65.86617498385493,269.4930760239382,255.39598165920643,2444.4888070609854
2026-04-28 09:57:00+00,76.92190695582083,262.8649808127093,218.76589923438766,2474.115549647148
2026-04-28 09:58:00+00,78.33289691897355,287.8012275469879,204.59236377549357,2568.4517133343343
2026-04-28 09:59:00+00,77.6987964413651,290.17431063577084,123.61803907587264,2525.5961782700338
2026-04-28 10:00:00+00,72.32812196906401,289.1239449640626,86.21399302395366,2498.18006276787
2026-04-28 10:01:00+00,77.1652647282106,269.9404325313094,196.85274396353392,2594.6287038468004
2026-04-28 10:02:00+00,78.91508785508306,265.38394257008645,219.14648346316105,2727.0487208822055
2026-04-28 10:11:00+00,71.82043704237648,227.5141217852465,28.36563950329839,2802.4989340436214
2026-04-28 10:12:00+00,70.52919627148687,229.18454665787715,18.0490754109313,2728.0419684832245
2026-04-28 10:13:00+00,65.4088848185157,251.41246865044295,18.527675291753166,2800.5082242796702
2026-04-28 10:14:00+00,61.40624510790366,248.9418888478348,19.69598374880548,2834.517528390761
2026-04-28 10:15:00+00,49.401871124926494,221.82451412306824,38.825087528686986,2786.6077815659587
2026-04-28 10:16:00+00,41.60067044165969,208.9474170092901,24.388573774390746,2818.2550891257297
2026-04-28 10:17:00+00,40.63294724379905,205.6800627525128,22.128991778003908,2648.311697072175
2026-04-28 10:18:00+00,37.16070202472029,223.26215955554136,87.43384761089695,2645.489727943104
2026-04-28 10:19:00+00,37.836614923267526,229.66515196300438,33.44528403029867,2679.1762708552833
2026-04-28 10:20:00+00,37.71882949336845,224.24199538907607,33.58847302196603,2804.731203606958
2026-04-28 10:21:00+00,37.12726413260098,246.4763410321048,44.21924358748947,2904.059204982216
2026-04-28 10:22:00+00,39.52416334451487,233.9863353278365,79.55969255393119,2945.0828169137485
2026-04-28 10:23:00+00,38.239219735645605,209.27843187834182,114.95641677247322,2983.5824644837658
2026-04-28 10:24:00+00,38.06127717537749,216.81194808212516,60.534794769044666,2962.371773606252
2026-04-28 10:25:00+00,43.68330146857877,216.93699355857632,15.664924367540236,2836.3787120776824
2026-04-28 10:26:00+00,45.73558492629847,239.27930536929864,69.54345051020695,2816.5224681871773
2026-04-28 10:27:00+00,44.27885357050731,245.78955482918505,97.74613395024794,2911.694987503822
2026-04-28 10:28:00+00,36.2875656983708,230.43496035668792,86.86586093307801,2903.438605362947
2026-04-28 10:29:00+00,37.67889506247639,232.22791776547038,103.47489285683977,2895.237015735513
2026-04-28 10:30:00+00,38.61595451547435,251.80684168704914,89.97255755981536,2745.733306054761
2026-04-28 10:31:00+00,35.089450441019274,262.27421407473423,83.02876155020193,2681.18354074441
2026-04-28 10:32:00+00,34.700755276067575,256.16868485056256,146.79603342876865,2760.8166300884086
2026-04-28 10:33:00+00,36.489509968059714,237.5259321334798,158.58757536924372,2821.1442160332845
2026-04-28 10:34:00+00,38.21511908927115,252.42554683602992,208.92501964343916,2824.2685190842176
2026-04-28 10:35:00+00,36.20268151705848,277.52457522283464,250.79166244841664,2861.6585907703397
2026-04-28 10:36:00+00,37.60134432037513,279.0836689853349,272.8092269471937,2692.340245593928
2026-04-28 10:37:00+00,35.366592783400115,274.40671598570947,252.75551205588957,2912.677942397683
2026-04-28 10:38:00+00,42.522280783376814,277.24415608687093,144.84428734222294,2929.6275781937757
2026-04-28 10:39:00+00,51.711072184674215,274.7364742028996,131.51424487141827,2861.7812129291465
2026-04-28 10:40:00+00,53.198053482368636,287.67326206021954,82.7398375810771,2851.6163632955627
2026-04-28 10:41:00+00,50.08901485738912,280.96688126971594,26.73031848145552,2938.856086883163
2026-04-28 10:42:00+00,46.13754296150042,280.47732620865804,32.17889502105253,2926.554163411812
2026-04-28 10:43:00+00,43.01559721298503,284.0159988985082,26.17112253396935,2902.0474689072244
2026-04-28 10:44:00+00,40.07442963660759,292.0250292297218,22.56778470489151,2899.1136857941337
2026-04-28 10:45:00+00,36.32185015061159,292.6876359213429,37.881663177775934,2915.8510264872916
2026-04-28 10:46:00+00,34.60655413031109,271.2529835799595,183.49612473323543,2743.0550151387683
2026-04-28 10:47:00+00,38.52750718935959,282.4049568415348,148.4976466745722,2881.8608224405607
2026-04-28 10:48:00+00,41.643269559291106,270.8097299999038,26.816228421353404,2892.5369773189022
2026-04-28 10:49:00+00,35.210985555583434,273.5703784830662,33.13096924726168,2769.260267945264
2026-04-28 10:50:00+00,31.477157779616498,279.91907735276,42.43907556159511,2441.153227451033
2026-04-28 10:51:00+00,33.52561426376987,245.53721516693696,30.962255602487662,2283.468883685602
2026-04-28 10:52:00+00,31.820933951633894,243.92749292242556,63.868798127613104,2315.700520681615
2026-04-28 10:53:00+00,38.51101430094459,262.6369591283138,146.5165709101331,2352.9085713527793
2026-04-28 10:54:00+00,42.60196762855261,269.1276227345404,93.49831105308401,2332.595226735603
2026-04-28 10:55:00+00,44.686427714158576,257.6444249846896,161.15562292997953,2355.890274621028
2026-04-28 10:56:00+00,42.179950687473614,214.20730966528265,76.59056878122372,2596.8831913426793
2026-04-28 10:57:00+00,41.472815199883996,220.1418725612624,91.52386701401284,2486.883282168014
2026-04-28 11:09:00+00,53.66510487432751,236.38511727305988,88.64455035581744,2392.895024639297
2026-04-28 11:10:00+00,63.21363152606088,240.57224218076487,76.76666408527325,2381.9989906766373
2026-04-28 11:11:00+00,57.68604846568784,238.8588709410729,111.2847135420188,2371.0349367359936
2026-04-28 11:12:00+00,61.058548477837284,231.66531238171711,185.99768556745985,2199.4439991245
2026-04-28 11:13:00+00,62.13347775052492,238.09476417339204,191.90693603412763,2163.2719708839536
2026-04-28 11:14:00+00,61.711730153813086,215.56245728803958,207.36672945863592,2273.2345505704016
2026-04-28 11:15:00+00,64.81994627204071,238.40612886620664,236.60087293817404,2442.648804173199
2026-04-28 11:16:00+00,66.44656336305258,272.47244544415327,205.48857267693586,2657.2177174075705
2026-04-28 11:17:00+00,64.69416593900739,295.2609603253113,209.65415562626166,2743.003564532787
2026-04-28 11:18:00+00,64.1186914162337,297.34674170217596,118.60093397072902,2954.2214680766333
2026-04-28 11:22:00+00,56.678380345393194,257.8023414943795,97.01548136354259,2983.714914831534
2026-04-28 11:23:00+00,59.52368869694308,259.2459709804524,31.071560396332906,2954.8802928028254
2026-04-28 11:24:00+00,64.02011161343331,222.54980549108026,136.83572967354138,2974.9744777464152
2026-04-28 11:25:00+00,63.46470839083335,214.39357010323852,107.11489249312825,2888.0209775510943
2026-04-28 11:26:00+00,64.81399484137377,232.47252878435864,48.60216700584779,2676.532305114888
2026-04-28 11:27:00+00,64.73761626107333,257.6192046823666,37.52294517613146,2693.5693935192653
2026-04-28 11:28:00+00,62.97202898719902,249.5306543836501,72.82322053310469,2611.7162785371465
2026-04-28 11:29:00+00,57.06639312535297,221.89423525489866,35.969074890448425,2639.5463699543293
2026-04-28 11:30:00+00,51.56730752966222,210.72350232141503,46.584787964802985,2554.9185962872107
2026-04-28 11:31:00+00,53.18694657460272,213.9458424881744,107.57254085911049,2552.6323842068045
2026-04-28 11:32:00+00,50.816413266973015,209.3405534294018,97.30573696863438,2675.439020370328
2026-04-28 11:33:00+00,50.55362796943916,231.822064683407,47.90761743039301,2637.091284337305
2026-04-28 11:34:00+00,41.82081745950346,224.74540118705525,103.79920547428551,2640.703942431654
2026-04-28 11:35:00+00,37.29723444741563,225.20243453752192,177.2208042621306,2744.979336527706
2026-04-28 11:36:00+00,38.058842644458885,237.32676501506597,181.24939011934632,2808.423373148108
2026-04-28 11:37:00+00,52.84493675445447,226.3597855282285,183.06528845548817,2835.390909169467
2026-04-28 11:38:00+00,63.89724936769253,262.9980601219203,150.84804893944087,2918.773157262646
2026-04-28 11:39:00+00,75.6417531723193,272.26948278684546,130.75640556426302,2971.9131740726384
2026-04-28 11:40:00+00,72.15681474087131,256.88002855290455,166.40498274223236,2969.569106705862
2026-04-28 11:41:00+00,74.88799676609972,261.16724896618945,189.44970177000354,2950.5148535250796
2026-04-28 11:42:00+00,72.67499012714083,233.65372037419687,132.9285421083286,2852.9519699031325
2026-04-28 11:43:00+00,70.9577793336097,211.87026301534385,115.02292133575733,2737.197989876147
2026-04-28 11:44:00+00,66.64027039293455,206.7789851331618,64.06462922745125,2563.2290094179702
2026-04-28 11:45:00+00,78.50075681531342,205.42154786675886,63.92003634478138,2690.82723998437
2026-04-28 11:46:00+00,73.80808501072445,210.70478927305513,25.079014601167987,2713.538187770695
2026-04-28 11:47:00+00,75.41647901990329,219.36113204076815,69.03419664963991,2795.989674754453
2026-04-28 11:48:00+00,78.16538242090013,251.94893434376175,38.01338135044491,2856.356991989928
2026-04-28 11:49:00+00,73.1813327724247,239.31986274959908,21.3151096586619,2914.1759563017167
2026-04-28 11:50:00+00,73.67176539212672,222.91743073168067,44.96177266838709,2870.7755404810646
2026-04-28 11:51:00+00,71.77513173233746,213.26863654261584,54.725825867675354,2828.1263076401974
2026-04-28 11:52:00+00,74.98252982070964,212.6134922592382,38.97685059741782,2935.7517025684424
2026-04-28 11:53:00+00,67.6862210672156,204.93400687827574,13.907733848359797,2974.2375706289326
2026-04-28 11:54:00+00,62.863423592839,209.5217702833057,47.22286168700246,2847.194743940767
2026-04-28 11:55:00+00,60.51312249990703,223.74016452261432,43.76154574945203,2676.8085556126066
2026-04-28 11:56:00+00,53.957404560372645,230.7891525234767,10.962490527792847,2739.4123538486965
2026-04-28 11:57:00+00,49.341761717139505,235.1041092751385,56.01005390817973,2891.681363329532
2026-04-28 11:58:00+00,50.62233331529151,228.81382179290944,58.873428483942575,2907.701918123571
2026-04-28 11:59:00+00,45.89633164251593,211.90678485244842,45.48794005747863,2863.1967305650487
2026-04-28 12:00:00+00,35.97914648953453,214.97566554334136,105.26236443044012,2770.1328048197847
2026-04-28 12:01:00+00,45.88995088702115,205.8314993612569,21.61658620305391,2906.8182141774364
2026-04-28 12:02:00+00,57.94059887980598,204.75424697898455,57.30300248289516,2875.8291587636063
2026-04-28 12:03:00+00,55.44284126105124,212.91837367245284,113.3498589023867,2886.6398586394753
2026-04-28 12:04:00+00,48.34397744803935,252.89352871771018,47.04496214144617,2876.2442528600263
2026-04-28 12:05:00+00,44.73918706326558,263.60865948388374,95.04706367228634,2963.866060636583
2026-04-28 12:06:00+00,43.10730135353242,276.5959995520709,46.19438639474814,2924.1725201710005
2026-04-28 12:07:00+00,37.02661096590124,278.78077817534,39.397602500199625,2868.6244367638697
2026-04-28 12:08:00+00,39.953565090906146,264.35190428988153,63.06264247336002,2795.272577209384
2026-04-28 12:09:00+00,39.34497794298549,267.11545817470915,135.9864774677837,2878.120106570206
2026-04-28 12:10:00+00,34.91568102772744,285.93127238682524,178.5347713457809,2739.0462149129385
2026-04-28 12:11:00+00,36.873484239113345,285.97255523759725,50.742377732115564,2754.8731057215177
2026-04-28 12:12:00+00,44.226504486405894,291.8123822889048,30.21033336154561,2625.8150469302514
2026-04-28 12:13:00+00,45.8151657644443,286.5074571788085,28.4337684910424,2516.624768461201
2026-04-28 12:14:00+00,47.79434946137496,276.0373025861845,13.457068596999774,2757.8321806687645
2026-04-28 12:15:00+00,51.90315823422783,266.0637335864662,50.76125612655928,2724.4485975551625
2026-04-28 12:16:00+00,46.66494354771106,242.5313321804485,39.651101126406886,2641.237432225008
2026-04-28 12:17:00+00,39.71698622928236,227.9797021214657,87.56222926140316,2728.7430404808933
2026-04-28 12:18:00+00,38.79742135012066,206.7369560780057,80.14283474532762,2870.503886343475
2026-04-28 12:19:00+00,35.86884135768585,216.49361653064645,109.86351538378666,2894.217386480907
2026-04-28 12:20:00+00,34.31189054377562,219.9396454564491,156.82626429915146,2732.470922240967
2026-04-28 12:21:00+00,39.904404731050256,204.89879078169758,231.3602026113116,2706.342673659768
2026-04-28 12:22:00+00,35.547963111764766,206.15818354728623,238.4279134042724,2768.2131996591183
2026-04-28 12:23:00+00,42.600379534216124,208.30281979699708,258.79712933461093,2721.09121453315
2026-04-28 12:24:00+00,39.306113303149445,252.19700432673346,277.6325471994917,2735.8732406896356
2026-04-28 12:25:00+00,35.36454495020132,293.7594896180763,213.11879078105815,2780.0733808808286
2026-04-28 12:26:00+00,36.58850455457534,294.7082183485525,164.43778975487777,2775.006470713211
2026-04-28 12:27:00+00,38.56120793496162,279.4853904572542,159.7055927486122,2788.9279690312187
2026-04-28 12:28:00+00,42.64139391183849,282.22611898062314,146.56394023006013,2801.6391327967954
2026-04-28 12:29:00+00,41.81119409131342,266.0028809803402,157.89196119927502,2781.314303054925
2026-04-28 12:30:00+00,44.62252757195485,255.3899985580513,158.6784575580289,2854.1852414085347
2026-04-28 12:33:00+00,48.74064073922012,258.7995560946979,187.59639873654038,2879.112863395484
2026-04-28 12:34:00+00,41.6931955094782,228.0596205147134,163.01259729040703,2831.3590918871564
2026-04-28 12:35:00+00,36.45419675140111,209.77862625789822,124.96296310476163,2781.125344971132
2026-04-28 12:36:00+00,36.297933071102854,211.8167959003021,177.02167753258158,2712.131506778493
2026-04-28 12:37:00+00,31.432096128868757,214.90895667356347,191.90925926877833,2608.597694375801
2026-04-28 12:38:00+00,34.45298688056669,222.06506441063345,273.99416637445233,2607.366739881845
2026-04-28 12:39:00+00,35.3981194114715,217.19990646583662,162.14790730136338,2604.5701678562314
2026-04-28 12:40:00+00,38.152120642592045,230.40208532508774,210.43413091522672,2515.814940658003
2026-04-28 12:41:00+00,39.99390805824608,224.2304256588463,212.28917862118143,2562.986245947016
2026-04-28 12:42:00+00,37.16691035803855,248.77206541306978,228.69022476531705,2436.6844828772487
2026-04-28 12:43:00+00,39.52871616698771,250.43700393538487,261.3211148210318,2357.528981937745
2026-04-28 12:44:00+00,41.30905141452634,242.94163839141598,232.7134281258854,2374.468346958584
2026-04-28 12:45:00+00,41.79609703935461,257.8402291745345,222.49025009551247,2322.6825963902447
2026-04-28 12:46:00+00,49.655633292971864,285.32448500363034,207.61616881100517,2415.053129470813
2026-04-28 12:47:00+00,49.54526939731794,281.17532819563013,178.5422777149998,2312.785721576373
2026-04-28 12:48:00+00,42.07539189419762,270.0290635760098,15.390043496371625,2309.016091956367
2026-04-28 12:49:00+00,33.49966827425674,269.09260402436087,20.438499358866153,2482.2588454905354
2026-04-28 12:50:00+00,32.896641929005796,262.7445552579324,27.524896213367718,2441.6728859430436
2026-04-28 12:51:00+00,34.34480442694663,275.15544625394693,10.060384701238199,2509.4459916122883
2026-04-28 12:52:00+00,37.52419976349215,265.41060067953606,20.95698157646929,2494.555722802879
2026-04-28 12:53:00+00,42.591338803633285,281.5323332178495,67.41609798753178,2425.576494669843
2026-04-28 12:54:00+00,49.419728841608844,279.3212811995939,94.04349345275874,2394.9405644142453
2026-04-28 12:55:00+00,50.19564326031054,253.45377440871553,159.02384669256253,2297.6822483132905
2026-04-28 12:56:00+00,50.12685375626455,235.818414792186,213.05783391620935,2091.049758435226
2026-04-28 12:57:00+00,51.46000349976106,257.9121686576572,279.09583928583703,2106.1905387313004
2026-04-28 12:58:00+00,57.66501238830059,257.6544652730127,275.5504879030542,2111.6157623232825
2026-04-28 12:59:00+00,58.26071012129767,221.05335376654483,244.56860406412457,2086.7498860449437
2026-04-28 13:00:00+00,56.00374201601818,235.7340416187958,255.7411929217806,2132.6344786807445
2026-04-28 13:01:00+00,64.12381638678873,235.4171115467542,283.52421600723324,2138.406194153844
2026-04-28 13:02:00+00,65.9536502973491,215.29069423598597,267.15477505395967,2025.0152479626402
2026-04-28 13:03:00+00,73.7922797574374,205.6645521144646,217.68957412727943,2086.8774842855273
2026-04-28 13:04:00+00,75.99908522538587,239.4921067836412,159.36183563046626,2162.137180340106
2026-04-28 13:05:00+00,74.28426857119676,249.8730744037169,102.67628432500399,2368.133564114442
2026-04-28 13:06:00+00,74.85287581894201,264.63616655019945,22.193047658516086,2608.751591772883
2026-04-28 13:07:00+00,70.96688514812128,265.08554168594463,99.0923780249574,2708.9132220273345
2026-04-28 13:08:00+00,72.85296457639636,260.5902569215721,165.79363567740077,2761.3503392352286
2026-04-28 13:09:00+00,74.50995074891485,246.25823283907494,267.3627291140803,2935.2610168289248
2026-04-28 13:10:00+00,74.51956250578087,246.78272433601228,212.7417088427563,2811.241843857598
2026-04-28 13:11:00+00,71.88172143956707,234.61202302712167,261.8935040825878,2791.020048731026
2026-04-28 13:12:00+00,72.77058798785666,245.68599333297183,260.99934459759675,2865.0447677552575
2026-04-28 13:13:00+00,74.36649969668258,277.63462789517126,209.04284812705447,2731.28312012975
2026-04-28 13:15:00+00,75.35948833630034,290.623895928992,193.12648245047777,2718.795755404076
2026-04-28 13:16:00+00,77.55382818746567,292.5247979185249,202.84270171687388,2844.853218269692
2026-04-28 13:17:00+00,72.03749356298668,285.0774285189689,211.62784274639472,2934.865018132368
2026-04-28 13:18:00+00,71.80898646621921,283.6737918006501,260.27376758580624,2840.102362677522
2026-04-28 13:19:00+00,66.02021474736237,274.36926274132315,263.66615082607854,2564.3128137301615
2026-04-28 13:20:00+00,59.24007281212184,276.085417930146,274.7518280391614,2409.119908792926
2026-04-28 13:21:00+00,54.25214172009892,246.68468679525026,257.8267175188035,2507.613399657054
2026-04-28 13:22:00+00,46.00234415993661,238.67014447921534,282.71502591780495,2573.699800965774
2026-04-28 13:23:00+00,43.59841241154189,227.44639480131724,267.4203745432298,2737.5453184108255
2026-04-28 13:24:00+00,40.81819997946104,218.3741871644168,262.843193327974,2551.480326063941
2026-04-28 13:25:00+00,37.99985964339449,219.3620598016993,235.3269149502882,2460.0281967196333
2026-04-28 13:26:00+00,36.8216206484321,249.57426830768554,246.33847090262876,2504.960451618347
2026-04-28 13:27:00+00,36.158997396332744,268.4908475220349,262.97579734978177,2409.3813672797796
2026-04-28 13:31:00+00,38.85276555292869,272.5234322255331,276.84396095405964,2470.71637259689
2026-04-28 13:32:00+00,33.66788881343248,282.81351460933035,250.9167426644206,2662.3217226930997
2026-04-28 13:33:00+00,36.09957660494644,283.7091179955922,178.361224425931,2622.9329245681497
2026-04-28 13:34:00+00,33.1428957046902,278.7926108847197,102.4844550966893,2591.75616099181
2026-04-28 13:35:00+00,33.94012592606654,232.85594044741663,59.49618329240699,2463.067601111634
2026-04-28 13:36:00+00,40.52200452745897,252.15449013653014,43.86003566142489,2394.1324835261244
2026-04-28 13:37:00+00,52.348658466615774,266.1812883480364,73.97687056308325,2378.2367186997208
2026-04-28 13:38:00+00,46.44093207786656,268.2083774000154,69.02048871060417,2324.3788730589263
2026-04-28 13:39:00+00,48.16878668676305,251.40247110600015,9.937958173571317,2235.1952914943195
2026-04-28 13:40:00+00,46.08714059187382,256.82563578177934,71.72978512925586,2260.4312260391034
2026-04-28 13:41:00+00,45.065459370750325,231.71075564067618,109.08840655815679,2384.0506855995527
2026-04-28 13:42:00+00,38.07732587958405,209.8237898639749,67.6314217538508,2532.7814381235944
2026-04-28 13:43:00+00,33.56160958826019,220.62581317356967,90.68930026163262,2447.4467781912012
2026-04-28 13:44:00+00,39.115247399960275,219.45889949959914,128.06153291660888,2294.983212771626
2026-04-28 13:45:00+00,33.44132941462069,265.5912839796238,110.27016450995335,2286.5827077890763
2026-04-28 13:46:00+00,32.04149787212771,271.8065618103657,95.06893388133129,2306.9682482643043
2026-04-28 13:47:00+00,37.52196580519555,246.44852699288558,88.96211075804628,2383.721327493111
2026-04-28 13:48:00+00,41.199804007724225,227.66706252265365,144.3182875549185,2463.1719397713673
2026-04-28 13:49:00+00,49.07165479788856,230.95205080166232,165.8512200705597,2659.630657549844
2026-04-28 13:50:00+00,54.08172098963031,250.71287331536666,105.73220260655508,2593.7891638031087
2026-04-28 13:51:00+00,52.32100801979604,232.6731358429201,62.63044366851877,2630.059846057166
2026-04-28 13:53:00+00,48.39083353564152,219.36075047361265,98.31803255134241,2675.7937496478453
2026-04-28 13:54:00+00,55.32317056687553,214.96750501542704,63.62876216294754,2588.5289002126124
2026-04-28 13:55:00+00,55.433392852566335,237.1441817342522,22.69116221988616,2538.0304816104986
2026-04-28 13:56:00+00,54.75495907619074,260.66421056148346,31.235065315809834,2509.503735020511
2026-04-28 13:57:00+00,57.45230611980515,284.2855964592528,35.11970988795447,2344.601753613368
2026-04-28 13:58:00+00,58.52864173471721,276.180292447837,66.77889492619201,2248.0302202737407
2026-04-28 13:59:00+00,56.60651967486516,284.2071635968258,76.73053452895236,2058.3999242930563
2026-04-28 14:00:00+00,53.149296963998225,271.75053641174566,109.20321975325254,2173.2903395713074
2026-04-28 14:01:00+00,48.993291677378174,275.9656341336511,70.48490577509996,2192.9344736277376
2026-04-28 14:02:00+00,44.229583103943526,290.3768793025696,44.38441864405102,2147.0335620960554
2026-04-28 14:03:00+00,37.87201333432915,277.3607824486992,34.48407263097647,2128.7184257480567
2026-04-28 14:04:00+00,34.72399541717404,286.49583796551826,17.94435976137065,2264.490251357599
2026-04-28 14:05:00+00,37.404617727977744,280.8031931141093,31.511506554363745,2447.363078498686
2026-04-28 14:06:00+00,41.22014700292769,275.1931433486347,31.85746090242853,2334.759906025974
2026-04-28 14:07:00+00,43.67029216070277,281.8696361282132,15.118818379928966,2482.442593377733
2026-04-28 14:08:00+00,43.291126041411154,292.3536882023492,73.30477487232625,2567.217461624312
2026-04-28 14:09:00+00,45.281164462362135,284.2942973959486,104.55186452947294,2488.313904921563
2026-04-28 14:11:00+00,55.03481960974286,261.5531484146515,114.44276756902923,2496.051753244237
2026-04-28 14:12:00+00,51.263841620852006,280.9004258500773,112.45472495607939,2582.8974939231903
2026-04-28 14:13:00+00,54.16550835091371,283.3848973543809,61.3892204005876,2496.6767147339497
2026-04-28 14:14:00+00,46.37779728992479,260.8200191084044,45.71969477142254,2438.497012191154
2026-04-28 14:15:00+00,41.64956411521101,260.55199387340315,46.95065807618934,2380.67203481176
2026-04-28 14:16:00+00,45.24320962056464,235.60656555751348,39.43291764868205,2230.3610186098463
2026-04-28 14:17:00+00,51.26726624364725,226.48774428362478,94.52875367891393,2092.0655764983526
2026-04-28 14:18:00+00,50.65174982884515,216.59071281979953,107.92913101816983,2032.4135272559333
2026-04-28 14:19:00+00,45.02576222073083,215.27769392953203,113.05781896825461,2038.8514990400527
2026-04-28 14:20:00+00,38.097939938810896,216.1920250945407,180.73840832504973,2038.264162681775
2026-04-28 14:21:00+00,33.39162860327958,243.7740882026422,139.55277031634256,2054.1723358950426
2026-04-28 14:22:00+00,37.121924513293216,266.40425483910934,198.6173177015844,2065.204842530296
2026-04-28 14:23:00+00,34.24985876821524,255.75422645459915,239.8020026211078,2145.415779100478
2026-04-28 14:24:00+00,32.60147009616188,227.11797515032654,263.1913381779452,2134.426854729799
2026-04-28 14:28:00+00,33.87323854446734,218.41142681331416,273.81800662462933,2123.4804176615758
2026-04-28 14:29:00+00,33.47105808253583,211.3795034940056,251.51608852635587,2103.556328282964
2026-04-28 14:30:00+00,48.4605110756205,208.1472596322015,279.64502896059656,2297.4041745716977
2026-04-28 14:31:00+00,41.56622985962524,206.49104667398072,229.72376553568935,2506.61762578215
2026-04-28 14:32:00+00,44.78403880276483,204.60287944202977,266.1388344911087,2608.2855616078477
2026-04-28 14:33:00+00,44.48104632165966,208.9428945624155,258.176266101179,2633.379572424268
2026-04-28 14:34:00+00,49.80813361999703,205.79620532081813,282.48131309250834,2560.2805015561585
2026-04-28 14:35:00+00,62.608870930020245,223.18033645098933,278.35702716400743,2554.706213199846
2026-04-28 14:36:00+00,75.99388957167636,228.82303936809933,170.28762488419778,2662.667843722237
2026-04-28 14:37:00+00,75.6799837255851,237.38441707997373,152.9653428229203,2630.730473231732
2026-04-28 14:38:00+00,71.22170473746516,218.57108479842682,234.70367219322583,2655.5662184148555
2026-04-28 14:39:00+00,76.92125304181812,205.3613241312231,273.0522488570648,2703.400880809137
2026-04-28 14:40:00+00,67.53615265883306,208.74285256747973,205.56294550154988,2584.6195048003337
2026-04-28 14:41:00+00,49.47026309699642,219.71787294174936,180.5250069573761,2520.858883469064
2026-04-28 14:42:00+00,45.75569470965364,216.02334925177075,201.87296334080773,2533.7506154887474
2026-04-28 14:43:00+00,47.688744362920694,210.2763108505534,189.34464251499531,2503.6358049998303
2026-04-28 14:45:00+00,49.98462799596997,229.20527946859454,198.80713551874453,2552.425870130403
2026-04-28 14:46:00+00,51.037961919600754,250.36660439418745,177.43852893688586,2683.4237259976157
2026-04-28 14:47:00+00,57.15261087432709,264.13191728133035,170.75446314471358,2704.129346512443
2026-04-28 14:48:00+00,63.561196610327,265.5702052678055,138.72382747330354,2635.2600437233978
2026-04-28 14:49:00+00,63.05729830880402,278.5123319359856,57.53995291483194,2695.9204862032307
2026-04-28 14:50:00+00,61.81545323535851,252.2891771057802,89.15026571772518,2883.448028447302
2026-04-28 14:51:00+00,68.9532482928551,224.08629727345794,143.90771925854787,2776.5930507827547
2026-04-28 14:52:00+00,76.64106142330232,246.04429538677795,230.36862376146377,2861.7457774777154
2026-04-28 14:53:00+00,77.30918047623506,242.3260409129816,270.8877228828226,2935.593682746422
2026-04-28 14:54:00+00,76.83553413087094,212.88240842604344,269.6789103088895,2915.830834431796
2026-04-28 14:55:00+00,76.93558769188547,211.2414617004161,254.29656088002992,2927.4237099843226
2026-04-28 14:56:00+00,78.15949989194483,217.05812622007062,184.4001966153939,2959.2267880828017
2026-04-28 14:59:00+00,74.4993787008568,213.4557401233097,125.81442062797014,2953.839114662257
2026-04-28 15:00:00+00,64.4816907073134,206.91908120596923,97.6197839189139,2926.137838868954
2026-04-28 15:01:00+00,68.64089880037187,213.39340091655384,45.61561865946741,2949.5800441117626
2026-04-28 15:02:00+00,63.59474479252286,232.753020680019,103.65462788894006,2964.1794447654966
2026-04-28 15:03:00+00,63.25553947271494,213.181557764048,172.63308962448005,2896.818321221905
2026-04-28 15:04:00+00,67.65154762698981,211.92248392331908,164.3748874740947,2970.6952970389807
2026-04-28 15:05:00+00,65.55214181843361,206.6289469444129,176.82507730377992,2927.201143161686
2026-04-28 15:06:00+00,60.324174943006575,208.69938259466753,160.13863149369445,2748.4813151823932
2026-04-28 15:07:00+00,50.23274164280887,226.41890025386388,206.54945388867066,2599.7568417467783
2026-04-28 15:08:00+00,50.17354484712446,237.93672359615513,231.14960002037375,2595.0423441731127
2026-04-28 15:09:00+00,59.562301457136726,276.40023169817584,279.5310094278675,2464.9756036133217
2026-04-28 15:10:00+00,55.286591259459996,288.67287661204125,246.74864722880804,2561.6006087999817
2026-04-28 15:11:00+00,46.01196330225694,272.9795024891551,248.52193290461653,2782.0770827334763
2026-04-28 15:12:00+00,39.2686903388341,271.23790642689056,263.4635815766936,2839.4967339639325
2026-04-28 15:13:00+00,42.84686036020437,285.890348860989,267.3829610650986,2776.471296952796
2026-04-28 15:14:00+00,40.068029286942306,275.30135359968284,238.66669005961344,2843.6041795024826
2026-04-28 15:15:00+00,45.09027058881508,289.7609098220661,189.82962418271484,2781.1817613080325
2026-04-28 15:16:00+00,51.715489864901535,290.7284315337589,194.07028691553876,2802.5607759379595
2026-04-28 15:17:00+00,53.83912767296004,289.7317132849287,228.61478601548407,2795.6832618513113
2026-04-28 15:18:00+00,53.591485954631025,256.7043144523443,268.59939112700687,2872.002892936993
2026-04-28 15:19:00+00,53.989798678132544,266.1285975356469,222.81326245159283,2853.161283233119
2026-04-28 15:20:00+00,47.367358777974644,271.4921509909913,276.36980079182524,2828.2541326099163
2026-04-28 15:21:00+00,53.846581240708524,286.2703357400596,252.89341611433875,2862.2044866549772
2026-04-28 15:22:00+00,43.65579537323841,283.41189807204563,265.61612629155997,2809.134449323391
2026-04-28 15:23:00+00,42.220347881104715,280.0227739337934,279.9757805521853,2778.114630220042
2026-04-28 15:24:00+00,41.53549906597486,254.89133771519056,286.15957914127466,2824.599810776254
2026-04-28 15:25:00+00,43.69530867611698,242.78749612975716,267.0928379761525,2960.6737483803795
2026-04-28 15:26:00+00,55.220654793688375,237.40893523542945,241.9800075648614,2884.3624681884153
2026-04-28 15:27:00+00,63.29785467559833,248.8831004335542,240.19924636401868,2898.9047280470318
2026-04-28 15:28:00+00,70.29993805104799,252.35268298695055,150.49942467639852,2820.28633326682
2026-04-28 15:29:00+00,76.38195903027392,275.4119828119723,124.90613784425754,2847.7782215198904
2026-04-28 15:30:00+00,77.2287850240312,288.7472140254375,85.4330911561406,2840.0007131977613
2026-04-28 15:31:00+00,75.57662455066591,286.8551603134861,113.39580501804558,2905.1259886211187
2026-04-28 15:32:00+00,78.39283624332185,291.5938442522913,142.86852802827684,2736.6914113940816
2026-04-28 15:33:00+00,77.71772122318445,271.18401978428636,149.38595974608563,2771.0757504532703
2026-04-28 15:34:00+00,77.92712362569455,249.67377979907099,129.7453392902167,2733.9885642969844
2026-04-28 15:35:00+00,77.5306237007663,245.14501512650466,117.72491962812276,2872.837300066918
2026-04-28 15:36:00+00,78.97011020713009,263.91355856697453,56.373017562698436,2920.115129009893
2026-04-28 15:37:00+00,78.32114519865773,261.48758959678156,20.355752508906317,2815.676414196417
2026-04-28 15:38:00+00,72.07331737038893,247.22839874978098,48.36402307885563,2779.324644615075
2026-04-28 15:39:00+00,68.24778621969966,257.9983712363612,47.844145924775354,2737.6702647603975
2026-04-28 15:40:00+00,69.30777069783746,252.36749781836144,156.99907835576317,2580.056449584209
2026-04-28 15:41:00+00,76.78847199626755,263.9966056608812,195.47954818860904,2745.9080745926653
2026-04-28 15:42:00+00,75.59024194064871,277.28194317934657,265.45090198577196,2757.360808815836
2026-04-28 15:43:00+00,77.51218803842086,258.2018525765273,245.1883191485983,2786.3903113272163
2026-04-28 15:44:00+00,75.36568676166354,229.8997105328402,228.42343951906707,2639.0668887365987
2026-04-28 15:45:00+00,74.59024668689449,233.82023665762878,227.13897684813597,2643.0423397557083
2026-04-28 15:46:00+00,72.23824282300032,260.24989855579884,227.07023528919464,2531.318702190639
2026-04-28 15:47:00+00,72.85299507540948,227.5780713851728,164.28535323412248,2364.1599769955137
2026-04-28 15:48:00+00,65.77029495770226,207.76287423034145,119.89288451628288,2258.4628404163736
2026-04-28 15:49:00+00,62.04767315077877,213.044235564583,70.22067510623158,2277.524276003775
2026-04-28 15:50:00+00,58.51773968157088,203.8186302998248,41.12573811752894,2240.1705016121286
2026-04-28 15:51:00+00,61.16333186166814,213.47059006265215,42.39848066664747,2342.3742824100764
2026-04-28 15:52:00+00,59.507119565754515,220.2845101451232,48.06047492704773,2573.1715379491598
2026-04-28 15:53:00+00,57.46258203198945,210.65847882520328,93.78199379650852,2668.062558953908
2026-04-28 15:54:00+00,48.61829062643191,210.0092647652135,54.66874171473018,2784.272801145525
2026-04-28 15:55:00+00,40.89202724412665,230.6064699575163,152.22580732438811,2754.0623792239344
2026-04-28 15:59:00+00,41.96412810118548,228.85294096007723,181.06927633847098,2718.3024031595673
2026-04-28 16:00:00+00,36.06554506243551,233.53152226125422,238.14828677687035,2905.315005480042
2026-04-28 16:01:00+00,31.236324804562507,259.3504771256812,242.28613941839427,2960.6595443448678
2026-04-28 16:02:00+00,34.423092396345915,289.8072550154505,255.93360167843235,2849.7881155274545
2026-04-28 16:03:00+00,31.25948496916116,268.1412765952542,257.382214888495,2828.266176433808
2026-04-28 16:04:00+00,31.65019002840782,282.41731022839804,219.73499148826187,2752.862761795316
2026-04-28 16:05:00+00,33.53964217228889,287.52158666575457,125.65777039389006,2675.6533399968366
2026-04-28 16:06:00+00,31.095453597521065,275.59929910472204,89.25947614288654,2534.0386624727375
2026-04-28 16:07:00+00,32.037951969887395,250.73748467151273,196.36783667684955,2564.782500447107
2026-04-28 16:08:00+00,38.423034367789754,224.96990738780306,127.97923861009706,2643.089529402003
2026-04-28 16:09:00+00,47.125489869882806,229.96201739221235,155.93630511124618,2515.1002485256563
2026-04-28 16:10:00+00,38.69493293135447,242.40385564827838,133.88989445987832,2618.009629398225
2026-04-28 16:11:00+00,39.760327632187064,209.41480231151246,123.13209814901937,2618.8131861434686
2026-04-28 16:12:00+00,40.72436032701317,218.2977227118933,95.99556790576952,2743.4499996228524
2026-04-28 16:13:00+00,38.22160429083706,259.60748701928577,73.57356824440244,2710.263346861977
2026-04-28 16:14:00+00,32.4726719723996,261.1663772960858,148.93045254509582,2632.91071582729
2026-04-28 16:15:00+00,32.22986295902063,261.11577457219784,144.85687159664502,2527.547856677376
2026-04-28 16:16:00+00,35.13048638854732,241.60148693132797,158.0055826656507,2244.3753347174084
2026-04-28 16:17:00+00,41.05876122445099,245.87270699436408,152.31842399030788,2124.447178387113
