time,dc_power_w,ac_power_w,panel_temp_c,grid_freq_hz,daily_yield_kwh
2026-04-24 19:17:00+00,,,16.63194449742635,50.00768136287081,0.00014999999621068127
2026-04-24 19:18:00+00,,,16.899999618530273,50.029998779296875,
2026-04-24 19:19:00+00,,,16.315000104904176,49.995499992370604,
2026-04-24 19:20:00+00,,,16.424999872843426,50.00666650136312,
2026-04-24 19:21:00+00,,,16.71666685740153,49.9983336130778,
2026-04-24 19:22:00+00,,,16.574999968210857,49.98300018310547,
2026-04-24 19:23:00+00,,,16.541666825612385,50.00500043233236,
2026-04-24 19:24:00+00,,,16.48181811246005,50.011000061035155,
2026-04-24 19:25:00+00,,,9.618181922219016,50.00500011444092,
2026-04-24 19:26:00+00,,,9.527272657914596,50.01099967956543,
2026-04-24 19:27:00+00,,,9.700000047683716,50.01727294921875,
2026-04-24 19:28:00+00,,,9.579999923706055,50.02545443448153,
2026-04-24 19:29:00+00,,,9.779999923706054,49.99900016784668,
2026-04-24 19:30:00+00,,,9.763636415654963,50.00181822343306,
2026-04-24 19:31:00+00,,,9.475000063578287,50.010833422342934,
2026-04-24 19:32:00+00,,,9.645454580133611,49.99900016784668,
2026-04-24 19:33:00+00,,,9.581818147139115,50.00499954223633,
2026-04-24 19:34:00+00,,,9.463636485013096,49.97399978637695,
2026-04-24 19:35:00+00,,,9.48181828585538,49.986666997273765,
2026-04-24 19:36:00+00,,,9.508333365122477,49.97083314259847,
2026-04-24 19:37:00+00,,,9.49090896953236,50.00333340962728,
2026-04-24 19:38:00+00,,,9.554545489224521,50.00454538518732,
2026-04-24 19:39:00+00,,,9.47272725538774,50.00181857022372,
2026-04-24 19:40:00+00,,,9.745454614812678,49.9891668955485,
2026-04-24 19:41:00+00,,,9.608333269755045,50.02999981966886,
2026-04-24 19:42:00+00,,,9.329999923706055,49.99777857462565,
2026-04-24 19:43:00+00,,,9.609090891751377,50.004545038396664,
2026-04-24 19:44:00+00,,,9.889999961853027,49.99500045776367,
2026-04-24 19:45:00+00,,,9.40833322207133,49.9939998626709,
2026-04-24 19:46:00+00,,,9.781818129799582,49.985454906116836,
2026-04-24 19:47:00+00,,,9.539999961853027,49.99833329518636,
2026-04-24 19:48:00+00,,,9.690000057220459,50.01636366410689,
2026-04-24 19:49:00+00,,,9.163636380975897,49.98300056457519,
2026-04-24 19:50:00+00,,,9.59000005722046,49.97333367665609,
2026-04-24 19:51:00+00,,,9.518181887539951,50.00200004577637,
2026-04-24 19:52:00+00,,,9.599999984105429,50.013636502352625,
2026-04-24 19:53:00+00,,,9.508333285649618,49.9908332824707,
2026-04-24 19:54:00+00,,,9.662500023841858,49.99818177656694,
2026-04-24 19:55:00+00,,,9.609090891751377,50.03916676839193,
2026-04-24 19:56:00+00,,,9.366666634877523,50.00900001525879,
2026-04-24 19:57:00+00,,,9.800000031789144,50.013333002726235,
2026-04-24 19:58:00+00,,,9.619999885559082,49.975,
2026-04-24 19:59:00+00,,,9.574999968210856,50.00166670481364,
2026-04-24 20:00:00+00,,,8.090909177606756,50.03083292643229,
2026-04-24 20:01:00+00,,,7.889999961853027,50.00818148526278,
2026-04-24 20:02:00+00,,,7.858333349227905,49.97250016530355,
2026-04-24 20:03:00+00,,,8.060000085830689,50.042727730490945,
2026-04-24 20:04:00+00,,,7.744444476233588,49.99454532970082,
2026-04-24 20:05:00+00,,,7.8818182511763135,50.00200004577637,
2026-04-24 20:06:00+00,,,7.927272753282026,49.97083377838135,
2026-04-24 20:07:00+00,,,7.980000114440918,50.018000793457034,
2026-04-24 20:08:00+00,,,8.062500059604645,50.003636446866125,
2026-04-24 20:09:00+00,,,7.958333452542623,49.99454567649148,
2026-04-24 20:10:00+00,,,8.080000066757203,50.0363637750799,
2026-04-24 20:11:00+00,,,7.8700000762939455,49.99666659037272,
2026-04-24 20:12:00+00,,,8.072727246717973,49.99181851473722,
2026-04-24 20:13:00+00,,,8.018181844191117,50.006667137145996,
2026-04-24 20:14:00+00,,,7.840000009536743,49.98749987284342,
2026-04-24 20:15:00+00,,,7.920000076293945,49.98250039418539,
2026-04-24 20:16:00+00,,,8.000000043348832,49.9841677347819,
2026-04-24 20:17:00+00,,,8.383333365122477,50.017272602428086,
2026-04-24 20:18:00+00,,,8.133333312140572,49.99272710626776,
2026-04-24 20:19:00+00,,,8.018181844191117,49.989166577657066,
2026-04-24 20:20:00+00,,,8.180000114440919,50.00833320617676,
2026-04-24 20:21:00+00,,,7.850000103314717,49.99249998728434,
2026-04-24 20:22:00+00,,,8.054545489224521,50.00181822343306,
2026-04-24 20:23:00+00,,,8.019999980926514,50.01272687045011,
2026-04-24 20:24:00+00,,,8.018181887539951,49.97899971008301,
2026-04-24 20:25:00+00,,,7.95454554124312,50.00199966430664,
2026-04-24 20:26:00+00,,,8.072727333415639,50.022999954223636,
2026-04-24 20:27:00+00,,,7.969999933242798,50.00900001525879,
2026-04-24 20:28:00+00,,,8.163636380975897,49.98363702947443,
2026-04-24 20:29:00+00,,,7.883333325386047,50.0018178766424,
2026-04-24 20:30:00+00,,,7.900000095367432,49.9883337020874,
2026-04-24 20:31:00+00,,,7.7999999739907,50.00333340962728,
2026-04-24 20:32:00+00,,,7.733333322736952,50.008000183105466,
2026-04-24 20:33:00+00,,,7.99999996026357,49.999167124430336,
2026-04-24 20:34:00+00,,,8.016666650772095,50.009999708695844,
2026-04-24 20:35:00+00,,,8.02727274461226,49.99272779984908,
2026-04-24 20:36:00+00,,,7.900000008669767,49.990000534057614,
2026-04-24 20:37:00+00,,,8.03333338101705,50.00899963378906,
2026-04-24 20:38:00+00,,,8.190000009536742,50.0108331044515,
2026-04-24 20:39:00+00,,,8.050000047683715,49.979166984558105,
2026-04-24 20:40:00+00,,,8.211111227671305,50.012727217240766,
2026-04-24 20:41:00+00,,,7.958333253860474,49.98000030517578,
2026-04-24 20:42:00+00,,,8.109091065146707,50.009166399637856,
2026-04-24 20:43:00+00,,,7.972727212038907,49.97999954223633,
2026-04-24 20:44:00+00,,,7.87499996026357,49.99916617075602,
2026-04-24 20:45:00+00,,,7.9416667222976685,49.99416700998942,
2026-04-24 20:46:00+00,,,7.972727342085405,50.01454544067383,
2026-04-24 20:47:00+00,,,7.872727350755171,50.01583321889242,
2026-04-24 20:48:00+00,,,7.7999999739907,50.0024995803833,
2026-04-24 20:49:00+00,,,8.209091013128107,49.9918178211559,
2026-04-24 20:50:00+00,,,7.854545463215221,49.98909065940163,
2026-04-24 20:51:00+00,,,8.075000047683716,49.99166711171468,
2026-04-24 20:52:00+00,,,8.072727290066807,49.96699981689453,
2026-04-24 20:53:00+00,,,7.958333373069763,50.00166702270508,
2026-04-24 20:54:00+00,,,8.027272657914596,49.98090882734819,
2026-04-24 20:55:00+00,,,7.941666801770528,49.975454503839664,
2026-04-24 20:56:00+00,,,8.072727333415639,49.98416646321615,
2026-04-24 20:57:00+00,,,7.824999928474426,49.9983336130778,
2026-04-24 20:58:00+00,,,7.966666738192241,49.982500076293945,
2026-04-24 20:59:00+00,,,7.827272718602961,50.005833307902016,
2026-04-24 21:00:00+00,,,6.469999980926514,49.98272705078125,
2026-04-24 21:01:00+00,,,6.541666666666667,50.0083335240682,
2026-04-24 21:02:00+00,,,6.355555534362793,50.01454578746449,
2026-04-24 21:03:00+00,,,6.508333404858907,49.979166666666664,
2026-04-24 21:04:00+00,,,6.259999990463257,50.03444459703233,
2026-04-24 21:05:00+00,,,6.350000023841858,50.010833422342934,
2026-04-24 21:06:00+00,,,6.50909085707231,50,
2026-04-24 21:07:00+00,,,6.433333317438762,49.986000061035156,
2026-04-24 21:08:00+00,,,6.354545463215221,50.00416692097982,
2026-04-24 21:09:00+00,,,6.3363636190241035,49.99624967575073,
2026-04-24 21:10:00+00,,,6.472727212038907,50.01636366410689,
2026-04-24 21:11:00+00,,,6.409999990463257,50.022727966308594,
2026-04-24 21:12:00+00,,,6.300000031789144,49.99909036809748,
2026-04-24 21:13:00+00,,,6.49090914292769,49.98090952092951,
2026-04-24 21:14:00+00,,,6.329999923706055,50.0011109246148,
2026-04-24 21:15:00+00,,,6.581818190487948,49.993636738170274,
2026-04-24 21:16:00+00,,,6.645454580133611,50.01583385467529,
2026-04-24 21:17:00+00,,,6.318181774832985,50.00333340962728,
2026-04-24 21:18:00+00,,,6.4416667222976685,49.97999954223633,
2026-04-24 21:19:00+00,,,6.409999990463257,49.96800003051758,
2026-04-24 21:20:00+00,,,6.2727273160761055,49.99599952697754,
2026-04-24 21:21:00+00,,,6.399999936421712,50.01909082586115,
2026-04-24 21:22:00+00,,,6.363636406985196,50.00249989827474,
2026-04-24 21:23:00+00,,,6.259999942779541,49.99399948120117,
2026-04-24 21:24:00+00,,,6.518181800842285,50.01454578746449,
2026-04-24 21:25:00+00,,,6.37999997138977,50.00166670481364,
2026-04-24 21:26:00+00,,,6.483333349227905,49.992499669392906,
2026-04-24 21:27:00+00,,,6.245454571463845,50.000000381469725,
2026-04-24 21:28:00+00,,,6.308333396911621,50.017499923706055,
2026-04-24 21:29:00+00,,,6.500000047683716,50.0129997253418,
2026-04-24 21:30:00+00,,,6.311111079321967,49.99700012207031,
2026-04-24 21:31:00+00,,,6.691666642824809,49.99727249145508,
2026-04-24 21:32:00+00,,,6.490909099578857,49.9981821233576,
2026-04-24 21:33:00+00,,,6.609090891751376,49.98300018310547,
2026-04-24 21:34:00+00,,,6.424999992052714,50,
2026-04-24 21:35:00+00,,,6.483333349227905,50.00099906921387,
2026-04-24 21:36:00+00,,,6.536363645033403,49.992499669392906,
2026-04-24 21:37:00+00,,,6.12000002861023,49.9930004119873,
2026-04-24 21:38:00+00,,,6.46666665871938,50.017500241597496,
2026-04-24 21:39:00+00,,,6.516666650772095,50.000000346790664,
2026-04-24 21:40:00+00,,,6.330000019073486,50.00666745503744,
2026-04-24 21:41:00+00,,,6.436363653703169,50.021666526794434,
2026-04-24 21:42:00+00,,,6.412500023841858,50.01666673024496,
2026-04-24 21:43:00+00,,,6.318181818181818,50.01600036621094,
2026-04-24 21:44:00+00,,,6.3,49.98416614532471,
2026-04-24 21:45:00+00,,,6.3363636190241035,50.02272692593661,
2026-04-24 21:46:00+00,,,6.509090900421143,50.000000346790664,
2026-04-24 21:47:00+00,,,6.5,50.00454538518732,
2026-04-24 21:48:00+00,,,6.3818181644786485,49.9645451632413,
2026-04-24 21:49:00+00,,,6.290000009536743,49.98818172108043,
2026-04-24 21:50:00+00,,,6.525000015894572,49.97666676839193,
2026-04-24 21:51:00+00,,,6.53333334128062,50.006666819254555,
2026-04-24 21:52:00+00,,,6.272727186029607,49.9819995880127,
2026-04-24 21:53:00+00,,,6.518181844191118,49.9990910616788,
2026-04-24 21:54:00+00,,,6.645454536784779,49.99416637420654,
2026-04-24 21:55:00+00,,,6.641666650772095,50.014166514078774,
2026-04-24 21:56:00+00,,,6.345454519445246,50.01100044250488,
2026-04-24 21:57:00+00,,,6.327272631905296,50.01583321889242,
2026-04-24 21:58:00+00,,,6.3599999904632565,50.01363615556197,
2026-04-24 21:59:00+00,,,6.541666666666667,50.00083351135254,
2026-04-24 22:00:00+00,,,0.6900000035762787,49.99818177656694,
2026-04-24 22:01:00+00,,,0.5750000054637591,50.01818223433061,
2026-04-24 22:02:00+00,,,0.6199999995529651,49.96818161010742,
2026-04-24 22:03:00+00,,,0.6100000068545341,49.994544982910156,
2026-04-24 22:04:00+00,,,0.6100000001490116,49.98166688283285,
2026-04-24 22:05:00+00,,,0.6818181919780645,49.97500038146973,
2026-04-24 22:06:00+00,,,0.6666666608717706,49.98399963378906,
2026-04-24 22:07:00+00,,,0.6818181865594604,49.978182012384586,
2026-04-24 22:08:00+00,,,0.7166666661699613,49.989999771118164,
2026-04-24 22:09:00+00,,,0.7545454603704539,50.00249989827474,
2026-04-24 22:10:00+00,,,0.6272727332331918,49.98888905843099,
2026-04-24 22:11:00+00,,,0.7181818200783296,49.984000778198244,
2026-04-24 22:12:00+00,,,0.6916666689018408,49.9918178211559,
2026-04-24 22:13:00+00,,,0.5000000060959295,50.03249963124593,
2026-04-24 22:14:00+00,,,0.6199999921023845,50.00699996948242,
2026-04-24 22:15:00+00,,,0.4166666666666667,50.01909082586115,
2026-04-24 22:16:00+00,,,0.5222222300039397,50.013000869750975,
2026-04-24 22:17:00+00,,,0.5181818225167014,50.007273240522906,
2026-04-24 22:18:00+00,,,0.5083333322157463,50.03333377838135,
2026-04-24 22:19:00+00,,,0.5,50.00333340962728,
2026-04-24 22:20:00+00,,,0.4200000010430813,50.00899963378906,
2026-04-24 22:21:00+00,,,0.3900000058114529,49.99000015258789,
2026-04-24 22:22:00+00,,,0.5416666654249033,49.99272710626776,
2026-04-24 22:23:00+00,,,0.8727272654121573,50.00083382924398,
2026-04-24 22:24:00+00,,,0.4909090975468809,49.99833329518636,
2026-04-24 22:25:00+00,,,0.6699999943375587,50.01545507257635,
2026-04-24 22:26:00+00,,,0.5909090902317654,49.9981821233576,
2026-04-24 22:27:00+00,,,0.4777777824136946,49.98833338419596,
2026-04-24 22:28:00+00,,,0.6909090978178111,49.981666564941406,
2026-04-24 22:29:00+00,,,0.47272727435285394,49.98833306630453,
2026-04-24 22:30:00+00,,,0.7000000046359168,50.026666429307724,
2026-04-24 22:31:00+00,,,0.5500000089406967,50.022999954223636,
2026-04-24 22:32:00+00,,,0.4750000008692344,50.00636395541105,
2026-04-24 22:33:00+00,,,0.7500000024835268,50.00636395541105,
2026-04-24 22:34:00+00,,,0.6999999955296516,49.9916664759318,
2026-04-24 22:35:00+00,,,0.6000000108033419,50.0236369046298,
2026-04-24 22:36:00+00,,,0.5500000044703484,49.99500020345052,
2026-04-24 22:37:00+00,,,0.5363636369054968,49.9908332824707,
2026-04-24 22:38:00+00,,,0.6250000117967526,49.97999988902699,
2026-04-24 22:39:00+00,,,0.4727272696115754,50.023636211048476,
2026-04-24 22:40:00+00,,,0.5800000049173832,50.01250012715658,
2026-04-24 22:41:00+00,,,0.5500000063329935,49.99666690826416,
2026-04-24 22:42:00+00,,,0.5000000068296989,50.01250044504801,
2026-04-24 22:43:00+00,,,0.5500000091269612,50.007777743869354,
2026-04-24 22:44:00+00,,,0.7272727313366804,50.009091117165305,
2026-04-24 22:45:00+00,,,0.5272727337750521,50.00833320617676,
2026-04-24 22:46:00+00,,,0.6249999990686774,49.99166679382324,
2026-04-24 22:47:00+00,,,0.6400000013411045,49.998999786376956,
2026-04-24 22:48:00+00,,,0.7181818173690275,49.99499924977621,
2026-04-24 22:49:00+00,,,0.8100000083446502,49.99363639137962,
2026-04-24 22:50:00+00,,,0.6083333343267441,50.009166399637856,
2026-04-24 22:51:00+00,,,0.8399999976158142,50,
2026-04-24 22:52:00+00,,,0.6250000068296989,49.99099960327148,
2026-04-24 22:53:00+00,,,0.5818181864239953,49.99099998474121,
2026-04-24 22:54:00+00,,,0.5249999972681204,49.980832735697426,
2026-04-24 22:55:00+00,,,0.5727272860028527,50.01249980926514,
2026-04-24 22:56:00+00,,,0.3099999986588955,50.02916653951009,
2026-04-24 22:57:00+00,,,0.6090909168124199,50.0109089938077,
2026-04-24 22:58:00+00,,,0.7363636398857291,50.0109089938077,
2026-04-24 22:59:00+00,,,0.5749999980131785,49.98666636149088,
2026-04-24 23:00:00+00,,,1.2166666736205418,49.99666659037272,
2026-04-24 23:01:00+00,,,1.3599999964237213,50.00090928511186,
2026-04-24 23:02:00+00,,,1.1416666532556217,50.009999910990395,
2026-04-24 23:03:00+00,,,1.1800000011920928,50.00181822343306,
2026-04-24 23:04:00+00,,,1.4818181829019026,50.00181857022372,
2026-04-24 23:05:00+00,,,1.5399999856948852,50.012727217240766,
2026-04-24 23:06:00+00,,,1.5818181796507402,50.004545038396664,
2026-04-24 23:07:00+00,,,1.2400000095367432,50.00166702270508,
2026-04-24 23:08:00+00,,,1.4888888862397935,49.98363633589311,
2026-04-24 23:09:00+00,,,1.172727270559831,49.993333180745445,
2026-04-24 23:10:00+00,,,1.2750000084439914,50.00166702270508,
2026-04-24 23:11:00+00,,,1.5333333412806194,50.02800025939941,
2026-04-24 23:12:00+00,,,1.3181818181818181,49.99099960327148,
2026-04-24 23:13:00+00,,,1.2818181731484153,50.01399955749512,
2026-04-24 23:14:00+00,,,1.4300000190734863,50.012727217240766,
2026-04-24 23:15:00+00,,,1.4090909145095132,49.99916648864746,
2026-04-24 23:16:00+00,,,1.208333323399226,50.00454538518732,
2026-04-24 23:17:00+00,,,1.2727272781458767,49.99099960327148,
2026-04-24 23:18:00+00,,,1.2100000023841857,50.009091117165305,
2026-04-24 23:19:00+00,,,1.5399999856948852,49.96916675567627,
2026-04-24 23:20:00+00,,,1.399999996026357,50.01399955749512,
2026-04-24 23:21:00+00,,,1.4454545703801243,50.004545731977984,
2026-04-24 23:22:00+00,,,1.329999989271164,49.98799934387207,
2026-04-24 23:23:00+00,,,1.409090898253701,49.99727249145508,
2026-04-24 23:24:00+00,,,1.6272727251052856,50.007999420166016,
2026-04-24 23:25:00+00,,,1.3416666587193806,49.97999988902699,
2026-04-24 23:26:00+00,,,1.380000013113022,50.010000228881836,
2026-04-24 23:27:00+00,,,1.45,50.00090963190252,
2026-04-24 23:28:00+00,,,1.4000000225173101,50,
2026-04-24 23:29:00+00,,,1.4100000143051148,49.97666645050049,
2026-04-24 23:30:00+00,,,1.5636363679712468,50.016666412353516,
2026-04-24 23:31:00+00,,,1.4583333109815915,49.9891668955485,
2026-04-24 23:32:00+00,,,1.2181818268515847,49.98600044250488,
2026-04-24 23:33:00+00,,,1.258333330353101,50.024999936421715,
2026-04-24 23:34:00+00,,,1.2181818214329807,49.982499758402504,
2026-04-24 23:35:00+00,,,1.4166666716337204,50.00749969482422,
2026-04-24 23:36:00+00,,,1.5375000089406967,49.984444512261284,
2026-04-24 23:37:00+00,,,1.3916666607062023,49.97666708628336,
2026-04-24 23:38:00+00,,,1.4090909145095132,50.013635808771305,
2026-04-24 23:39:00+00,,,1.3181818344376304,50.02900009155273,
2026-04-24 23:40:00+00,,,1.2000000104308128,49.98749955495199,
2026-04-24 23:41:00+00,,,1.3400000035762787,49.99363639137962,
2026-04-24 23:42:00+00,,,1.359999990463257,49.99727283824574,
2026-04-24 23:43:00+00,,,1.1363636234944516,50.01750055948893,
2026-04-24 23:44:00+00,,,1.3749999900658925,50.02599945068359,
2026-04-24 23:45:00+00,,,1.2818181866949254,49.97909095070579,
2026-04-24 23:46:00+00,,,1.377777788374159,49.969090548428625,
2026-04-24 23:47:00+00,,,1.2727272727272727,50.008182525634766,
2026-04-24 23:48:00+00,,,1.2363636331124739,50.010909687389024,
2026-04-24 23:49:00+00,,,1.2916666616996129,50.03166675567627,
2026-04-24 23:50:00+00,,,1.3363636298613115,50.01200065612793,
2026-04-24 23:51:00+00,,,1.4363636320287532,50.021817987615414,
2026-04-24 23:52:00+00,,,1.2833333313465118,49.97909095070579,
2026-04-24 23:53:00+00,,,1.2999999970197678,50.017272602428086,
2026-04-24 23:54:00+00,,,1.3700000047683716,49.99833297729492,
2026-04-24 23:55:00+00,,,1.7899999976158143,49.99545461481268,
2026-04-24 23:56:00+00,,,1.445454548705708,50.0199998219808,
2026-04-24 23:57:00+00,,,1.2454545416615226,50.0091667175293,
2026-04-24 23:58:00+00,,,1.4333333472410839,49.981000137329104,
2026-04-24 23:59:00+00,,,1.491666649778684,49.9991668065389,
2026-04-25 00:00:00+00,,,2.327272729440169,50.00545432350852,0
2026-04-25 00:01:00+00,,,2.427272742444819,50.011817932128906,
2026-04-25 00:02:00+00,,,2.1333333353201547,50.00999936190519,
2026-04-25 00:03:00+00,,,2.1800000071525574,50.0263637195934,
2026-04-25 00:04:00+00,,,2.4333333571751914,49.986000061035156,
2026-04-25 00:05:00+00,,,2.3454544977708296,50.025454781272195,
2026-04-25 00:06:00+00,,,2.1399999856948853,50.03181769631126,
2026-04-25 00:07:00+00,,,2.4200000166893005,50.02000011097301,
2026-04-25 00:08:00+00,,,2.39999998699535,49.993636738170274,
2026-04-25 00:09:00+00,,,2.381818164478649,50.01300048828125,
2026-04-25 00:10:00+00,,,2.263636361468922,49.98818137428977,
2026-04-25 00:11:00+00,,,2.5444444285498724,50.01749960581461,
2026-04-25 00:12:00+00,,,2.209090926430442,50.00416660308838,
2026-04-25 00:13:00+00,,,2.3700000047683716,49.99000015258789,
2026-04-25 00:14:00+00,,,2.372727231545882,50.00545467029918,
2026-04-25 00:15:00+00,,,2.345454541119662,49.99200019836426,
2026-04-25 00:16:00+00,,,2.5666666626930237,50.00583362579346,
2026-04-25 00:17:00+00,,,2.2545454610477793,49.994999694824216,
2026-04-25 00:18:00+00,,,2.541666656732559,50.00545467029918,
2026-04-25 00:19:00+00,,,2.436363632028753,50.029999472878195,
2026-04-25 00:20:00+00,,,2.2666666309038797,49.99818177656694,
2026-04-25 00:21:00+00,,,2.3363636298613115,49.98636384443803,
2026-04-25 00:22:00+00,,,2.3999999978325586,49.98083305358887,
2026-04-25 00:23:00+00,,,2.3999999978325586,49.978889041476776,
2026-04-25 00:24:00+00,,,2.324999988079071,49.989999597722836,
2026-04-25 00:25:00+00,,,1.9909090779044412,49.9908332824707,
2026-04-25 00:26:00+00,,,2.4727272553877397,49.9950008392334,
2026-04-25 00:27:00+00,,,2.3833333253860474,50.023999786376955,
2026-04-25 00:28:00+00,,,2.2999999956651167,50.002500216166176,
2026-04-25 00:29:00+00,,,2.4100000143051146,50.01090934059837,
2026-04-25 00:30:00+00,,,2.449999988079071,50.00833320617676,
2026-04-25 00:31:00+00,,,2.172727259722623,49.99909071488814,
2026-04-25 00:32:00+00,,,2.358333339293798,49.99636389992454,
2026-04-25 00:33:00+00,,,2.4899999856948853,50.003637140447445,
2026-04-25 00:34:00+00,,,2.49166668454806,50.000000346790664,
2026-04-25 00:35:00+00,,,2.3363636406985195,49.987272782759234,
2026-04-25 00:36:00+00,,,2.291666646798452,50.01800003051758,
2026-04-25 00:37:00+00,,,2.5299999713897705,49.97999988902699,
2026-04-25 00:38:00+00,,,2.509090878746726,49.99545392123136,
2026-04-25 00:39:00+00,,,2.4909090995788574,50.014166831970215,
2026-04-25 00:40:00+00,,,2.291666636864344,50.019165992736816,
2026-04-25 00:41:00+00,,,2.463636344129389,49.99499988555908,
2026-04-25 00:42:00+00,,,2.3090908960862593,50.004545038396664,
2026-04-25 00:43:00+00,,,2.1363636255264282,50.00000069358132,
2026-04-25 00:44:00+00,,,2.299999963153492,49.99499988555908,
2026-04-25 00:45:00+00,,,2.2916666666666665,50.02250003814697,
2026-04-25 00:46:00+00,,,2.4499999980131784,49.979091297496446,
2026-04-25 00:47:00+00,,,2.263636339794506,49.9908332824707,
2026-04-25 00:48:00+00,,,2.649999976158142,49.97699966430664,
2026-04-25 00:49:00+00,,,2.166666656732559,49.99166679382324,
2026-04-25 00:50:00+00,,,2.5583333174387612,50.034166971842446,
2026-04-25 00:51:00+00,,,2.3200000047683718,50.009999465942386,
2026-04-25 00:52:00+00,,,2.2888888782925076,49.98200035095215,
2026-04-25 00:53:00+00,,,2.3000000065023247,49.96818161010742,
2026-04-25 00:54:00+00,,,2.445454543287104,49.98666678534614,
2026-04-25 00:55:00+00,,,2.236363638531078,50.00499979654948,
2026-04-25 00:56:00+00,,,2.3499999741713204,49.992727453058414,
2026-04-25 00:57:00+00,,,2.463636354966597,50.00545397671786,
2026-04-25 00:58:00+00,,,2.3916666507720947,50.00363679365678,
2026-04-25 00:59:00+00,,,2.233333319425583,50.01636366410689,
2026-04-25 01:00:00+00,,,3.4916666547457376,49.98749987284342,
2026-04-25 01:01:00+00,,,3.45,50.0091667175293,
2026-04-25 01:02:00+00,,,3.5444444285498724,49.98800048828125,
2026-04-25 01:03:00+00,,,3.572727333415638,49.97166633605957,
2026-04-25 01:04:00+00,,,3.474999964237213,49.995454268022016,
2026-04-25 01:05:00+00,,,3.6083332896232605,49.9890910061923,
2026-04-25 01:06:00+00,,,3.5222222010294595,49.991999816894534,
2026-04-25 01:07:00+00,,,3.6416666507720947,50.01249980926514,
2026-04-25 01:08:00+00,,,3.6083333492279053,50.00454538518732,
2026-04-25 01:09:00+00,,,3.524999996026357,50.00166670481364,
2026-04-25 01:10:00+00,,,3.4916666746139526,49.99583339691162,
2026-04-25 01:11:00+00,,,3.377777761883206,50.01166693369547,
2026-04-25 01:12:00+00,,,3.5363636016845703,49.95999984741211,
2026-04-25 01:13:00+00,,,3.658333341280619,50,
2026-04-25 01:14:00+00,,,3.7000000043348833,49.98666604359945,
2026-04-25 01:15:00+00,,,3.6333332856496177,49.98400039672852,
2026-04-25 01:16:00+00,,,3.530000019073486,50.02200050354004,
2026-04-25 01:17:00+00,,,3.7333333492279053,50.01090864701705,
2026-04-25 01:18:00+00,,,3.563636367971247,49.9636362249201,
2026-04-25 01:19:00+00,,,3.5181817791678687,49.999999364217125,
2026-04-25 01:20:00+00,,,3.5666666428248086,50.0108331044515,
2026-04-25 01:21:00+00,,,3.5599999904632567,49.994444105360245,
2026-04-25 01:22:00+00,,,3.5333333611488342,50.03583272298177,
2026-04-25 01:23:00+00,,,3.524999996026357,49.987999725341794,
2026-04-25 01:24:00+00,,,3.5818181904879483,50.00727289373224,
2026-04-25 01:25:00+00,,,3.5599999904632567,49.98909065940163,
2026-04-25 01:26:00+00,,,3.590909090909091,49.97166665395101,
2026-04-25 01:27:00+00,,,3.666666626930237,50.01545472578569,
2026-04-25 01:28:00+00,,,3.4916667143503823,50.00666650136312,
2026-04-25 01:29:00+00,,,3.7363636060194536,50.00272716175426,
2026-04-25 01:30:00+00,,,3.599999984105428,50.00090928511186,
2026-04-25 01:31:00+00,,,3.4299999952316282,50.00199966430664,
2026-04-25 01:32:00+00,,,3.4727272553877397,50.0024995803833,
2026-04-25 01:33:00+00,,,3.5818182121623647,50.01272687045011,
2026-04-25 01:34:00+00,,,3.7272726839238945,50.00666650136312,
2026-04-25 01:35:00+00,,,3.7500000476837156,50.0009089383212,
2026-04-25 01:36:00+00,,,3.6749999721844993,50.007500330607094,
2026-04-25 01:37:00+00,,,3.4818182208321313,49.975833574930824,
2026-04-25 01:38:00+00,,,3.6800000190734865,50.01500053405762,
2026-04-25 01:39:00+00,,,3.5899999856948854,49.989166259765625,
2026-04-25 01:40:00+00,,,3.63636361468922,50.010000705718994,
2026-04-25 01:41:00+00,,,3.583333353201548,49.99500020345052,
2026-04-25 01:42:00+00,,,3.650000035762787,50.00909077037465,
2026-04-25 01:43:00+00,,,3.6100000143051147,49.990000089009605,
2026-04-25 01:44:00+00,,,3.4699999570846556,50.013000106811525,
2026-04-25 01:45:00+00,,,3.6272727359424937,50.0009089383212,
2026-04-25 01:46:00+00,,,3.6083333690961203,49.99500020345052,
2026-04-25 01:47:00+00,,,3.8000000390139492,50.00916703542074,
2026-04-25 01:48:00+00,,,3.4416666825612388,49.994999694824216,
2026-04-25 01:49:00+00,,,3.575000047683716,49.991818167946555,
2026-04-25 01:50:00+00,,,3.6909091039137407,50.01727294921875,
2026-04-25 01:51:00+00,,,3.740000009536743,50.00666650136312,
2026-04-25 01:52:00+00,,,3.6454545584591953,49.995454268022016,
2026-04-25 01:53:00+00,,,3.630000042915344,49.99636320634322,
2026-04-25 01:54:00+00,,,3.5999999913302334,50.00090963190252,
2026-04-25 01:55:00+00,,,3.5090909004211426,50.0129997253418,
2026-04-25 01:56:00+00,,,3.4916666547457376,49.97166665395101,
2026-04-25 01:57:00+00,,,3.4636363332921807,50.01333363850912,
2026-04-25 01:58:00+00,,,3.6416666507720947,49.97083282470703,
2026-04-25 01:59:00+00,,,3.55,50.008181832053445,
2026-04-25 02:00:00+00,,,4.860000085830689,49.9941660563151,
2026-04-25 02:01:00+00,,,4.87500003973643,49.999999653209336,
2026-04-25 02:02:00+00,,,5.077777756585015,50.009999708695844,
2026-04-25 02:03:00+00,,,5.099999984105428,50.017499923706055,
2026-04-25 02:04:00+00,,,5.009999990463257,49.97545485063033,
2026-04-25 02:05:00+00,,,4.9499999523162845,49.993332862854004,
2026-04-25 02:06:00+00,,,5.125,50.01249980926514,
2026-04-25 02:07:00+00,,,5,50.013333320617676,
2026-04-25 02:08:00+00,,,4.754545471884987,50.00599899291992,
2026-04-25 02:09:00+00,,,4.740000009536743,50.02600021362305,
2026-04-25 02:10:00+00,,,4.925000031789144,49.98545455932617,
2026-04-25 02:11:00+00,,,5.0299999713897705,50.01583353678385,
2026-04-25 02:12:00+00,,,4.780000066757202,50.0409084666859,
2026-04-25 02:13:00+00,,,4.966666751437717,50.013999938964844,
2026-04-25 02:14:00+00,,,4.983333349227905,50.00181857022372,
2026-04-25 02:15:00+00,,,5.045454545454546,50.03700065612793,
2026-04-25 02:16:00+00,,,5.016666690508525,49.9890910061923,
2026-04-25 02:17:00+00,,,5,50.01083278656006,
2026-04-25 02:18:00+00,,,4.927272753282026,50.00909077037465,
2026-04-25 02:19:00+00,,,4.9700000286102295,49.99000015258789,
2026-04-25 02:20:00+00,,,5.009090900421143,49.995454268022016,
2026-04-25 02:21:00+00,,,4.974999984105428,49.991818167946555,
2026-04-25 02:22:00+00,,,5.166666666666667,49.99727283824574,
2026-04-25 02:23:00+00,,,4.8,49.99599990844727,
2026-04-25 02:24:00+00,,,5.141666690508525,50.00545467029918,
2026-04-25 02:25:00+00,,,5.058333357175191,50.02666695912679,
2026-04-25 02:26:00+00,,,4.827272675254128,49.994166692097984,
2026-04-25 02:27:00+00,,,4.818181818181818,50.00416692097982,
2026-04-25 02:28:00+00,,,5.03636360168457,49.994444105360245,
2026-04-25 02:29:00+00,,,4.7416666348775225,49.982500076293945,
2026-04-25 02:30:00+00,,,4.7999999739907,49.96999994913737,
2026-04-25 02:31:00+00,,,4.908333381017049,49.96750036875407,
2026-04-25 02:32:00+00,,,4.999999952316284,50.00916703542074,
2026-04-25 02:33:00+00,,,4.999999956651167,50.01333321465386,
2026-04-25 02:34:00+00,,,4.900000052018599,50.002500216166176,
2026-04-25 02:35:00+00,,,5.041666626930237,50.01454544067383,
2026-04-25 02:36:00+00,,,4.9909090562300245,49.98636384443803,
2026-04-25 02:37:00+00,,,4.837499976158142,49.989999597722836,
2026-04-25 02:38:00+00,,,4.990909012881192,49.9908332824707,
2026-04-25 02:39:00+00,,,4.790909138592807,50.003635753284804,
2026-04-25 02:40:00+00,,,5.154545437205922,49.99399948120117,
2026-04-25 02:41:00+00,,,5.190909082239324,50.00299987792969,
2026-04-25 02:42:00+00,,,4.741666674613953,49.99583339691162,
2026-04-25 02:43:00+00,,,4.863636406985196,49.98583380381266,
2026-04-25 02:44:00+00,,,4.9454544674266465,49.99545461481268,
2026-04-25 02:45:00+00,,,4.608333349227905,50.01454578746449,
2026-04-25 02:46:00+00,,,5.019999980926514,49.975000063578285,
2026-04-25 02:47:00+00,,,4.890909064899791,50.01090934059837,
2026-04-25 02:48:00+00,,,5.100000034679066,50.0108331044515,
2026-04-25 02:49:00+00,,,4.96363639831543,49.9983336130778,
2026-04-25 02:50:00+00,,,4.9454545107754795,50.00916703542074,
2026-04-25 02:51:00+00,,,5.233333322736952,49.966666751437714,
2026-04-25 02:52:00+00,,,4.900000008669767,49.99083296457926,
2026-04-25 02:53:00+00,,,4.954545497894287,50.00545467029918,
2026-04-25 02:54:00+00,,,5.040000009536743,50.01909151944247,
2026-04-25 02:55:00+00,,,4.949999948342641,50.014166831970215,
2026-04-25 02:56:00+00,,,4.8444444338480634,50.00499992370605,
2026-04-25 02:57:00+00,,,4.733333309491475,49.97999988902699,
2026-04-25 02:58:00+00,,,4.836363662372936,49.985454906116836,
2026-04-25 02:59:00+00,,,4.900000052018599,49.987272782759234,
2026-04-25 03:00:00+00,,,6.424999992052714,49.99111090766059,
2026-04-25 03:01:00+00,,,6.409090909090909,50.006363261829726,
2026-04-25 03:02:00+00,,,6.458333333333333,50.0018178766424,
2026-04-25 03:03:00+00,,,6.481818155808882,50.01699981689453,
2026-04-25 03:04:00+00,,,6.6800000190734865,49.98199996948242,
2026-04-25 03:05:00+00,,,6.2272727272727275,50.00666618347168,
2026-04-25 03:06:00+00,,,6.536363645033403,49.98454527421431,
2026-04-25 03:07:00+00,,,6.4300000190734865,49.962999725341795,
2026-04-25 03:08:00+00,,,6.491666714350383,50.003333727518715,
2026-04-25 03:09:00+00,,,6.766666730244954,49.99583371480306,
2026-04-25 03:10:00+00,,,6.45,49.982727397571914,
2026-04-25 03:11:00+00,,,6.383333325386047,50.00636360862038,
2026-04-25 03:12:00+00,,,6.50000003973643,50.02700004577637,
2026-04-25 03:13:00+00,,,6.49090914292769,49.99166615804037,
2026-04-25 03:14:00+00,,,6.299999992052714,49.982499758402504,
2026-04-25 03:15:00+00,,,6.3900000095367435,49.99363639137962,
2026-04-25 03:16:00+00,,,6.527272701263428,49.994544982910156,
2026-04-25 03:17:00+00,,,6.136363679712469,49.9908332824707,
2026-04-25 03:18:00+00,,,6.4000000556310015,50,
2026-04-25 03:19:00+00,,,6.525000015894572,49.979166666666664,
2026-04-25 03:20:00+00,,,6.46363639831543,50.00699996948242,
2026-04-25 03:21:00+00,,,6.525000015894572,50.013333320617676,
2026-04-25 03:22:00+00,,,6.383333285649617,49.97999954223633,
2026-04-25 03:23:00+00,,,6.475000023841858,49.99333349863688,
2026-04-25 03:24:00+00,,,6.390909021550959,49.99090922962535,
2026-04-25 03:25:00+00,,,6.345454476096413,50.01636366410689,
2026-04-25 03:26:00+00,,,6.333333373069763,49.99999968210856,
2026-04-25 03:27:00+00,,,6.549999992052714,49.99545461481268,
2026-04-25 03:28:00+00,,,6.358333349227905,49.97500038146973,
2026-04-25 03:29:00+00,,,6.483333309491475,49.94899940490723,
2026-04-25 03:30:00+00,,,6.4,49.97666719224718,
2026-04-25 03:31:00+00,,,6.55,49.97416687011719,
2026-04-25 03:32:00+00,,,6.441666642824809,49.98909065940163,
2026-04-25 03:33:00+00,,,6.300000017339533,49.97909095070579,
2026-04-25 03:34:00+00,,,6.275000015894572,50.009090423583984,
2026-04-25 03:35:00+00,,,6.427272753282026,50.00125026702881,
2026-04-25 03:36:00+00,,,6.516666650772095,49.98900032043457,
2026-04-25 03:37:00+00,,,6.416666626930237,50.03363626653498,
2026-04-25 03:38:00+00,,,6.558333357175191,50.009999910990395,
2026-04-25 03:39:00+00,,,6.220000076293945,49.97888861762153,
2026-04-25 03:40:00+00,,,6.308333317438762,49.98454596779563,
2026-04-25 03:41:00+00,,,6.1181818355213515,50.02363655783913,
2026-04-25 03:42:00+00,,,6.318181818181818,49.9736362804066,
2026-04-25 03:43:00+00,,,6.6555555661519366,49.9975004196167,
2026-04-25 03:44:00+00,,,6.472727212038907,50.00454538518732,
2026-04-25 03:45:00+00,,,6.708333412806193,50.00090928511186,
2026-04-25 03:46:00+00,,,6.366666754086812,49.9939998626709,
2026-04-25 03:47:00+00,,,6.508333285649617,49.98900032043457,
2026-04-25 03:48:00+00,,,6.441666682561238,50.01583290100098,
2026-04-25 03:49:00+00,,,6.427272796630859,49.9918178211559,
2026-04-25 03:50:00+00,,,6.4333332777023315,50.01400032043457,
2026-04-25 03:51:00+00,,,6.7222221692403155,50.01699981689453,
2026-04-25 03:52:00+00,,,6.37999997138977,49.986999893188475,
2026-04-25 03:53:00+00,,,6.46363639831543,50.0109089938077,
2026-04-25 03:54:00+00,,,6.433333396911621,50.00909077037465,
2026-04-25 03:55:00+00,,,6.409999990463257,50.031818043101914,
2026-04-25 03:56:00+00,,,6.500000086697665,50.00181822343306,
2026-04-25 03:57:00+00,,,6.345454519445246,50.01166661580404,
2026-04-25 03:58:00+00,,,6.136363679712469,50.01545403220437,
2026-04-25 03:59:00+00,,,6.47777779897054,50,
2026-04-25 04:00:00+00,,,7.891666690508525,49.97636413574219,
2026-04-25 04:01:00+00,,,7.858333349227905,50.043636322021484,
2026-04-25 04:02:00+00,,,8.154545523903586,49.9972731850364,
2026-04-25 04:03:00+00,,,7.890000057220459,50.01500015258789,
2026-04-25 04:04:00+00,,,8.100000103314718,50.01250044504801,
2026-04-25 04:05:00+00,,,8.116666754086813,50.006666819254555,
2026-04-25 04:06:00+00,,,8.14545453678478,49.9916664759318,
2026-04-25 04:07:00+00,,,7.958333373069763,49.986666997273765,
2026-04-25 04:08:00+00,,,8.218181826851584,49.99545461481268,
2026-04-25 04:09:00+00,,,8.02727274461226,50.01000005548651,
2026-04-25 04:10:00+00,,,7.925000031789144,49.96583271026611,
2026-04-25 04:11:00+00,,,8,49.9990910616788,
2026-04-25 04:12:00+00,,,8.08181819048795,49.99599990844727,
2026-04-25 04:13:00+00,,,8.218181783502752,50.01699981689453,
2026-04-25 04:14:00+00,,,7.927272709933194,49.99833297729492,
2026-04-25 04:15:00+00,,,8.030000019073487,49.989999771118164,
2026-04-25 04:16:00+00,,,7.940000009536743,49.99599990844727,
2026-04-25 04:17:00+00,,,7.8083332777023315,50.03083356221517,
2026-04-25 04:18:00+00,,,8.081818147139115,50.00799980163574,
2026-04-25 04:19:00+00,,,8.063636389645664,50.00333340962728,
2026-04-25 04:20:00+00,,,8.233333269755045,50.01545403220437,
2026-04-25 04:21:00+00,,,8.274999976158142,49.98636315085671,
2026-04-25 04:22:00+00,,,8.209090926430441,50.00545536388051,
2026-04-25 04:23:00+00,,,7.958333333333333,50.00249989827474,
2026-04-25 04:24:00+00,,,7.963636441664263,50.013636502352625,
2026-04-25 04:25:00+00,,,7.9499999523162845,50.01181827891957,
2026-04-25 04:26:00+00,,,7.899999952316284,50.03090910478072,
2026-04-25 04:27:00+00,,,7.800000137752956,50.0129997253418,
2026-04-25 04:28:00+00,,,8.10000012137673,49.99166711171468,
2026-04-25 04:29:00+00,,,8.008333285649618,49.992727453058414,
2026-04-25 04:30:00+00,,,7.983333388964335,49.98090917413885,
2026-04-25 04:31:00+00,,,7.833333373069763,50.0008331934611,
2026-04-25 04:32:00+00,,,8.190909125588156,50.01600036621094,
2026-04-25 04:33:00+00,,,8.041666626930237,49.99833297729492,
2026-04-25 04:34:00+00,,,7.888888888888889,49.9983336130778,
2026-04-25 04:35:00+00,,,7.899999989403619,50.016666412353516,
2026-04-25 04:36:00+00,,,7.890000057220459,49.99833329518636,
2026-04-25 04:37:00+00,,,8.054545402526855,49.99500007629395,
2026-04-25 04:38:00+00,,,7.916666746139526,49.989166577657066,
2026-04-25 04:39:00+00,,,8.318181818181818,50.00699996948242,
2026-04-25 04:40:00+00,,,8.024999936421713,50.00666650136312,
2026-04-25 04:41:00+00,,,8.060000038146972,50.00636360862038,
2026-04-25 04:42:00+00,,,7.891666730244954,49.99333381652832,
2026-04-25 04:43:00+00,,,7.741666714350383,50.01090934059837,
2026-04-25 04:44:00+00,,,8.100000143051147,50,
2026-04-25 04:45:00+00,,,8.222222275204128,50.00416660308838,
2026-04-25 04:46:00+00,,,8.030000019073487,50.01363684914329,
2026-04-25 04:47:00+00,,,8.000000086697666,49.99800033569336,
2026-04-25 04:48:00+00,,,8.090000104904174,50.010000402277164,
2026-04-25 04:49:00+00,,,7.9749999443689985,50.003000259399414,
2026-04-25 04:50:00+00,,,8,49.98583380381266,
2026-04-25 04:51:00+00,,,8.085714408329554,49.972727342085406,
2026-04-25 04:52:00+00,,,8.058333357175192,49.99583307902018,
2026-04-25 04:53:00+00,,,7.936363567005504,50.0083335240682,
2026-04-25 04:54:00+00,,,8.199999928474426,49.97272768887606,
2026-04-25 04:55:00+00,,,7.845454432747581,50.014166831970215,
2026-04-25 04:56:00+00,,,7.999999947018093,49.97699966430664,
2026-04-25 04:57:00+00,,,8.060000085830689,50.01181827891957,
2026-04-25 04:58:00+00,,,8.179999923706054,50,
2026-04-25 04:59:00+00,,,8.116666674613953,50.01099967956543,
2026-04-25 05:00:00+00,,,9.416666587193808,50.01636401089755,
2026-04-25 05:01:00+00,,,9.45555559794108,49.99454567649148,
2026-04-25 05:02:00+00,,,9.699999982660467,49.99454532970082,
2026-04-25 05:03:00+00,,,9.772727272727273,49.978333473205566,
2026-04-25 05:04:00+00,,,9.572727290066807,49.992499669392906,
2026-04-25 05:05:00+00,,,9.740000152587891,49.995454268022016,
2026-04-25 05:06:00+00,,,9.355555534362793,50.012727217240766,
2026-04-25 05:07:00+00,,,9.49999992052714,49.97181805697355,
2026-04-25 05:08:00+00,,,9.590909090909092,49.99583339691162,
2026-04-25 05:09:00+00,,,9.45,50.02909053455699,
2026-04-25 05:10:00+00,,,15.850000095367431,49.98727243596857,
2026-04-25 05:11:00+00,,,16.424999713897705,49.9918178211559,
2026-04-25 05:12:00+00,,,16.416666587193806,50.009999465942386,
2026-04-25 05:13:00+00,,,16.627272865988992,49.98999994451349,
2026-04-25 05:14:00+00,,,16.560000038146974,49.99363604458895,
2026-04-25 05:15:00+00,,,16.633333524068195,50.00749969482422,
2026-04-25 05:16:00+00,,,16.258333524068195,49.97727307406339,
2026-04-25 05:17:00+00,,,16.583333412806194,50.02363655783913,
2026-04-25 05:18:00+00,,,16.52500009536743,49.98399963378906,
2026-04-25 05:19:00+00,,,16.56363651969216,49.99363604458895,
2026-04-25 05:20:00+00,,,16.61000003814697,50.012727910822086,9.999999747378752e-05
2026-04-25 05:21:00+00,,,16.55833339691162,49.99299964904785,
2026-04-25 05:22:00+00,,,16.708333492279053,50.011817932128906,
2026-04-25 05:23:00+00,,,16.51818171414462,49.98333326975504,
2026-04-25 05:24:00+00,,,16.654545177112926,50.000999450683594,
2026-04-25 05:25:00+00,,,16.709091013128106,50.0016663869222,
2026-04-25 05:26:00+00,,,16.629999828338622,50.007273240522906,
2026-04-25 05:27:00+00,,,16.533333619435627,50.00818148526278,0.00019999999494757503
2026-04-25 05:28:00+00,,,16.399999698003132,50.01363684914329,0.0003000000142492354
2026-04-25 05:29:00+00,,,16.690909125588156,49.986363497647375,
2026-04-25 05:30:00+00,,,16.641666730244953,50.00272716175426,
2026-04-25 05:31:00+00,,,16.709090839732777,50.003333197699654,0.00039999998989515007
2026-04-25 05:32:00+00,,,16.590909264304422,49.988000106811526,
2026-04-25 05:33:00+00,,,16.499999826604668,50.00333340962728,0.0005000000237487257
2026-04-25 05:34:00+00,,,16.72222222222222,50.008000183105466,0.0006999999944431087
2026-04-25 05:35:00+00,,,16.572727376764472,50.021666526794434,0.001000000008692344
2026-04-25 05:36:00+00,,,16.27272718602961,49.99833329518636,0.0013999999966472388
2026-04-25 05:37:00+00,,,16.563636432994496,50.013636502352625,0.0017499999958090484
2026-04-25 05:38:00+00,,,16.409091342579234,49.9983336130778,
2026-04-25 05:39:00+00,,,16.23000011444092,49.99099998474121,0.0021000000182539225
2026-04-25 05:40:00+00,,,16.679999923706056,50.00454538518732,0.0026000000070780516
2026-04-25 05:41:00+00,,,16.600000222524006,49.99250030517578,0.0031500000040978193
2026-04-25 05:42:00+00,,,16.52727274461226,50.00833320617676,
2026-04-25 05:43:00+00,,,16.61818183552135,50.0490005493164,0.003700000001117587
2026-04-25 05:44:00+00,,,27.83636335893111,50.009090423583984,0.00721818179061467
2026-04-25 05:45:00+00,,,28.48181828585538,50.01818188753995,0.01066666670764486
2026-04-25 05:46:00+00,,,28.666666666666668,50.003636446866125,0.014250000162671009
2026-04-25 05:47:00+00,,,28.666666666666668,50.00181822343306,0.01784166693687439
2026-04-25 05:48:00+00,,,28.96666685740153,49.9908332824707,0.022308333311229944
2026-04-25 05:49:00+00,,,29.181818181818183,50.01454544067383,0.03169090910391374
2026-04-25 05:50:00+00,,,29.23636384443803,50.02916717529297,0.04208333293596903
2026-04-25 05:51:00+00,,,29.333333333333332,50.0024995803833,0.05322499945759773
2026-04-25 05:52:00+00,,,29.583333492279053,50.01249980926514,0.06498333315054576
2026-04-25 05:53:00+00,,,29.92727279663086,49.99636320634322,0.07673636417497288
2026-04-25 05:54:00+00,,,29.46363639831543,50.0008331934611,0.08899166683355968
2026-04-25 05:55:00+00,,,29.55833339691162,49.98833338419596,0.10024166665971279
2026-04-25 05:56:00+00,,,29.24444474114312,49.982500076293945,0.10662499939401944
2026-04-25 05:57:00+00,,,29.75,49.975,0.11574999988079071
2026-04-25 05:58:00+00,,,29.863636363636363,50.00272716175426,0.12913636389103803
2026-04-25 05:59:00+00,,,30.045454718849875,50.00249989827474,0.14280833303928375
2026-04-25 06:00:00+00,,,31.325000127156574,50,0.15710833172003427
2026-04-25 06:01:00+00,,,31.3166667620341,50.01100044250488,0.17150833333532015
2026-04-25 06:02:00+00,,,31.98181811246005,50.00727289373224,0.18569999933242798
2026-04-25 06:03:00+00,,,31.658332983652752,50.01250012715658,0.2010833335419496
2026-04-25 06:04:00+00,,,31.71666669845581,50.01250012715658,0.21691666667660078
2026-04-25 06:05:00+00,,,32.25000015894572,50.021666844685875,0.2324500009417534
2026-04-25 06:06:00+00,,,31.916666507720947,50.00727289373224,0.2485333320995172
2026-04-25 06:07:00+00,,,32.208333015441895,49.97666645050049,0.26480832944313687
2026-04-25 06:08:00+00,,,31.900000138716265,50.02090904929421,0.28185454281893646
2026-04-25 06:09:00+00,,,32.22000007629394,50.04583295186361,0.2982666666309039
2026-04-25 06:10:00+00,,,32.41666650772095,50.01363615556197,0.3155333325266838
2026-04-25 06:11:00+00,,,32.51818136735396,49.986667209201386,0.33299166709184647
2026-04-25 06:12:00+00,,,31.836363185535777,49.98545421253551,0.3483727276325226
2026-04-25 06:13:00+00,,,32.08000011444092,50.009999465942386,0.35885000477234524
2026-04-25 06:14:00+00,,,32.06666644414266,49.98999994451349,0.3688333307703336
2026-04-25 06:15:00+00,,,32.66666682561239,49.99555545383029,0.3848166714111964
2026-04-25 06:16:00+00,,,32.33333396911621,49.97416623433431,0.39875833441813785
2026-04-25 06:17:00+00,,,32.09999974568685,49.9990910616788,0.40465454350818286
2026-04-25 06:18:00+00,,,31.89999993642171,50.016666094462074,0.4109416678547859
2026-04-25 06:19:00+00,,,31.790908813476562,49.974545218727805,0.4169333353638649
2026-04-25 06:20:00+00,,,32.21666685740153,49.99454532970082,0.42408332973718643
2026-04-25 06:21:00+00,,,33.16363664106889,49.98666636149088,0.441641665995121
2026-04-25 06:22:00+00,,,33.45454545454545,49.988999938964845,0.46203636852177704
2026-04-25 06:23:00+00,,,33.01666673024496,49.997499783833824,0.48303333669900894
2026-04-25 06:24:00+00,,,33.60833326975504,50.021666526794434,0.5041249940792719
2026-04-25 06:25:00+00,,,33.399999936421715,50.0081821788441,0.5254583408435186
2026-04-25 06:26:00+00,,,33.35833326975504,50.0009089383212,0.5470916628837585
2026-04-25 06:27:00+00,,,32.70000006935813,49.997999572753905,0.5632545460354198
2026-04-25 06:28:00+00,,,32.6000002080744,49.99250030517578,0.5696833332379659
2026-04-25 06:29:00+00,,,32.524999936421715,50.01799964904785,0.5763833373785019
2026-04-25 06:30:00+00,,,33.19166692097982,50.013636502352625,0.5846250007549921
2026-04-25 06:31:00+00,,,34.05454531582919,50.004545731977984,0.6043545387007974
2026-04-25 06:32:00+00,,,34.05833339691162,50.021666844685875,0.6282999962568283
2026-04-25 06:33:00+00,,,33.660000228881835,49.97749948501587,0.6530250062545141
2026-04-25 06:34:00+00,,,34.149999936421715,50.00750001271566,0.6774249970912933
2026-04-25 06:35:00+00,,,33.86363636363637,50.00090928511186,0.7022999972105026
2026-04-25 06:36:00+00,,,34.13636328957298,50.02181764082475,0.7260999950495634
2026-04-25 06:37:00+00,,,34.4636362249201,50.0018178766424,0.7519416610399882
2026-04-25 06:38:00+00,,,34.26666704813639,49.989999771118164,0.7769916653633118
2026-04-25 06:39:00+00,,,34.59999974568685,49.99999968210856,0.8022333383560181
2026-04-25 06:40:00+00,,,34.39999961853027,49.958181554620914,0.8278333246707916
2026-04-25 06:41:00+00,,,34.527272657914594,49.97636413574219,0.8530727191404863
2026-04-25 06:42:00+00,,,34.381817904385656,50.008000183105466,0.8800166646639506
2026-04-25 06:43:00+00,,,35.05833371480306,49.996363553133875,0.906700000166893
2026-04-25 06:44:00+00,,,34.75,49.991999816894534,0.9341666599114736
2026-04-25 06:45:00+00,,,34.05833371480306,50.0027268149636,0.9528666685024897
2026-04-25 06:46:00+00,,,33.85999984741211,50.011250019073486,0.9660909121686762
2026-04-25 06:47:00+00,,,34.07500012715658,50.012727217240766,0.9796750048796335
2026-04-25 06:48:00+00,,,34.208333015441895,50.005833307902016,0.9936499943335851
2026-04-25 06:49:00+00,,,34.929999923706056,50.00799980163574,1.0143999954064686
2026-04-25 06:50:00+00,,,35.47999954223633,50,1.0425091006539084
2026-04-25 06:51:00+00,,,35.33000030517578,50.00181857022372,1.071583330631256
2026-04-25 06:52:00+00,,,35.274999936421715,49.99666690826416,1.1022583345572154
2026-04-25 06:53:00+00,,,33.9555549621582,49.99583307902018,1.122575004895528
2026-04-25 06:54:00+00,,,34.05000019073486,49.98833338419596,1.1317666669686635
2026-04-25 06:55:00+00,,,34.3666664759318,49.98000030517578,1.1411249935626984
2026-04-25 06:56:00+00,,,33.936363913796164,49.994999694824216,1.1510090827941895
2026-04-25 06:57:00+00,,,35.163636294278234,49.98909065940163,1.164566655953725
2026-04-25 06:58:00+00,,,35.95000012715658,49.988182067871094,1.1943083306153615
2026-04-25 06:59:00+00,,,35.836363705721766,49.98166688283285,1.2258833249409993
2026-04-25 07:00:00+00,,,37.249999618530275,49.985454906116836,1.2565181797200984
2026-04-25 07:01:00+00,,,37.44166660308838,50.00444412231445,1.2905083398024242
2026-04-25 07:02:00+00,,,37.32499980926514,49.97916634877523,1.3241583307584126
2026-04-25 07:03:00+00,,,37.3666664759318,50.01272756403143,1.3574999968210857
2026-04-25 07:04:00+00,,,37.5,50.00999959309896,1.3904750049114227
2026-04-25 07:05:00+00,,,36.73636384443803,49.98727243596857,1.4099545370448718
2026-04-25 07:06:00+00,,,36.40000057220459,49.978182012384586,1.4243166744709015
2026-04-25 07:07:00+00,,,37.8,49.99166679382324,1.4522166748841603
2026-04-25 07:08:00+00,,,37.59166685740153,49.99700012207031,1.4870333274205525
2026-04-25 07:09:00+00,,,37.618181402033024,49.98888821072049,1.5204999880357222
2026-04-25 07:10:00+00,,,38.12727321277965,50.02181833440607,1.5548249979813893
2026-04-25 07:11:00+00,,,36.3181811246005,49.99999968210856,1.5794916649659474
2026-04-25 07:12:00+00,,,36.60000069936117,50.00636395541105,1.5894166628519695
2026-04-25 07:13:00+00,,,38.30909104780717,49.98083368937174,1.6094083189964294
2026-04-25 07:14:00+00,,,38.13333320617676,50.02900009155273,1.6459166705608368
2026-04-25 07:15:00+00,,,38.55,49.98300056457519,1.6827909079465
2026-04-25 07:16:00+00,,,38.78181769631126,50.01666673024496,1.7204666634400685
2026-04-25 07:17:00+00,,,36.572727550159804,50.00416628519694,1.743958334128062
2026-04-25 07:18:00+00,,,38.01818188753995,50.007500330607094,1.7603000005086262
2026-04-25 07:19:00+00,,,37,49.98909135298295,1.7848272648724643
2026-04-25 07:20:00+00,,,36.74999968210856,49.988000106811526,1.793066680431366
2026-04-25 07:21:00+00,,,36.65000057220459,49.9918178211559,1.8011750082174938
2026-04-25 07:22:00+00,,,36.733333905537926,50.00000031789144,1.8090916673342388
2026-04-25 07:23:00+00,,,37.41666634877523,49.99833329518636,1.8187500337759654
2026-04-25 07:24:00+00,,,39.02727300470526,50.01700019836426,1.849081819707697
2026-04-25 07:25:00+00,,,38.10000038146973,50.00818148526278,1.882741630077362
2026-04-25 07:26:00+00,,,37.824999491373696,50.00900001525879,1.9010666807492573
2026-04-25 07:27:00+00,,,37.65833346048991,49.99833329518636,1.917974978685379
2026-04-25 07:28:00+00,,,37.96999969482422,50.002000427246095,1.9345363486896863
2026-04-25 07:29:00+00,,,39.43333371480306,50.014166831970215,1.9639500081539154
2026-04-25 07:30:00+00,,,39.691667238871254,49.990000089009605,2.0091916819413504
2026-04-25 07:31:00+00,,,39.875,50.013636502352625,2.051699976126353
2026-04-25 07:32:00+00,,,39.35833326975504,49.986666679382324,2.093375007311503
2026-04-25 07:33:00+00,,,39.76363615556197,50.007272546941586,2.1356249849001565
2026-04-25 07:34:00+00,,,39.87999992370605,49.99200019836426,2.1766181642358955
2026-04-25 07:35:00+00,,,39.75000031789144,50.00909146395597,2.22079998254776
2026-04-25 07:36:00+00,,,40.09166685740153,50.024166425069176,2.2643333276112876
2026-04-25 07:37:00+00,,,39.79999993064187,50.01333363850912,2.307408312956492
2026-04-25 07:38:00+00,,,37.81818181818182,50.01545472578569,2.328490907495672
2026-04-25 07:39:00+00,,,38.333333333333336,50.021817987615414,2.341308355331421
2026-04-25 07:40:00+00,,,40.2,50.013333320617676,2.378083348274231
2026-04-25 07:41:00+00,,,40.19090895219283,49.98333316379123,2.422100027402242
2026-04-25 07:42:00+00,,,40.375,49.99500020345052,2.466724991798401
2026-04-25 07:43:00+00,,,39.98000030517578,49.99599990844727,2.5084909092296255
2026-04-25 07:44:00+00,,,38.60833326975504,50.01249980926514,2.531391660372416
2026-04-25 07:45:00+00,,,39.04166634877523,49.98545386574485,2.55145001411438
2026-04-25 07:46:00+00,,,40.599999861283735,49.9890910061923,2.586841662724813
2026-04-25 07:47:00+00,,,40.82727258855646,50.015000343322754,2.6336000164349875
2026-04-25 07:48:00+00,,,40.98181811246005,49.998888651529946,2.6779363588853315
2026-04-25 07:49:00+00,,,40.34166622161865,49.96599922180176,2.7246083418528237
2026-04-25 07:50:00+00,,,40.581818320534445,50.00181891701438,2.7730249762535095
2026-04-25 07:51:00+00,,,38.80833307902018,50.022999954223636,2.8007499972979226
2026-04-25 07:52:00+00,,,39.09166685740153,49.98090952092951,2.816716651121775
2026-04-25 07:53:00+00,,,38.97999992370605,50.00666724310981,2.8322727246717974
2026-04-25 07:54:00+00,,,40.97272768887606,49.994166692097984,2.868558327356974
2026-04-25 07:55:00+00,,,41.24999968210856,49.985833168029785,2.9180583159128823
2026-04-25 07:56:00+00,,,40.34166590372721,50.013636502352625,2.9613916675249734
2026-04-25 07:57:00+00,,,39.68181818181818,50.00799980163574,2.9819818410006436
2026-04-25 07:58:00+00,,,39.52499961853027,49.97750027974447,3.0004666447639465
2026-04-25 07:59:00+00,,,39.54166603088379,49.99909036809748,3.021416664123535
2026-04-25 08:00:00+00,,,41.541666666666664,49.979166666666664,3.042608320713043
2026-04-25 08:01:00+00,,,42.88333320617676,50.00636395541105,3.0857499837875366
2026-04-25 08:02:00+00,,,41.649999936421715,49.989999771118164,3.132925013701121
2026-04-25 08:03:00+00,,,40.83636335893111,49.99909071488814,3.1526727459647437
2026-04-25 08:04:00+00,,,40.8999997919256,50,3.167925000190735
2026-04-25 08:05:00+00,,,40.61000022888184,50.021817987615414,3.1830749909083047
2026-04-25 08:06:00+00,,,41.041666666666664,50.005833307902016,3.198408325513204
2026-04-25 08:07:00+00,,,42.67777760823568,50.010000228881836,3.217490889809348
2026-04-25 08:08:00+00,,,43.09999974568685,49.99833329518636,3.2650582989056907
2026-04-25 08:09:00+00,,,41.4636362249201,49.993636738170274,3.3026166558265686
2026-04-25 08:10:00+00,,,43.37000007629395,50.00181822343306,3.3378250201543174
2026-04-25 08:11:00+00,,,42.57500012715658,50.01166661580404,3.3850334088007608
2026-04-25 08:12:00+00,,,41.55999984741211,49.99454532970082,3.4084181785583496
2026-04-25 08:13:00+00,,,41.53333346048991,49.97999954223633,3.4309666752815247
2026-04-25 08:14:00+00,,,41.85000038146973,49.98727243596857,3.4544583360354104
2026-04-25 08:15:00+00,,,41.62727321277965,50.014166831970215,3.4770666360855103
2026-04-25 08:16:00+00,,,43.08888922797309,49.99727283824574,3.5056909431110728
2026-04-25 08:17:00+00,,,42.01818223433061,49.97900047302246,3.538450002670288
2026-04-25 08:18:00+00,,,41.90833346048991,49.988999938964845,3.562416672706604
2026-04-25 08:19:00+00,,,41.83333396911621,49.99000072479248,3.5864749948183694
2026-04-25 08:20:00+00,,,42.25833288828532,50.020833333333336,3.6059000293413797
2026-04-25 08:21:00+00,,,41.939999389648435,49.996364246715196,3.6257749795913696
2026-04-25 08:22:00+00,,,41.83636405251243,49.979999195445664,3.6445909413424404
2026-04-25 08:23:00+00,,,43.64999961853027,49.98799934387207,3.6743416984876
2026-04-25 08:24:00+00,,,44.55454531582919,49.994166692097984,3.7308250069618225
2026-04-25 08:25:00+00,,,44.48181811246005,50.00400047302246,3.7883166472117105
2026-04-25 08:26:00+00,,,44.58181797374379,50.00818148526278,3.843418143012307
2026-04-25 08:27:00+00,,,42.59166685740153,49.99583371480306,3.8857750296592712
2026-04-25 08:28:00+00,,,42.130000305175784,49.99499988555908,3.9043833216031394
2026-04-25 08:29:00+00,,,43.0454548922452,50.017273296009414,3.924024999141693
2026-04-25 08:30:00+00,,,44.583333333333336,49.99666690826416,3.974500000476837
2026-04-25 08:31:00+00,,,44.89090936834162,49.97545485063033,4.031036420301958
2026-04-25 08:32:00+00,,,44.40833346048991,49.98333273993598,4.086308320363362
2026-04-25 08:33:00+00,,,42.43000030517578,49.99916648864746,4.11685836315155
2026-04-25 08:34:00+00,,,42.82727258855646,49.98545421253551,4.137741684913635
2026-04-25 08:35:00+00,,,43.3833335240682,49.97818235917525,4.168000062306722
2026-04-25 08:36:00+00,,,44.309090701016515,49.98300018310547,4.199536366896196
2026-04-25 08:37:00+00,,,45.21666685740153,50,4.253183285395305
2026-04-25 08:38:00+00,,,45.20000076293945,50.000834147135414,4.317691644032796
2026-04-25 08:39:00+00,,,43.36666679382324,50.02583376566569,4.362358331680298
2026-04-25 08:40:00+00,,,43.19090895219283,49.99727249145508,4.386333346366882
2026-04-25 08:41:00+00,,,43.74444452921549,50.009091117165305,4.410436370156028
2026-04-25 08:42:00+00,,,45.709090839732774,49.9981821233576,4.460983316103618
2026-04-25 08:43:00+00,,,45.54999961853027,49.99499956766764,4.525575002034505
2026-04-25 08:44:00+00,,,45.89999961853027,50.013636502352625,4.5878000656763716
2026-04-25 08:45:00+00,,,45.754545038396664,50.00399971008301,4.648490949110552
2026-04-25 08:46:00+00,,,45.983333587646484,49.99800033569336,4.709241668383281
2026-04-25 08:47:00+00,,,44.489999771118164,50.001000213623044,4.7723084688186646
2026-04-25 08:48:00+00,,,42.850000063578285,50.01181827891957,4.80210002263387
2026-04-25 08:49:00+00,,,43.300000508626304,50.00799980163574,4.821150024731954
2026-04-25 08:50:00+00,,,43.67999954223633,49.99900016784668,4.846563686024059
2026-04-25 08:51:00+00,,,43.43333307902018,50.004545731977984,4.865308364232381
2026-04-25 08:52:00+00,,,43.25,49.98749987284342,4.885483304659526
2026-04-25 08:53:00+00,,,43.77000007629395,50.00083351135254,4.9081084330876665
2026-04-25 08:54:00+00,,,46.65833314259847,50.016666412353516,4.964391668637593
2026-04-25 08:55:00+00,,,46.30000062422319,49.98454562100497,5.027027303522283
2026-04-25 08:56:00+00,,,46.39090902155096,50.009166399637856,5.089725017547607
2026-04-25 08:57:00+00,,,46.5454548922452,50.003636446866125,5.160166660944621
2026-04-25 08:58:00+00,,,46.663636294278234,49.97916634877523,5.226483384768168
2026-04-25 08:59:00+00,,,46.71666622161865,50.01545403220437,5.292666633923848
2026-04-25 09:00:00+00,,,45.85000038146973,50.001000213623044,5.3486363671042705
2026-04-25 09:01:00+00,,,44.19090895219283,50.00000031789144,5.370058337847392
2026-04-25 09:02:00+00,,,44.8833335240682,49.98699951171875,5.389816681543986
2026-04-25 09:03:00+00,,,45.37500031789144,50.00333309173584,5.410608371098836
2026-04-25 09:04:00+00,,,48.77142824445452,49.98857171194894,3.9010000010686263
2026-04-25 09:05:00+00,,,47.2416664759318,50.014166514078774,0.07497499945263068
2026-04-25 09:06:00+00,,,44.875,50.0354548367587,0.10620833312471707
2026-04-25 09:07:00+00,,,44.70000012715658,49.990908882834695,0.1267250000188748
2026-04-25 09:08:00+00,,,45.34166717529297,49.97250016530355,0.14634166657924652
2026-04-25 09:09:00+00,,,48.29999993064187,49.986666997273765,0.19972499956687292
2026-04-25 09:10:00+00,,,46.37999992370605,49.990908882834695,0.24846363744952463
2026-04-25 09:11:00+00,,,46.60833295186361,50.021666844685875,0.28286666174729663
2026-04-25 09:12:00+00,,,46.98333326975504,49.99833297729492,0.336516668399175
2026-04-25 09:13:00+00,,,46.26666673024496,49.98545455932617,0.36871666461229324
2026-04-25 09:14:00+00,,,46.36000022888184,49.98727243596857,0.3989454507827759
2026-04-25 09:15:00+00,,,46.22727272727273,50.011817932128906,0.4291500002145767
2026-04-25 09:16:00+00,,,46.725000063578285,49.999999653209336,0.4740999986728032
2026-04-25 09:17:00+00,,,46.63636328957298,49.99399948120117,0.5029916614294052
2026-04-25 09:18:00+00,,,48.80000008477105,50.0109089938077,0.5632727200334723
2026-04-25 09:19:00+00,,,48.69166660308838,50.003636446866125,0.6311583320299784
2026-04-25 09:20:00+00,,,46.94999980926514,49.99333349863688,0.69316665828228
2026-04-25 09:21:00+00,,,46.55833339691162,49.997000503540036,0.7289250046014786
2026-04-25 09:22:00+00,,,46.6000002080744,49.986363497647375,0.7635916719834009
2026-04-25 09:23:00+00,,,47.24166615804037,49.98900032043457,0.79837500055631
2026-04-25 09:24:00+00,,,45.17777760823568,50.003000259399414,0.8352909142320807
2026-04-25 09:25:00+00,,,45.79166634877523,50.01500002543131,0.8539749979972839
2026-04-25 09:26:00+00,,,45.95833396911621,50.01444456312392,0.8767833411693573
2026-04-25 09:27:00+00,,,45.7583335240682,50.00299987792969,0.8990833262602488
2026-04-25 09:28:00+00,,,45.754545731977984,50.00090928511186,0.9195818196643483
2026-04-25 09:29:00+00,,,47.44545399058949,49.99833393096924,0.9456166724363962
2026-04-25 09:30:00+00,,,49.34166685740153,50.01499970753988,1.0117666721343994
2026-04-25 09:31:00+00,,,48.081818320534445,50.01250012715658,1.0845916668574016
2026-04-25 09:32:00+00,,,47.418181679465555,49.9991668065389,1.1285666624704997
2026-04-25 09:33:00+00,,,47.39000015258789,49.96818126331676,1.1679636348377576
2026-04-25 09:34:00+00,,,48.78333314259847,49.98090882734819,1.2140500048796337
2026-04-25 09:35:00+00,,,49.44545468417081,49.99500036239624,1.2859999934832256
2026-04-25 09:36:00+00,,,49.82499980926514,50.010834058125816,1.3670166631539662
2026-04-25 09:37:00+00,,,49.70000012715658,50.00333340962728,1.441866676012675
2026-04-25 09:38:00+00,,,49.43636356700551,50.004545731977984,1.5141545534133911
2026-04-25 09:39:00+00,,,49.86666679382324,49.98749923706055,1.5873333116372426
2026-04-25 09:40:00+00,,,49.96666653951009,49.99583339691162,1.664516657590866
2026-04-25 09:41:00+00,,,47.990908882834695,49.96999963124593,1.7229583164056141
2026-04-25 09:42:00+00,,,47.92727279663086,49.99599990844727,1.7657833397388458
2026-04-25 09:43:00+00,,,48.027272657914594,50.01699943542481,1.8068545623259111
2026-04-25 09:44:00+00,,,47.96363587812944,50.005833307902016,1.848116676012675
2026-04-25 09:45:00+00,,,49.808334032694496,50.0008331934611,1.912066658337911
2026-04-25 09:46:00+00,,,49.79999987284342,50.03083324432373,1.992033342520396
2026-04-25 09:47:00+00,,,50.218181956898086,49.991818167946555,2.0656000050631436
2026-04-25 09:48:00+00,,,49.61818174882369,49.97454556551847,2.1375749707221985
2026-04-25 09:49:00+00,,,46.79999993064187,49.976363788951524,2.175366679827372
2026-04-25 09:50:00+00,,,47.10909097844904,50.02000045776367,2.201349953810374
2026-04-25 09:51:00+00,,,49.149999936421715,49.98909065940163,2.2400500178337097
2026-04-25 09:52:00+00,,,50.12999992370605,49.97636344216087,2.3121727379885586
2026-04-25 09:53:00+00,,,50.43333339691162,49.98454527421431,2.387024978796641
2026-04-25 09:54:00+00,,,50.00000031789144,50.008181832053445,2.464550018310547
2026-04-25 09:55:00+00,,,47.05454531582919,50.008181832053445,2.5087166825930276
2026-04-25 09:56:00+00,,,47.02727231112394,50.014166514078774,2.5306166609128318
2026-04-25 09:57:00+00,,,46.73636453801935,49.99818177656694,2.551418174396862
2026-04-25 09:58:00+00,,,50.4636362249201,49.98099975585937,2.5990583499272666
2026-04-25 09:59:00+00,,,50.918181679465555,50.00636360862038,2.6787333289782205
2026-04-25 10:00:00+00,,,51.649999936421715,50.00181822343306,2.765625
2026-04-25 10:01:00+00,,,51.25,50.00416660308838,2.8464749852816262
2026-04-25 10:02:00+00,,,51.48888905843099,49.99800033569336,2.923563610423695
2026-04-25 10:03:00+00,,,48.69166692097982,50.008181138472125,2.97979998588562
2026-04-25 10:04:00+00,,,48.86666700575087,49.9983336130778,3.015225052833557
2026-04-25 10:05:00+00,,,48.86666711171468,50.00999984741211,3.0535749793052673
2026-04-25 10:06:00+00,,,50.654545523903586,50.02545512806285,3.0946454351598565
2026-04-25 10:07:00+00,,,51.75833288828532,49.99583339691162,3.1684000293413797
2026-04-25 10:08:00+00,,,51.78333377838135,50.03300018310547,3.249008297920227
2026-04-25 10:09:00+00,,,52.06666660308838,50.0083335240682,3.3314417004585266
2026-04-25 10:10:00+00,,,52.172727064652875,50.036666552225746,3.418283303578695
2026-04-25 10:11:00+00,,,51.96666653951009,50.01111094156901,3.4996583064397178
2026-04-25 10:12:00+00,,,49.936363220214844,49.9972731850364,3.563572731885043
2026-04-25 10:13:00+00,,,49.2416664759318,50.02250003814697,3.602258344491323
2026-04-25 10:14:00+00,,,50.44166692097982,50.02272761951793,3.6507833202679953
2026-04-25 10:15:00+00,,,52.03333314259847,50.00916608174642,3.7320500214894614
2026-04-25 10:16:00+00,,,48.322222815619575,49.98818137428977,3.7764363939111885
2026-04-25 10:17:00+00,,,48.30833371480306,50.01545472578569,3.797825038433075
2026-04-25 10:18:00+00,,,48.166666666666664,50.012727910822086,3.8200666904449463
2026-04-25 10:19:00+00,,,48.39166704813639,49.9645451632413,3.8435999949773154
2026-04-25 10:20:00+00,,,48.54545419866388,50.01818188753995,3.8664363514293325
2026-04-25 10:21:00+00,,,50.15000025431315,50.0008331934611,3.907925009727478
2026-04-25 10:22:00+00,,,49.69166660308838,50.015000343322754,3.9526166915893555
2026-04-25 10:23:00+00,,,50.016666412353516,49.99666659037272,3.9973416924476624
2026-04-25 10:24:00+00,,,51.154545523903586,50.01600036621094,4.049824953079224
2026-04-25 10:25:00+00,,,50.66666730244955,50.00666650136312,4.1156167189280195
2026-04-25 10:26:00+00,,,49.73636384443803,50.018999862670896,4.154736432162198
2026-04-25 10:27:00+00,,,50.05454566261985,49.989166259765625,4.192791700363159
2026-04-25 10:28:00+00,,,50.100000063578285,50.02818194302645,4.232900023460388
2026-04-25 10:29:00+00,,,52.125,50.0008331934611,4.294241666793823
2026-04-25 10:30:00+00,,,49.07000045776367,49.984000015258786,4.353409116918391
2026-04-25 10:31:00+00,,,48.80000019073486,50.0018178766424,4.372766653696696
2026-04-25 10:32:00+00,,,52.699999491373696,50.01000054677328,4.432683269182841
2026-04-25 10:33:00+00,,,49.858333587646484,49.98500022888184,4.49411662419637
2026-04-25 10:34:00+00,,,49.73333295186361,50.003333727518715,4.5344332456588745
2026-04-25 10:35:00+00,,,50.1454551003196,50.003636446866125,4.571263660084117
2026-04-25 10:36:00+00,,,50.0363637750799,50.01727294921875,4.607900023460388
2026-04-25 10:37:00+00,,,51.36666679382324,50.00583299001058,4.651499946912129
2026-04-25 10:38:00+00,,,52.68181818181818,49.99272710626776,4.7336000601450605
2026-04-25 10:39:00+00,,,52.88181825117631,50.00727220015092,4.8189545544711025
2026-04-25 10:40:00+00,,,52.9545451077548,50.01749960581461,4.900891621907552
2026-04-25 10:41:00+00,,,53.09166717529297,49.96454551003196,4.986933310826619
2026-04-25 10:42:00+00,,,53.208333333333336,49.996363553133875,5.073308269182841
2026-04-25 10:43:00+00,,,52.93333339691162,49.98083368937174,5.163908362388611
2026-04-25 10:44:00+00,,,52.8909086747603,49.99363604458895,5.252658247947693
2026-04-25 10:45:00+00,,,53.02999992370606,49.986363497647375,5.334809086539528
2026-04-25 10:46:00+00,,,53.358333587646484,50.01749960581461,5.4181333382924395
2026-04-25 10:47:00+00,,,53.083333015441895,50.00999936190519,5.505891720453898
2026-04-25 10:48:00+00,,,53.11666679382324,50.02666695912679,5.598391652107239
2026-04-25 10:49:00+00,,,51.06363643299449,50.00222142537435,5.66759087822654
2026-04-25 10:50:00+00,,,51.041666666666664,50.00166670481364,5.7131500244140625
2026-04-25 10:51:00+00,,,52.09999951449308,50.00222142537435,5.764766693115234
2026-04-25 10:52:00+00,,,53.46666653951009,49.98545455932617,5.846733371416728
2026-04-25 10:53:00+00,,,50.86363636363637,49.98545455932617,5.920950015385945
2026-04-25 10:54:00+00,,,49.93636426058683,49.99181851473722,5.956309101798317
2026-04-25 10:55:00+00,,,50.50833320617676,50.011817932128906,5.991024971008301
2026-04-25 10:56:00+00,,,51.55454531582919,49.95833365122477,6.034966588020325
2026-04-25 10:57:00+00,,,49.645454753528945,49.99111090766059,6.0759332577387495
2026-04-25 10:58:00+00,,,49.891666094462074,50.00666650136312,6.107516606648763
2026-04-25 10:59:00+00,,,49.563636779785156,50.01909082586115,6.1358999339017
2026-04-25 11:00:00+00,,,50.33000030517578,50.02272692593661,6.1644333600997925
2026-04-25 11:01:00+00,,,51.46363657171076,50.00200004577637,6.196666598320007
2026-04-25 11:02:00+00,,,54.15833346048991,50.02499961853027,6.2750749588012695
2026-04-25 11:03:00+00,,,53.25,49.98909065940163,6.365266601244609
2026-04-25 11:04:00+00,,,51.072727550159804,49.99555587768555,6.41799090125344
2026-04-25 11:05:00+00,,,51.72727307406339,50.023636211048476,6.459233363469441
2026-04-25 11:06:00+00,,,51.60909097844904,49.98181811246005,6.5024333000183105
2026-04-25 11:07:00+00,,,51.170000076293945,50.00249989827474,6.54877495765686
2026-04-25 11:08:00+00,,,52.60909028486772,50.01636331731623,6.594136411493475
2026-04-25 11:09:00+00,,,54.10999984741211,49.996999740600586,6.6719333330790205
2026-04-25 11:10:00+00,,,54.333333015441895,50.021817987615414,6.761666655540466
2026-04-25 11:11:00+00,,,54.31666660308838,50.01583321889242,6.85105832417806
2026-04-25 11:12:00+00,,,53.90833346048991,49.98363633589311,6.946483333905538
2026-04-25 11:13:00+00,,,51.51818188753995,49.99600028991699,7.012072693217885
2026-04-25 11:14:00+00,,,51.63333288828532,50.00181822343306,7.057350039482117
2026-04-25 11:15:00+00,,,52.07500044504801,49.994166692097984,7.1042749881744385
2026-04-25 11:16:00+00,,,51.7090915333141,49.9883337020874,7.151933352152507
2026-04-25 11:17:00+00,,,52.691667238871254,50.02545443448153,7.206008315086365
2026-04-25 11:18:00+00,,,54.22499942779541,50.012727217240766,7.284009109843861
2026-04-25 11:19:00+00,,,54.118181402033024,49.96749973297119,7.369874954223633
2026-04-25 11:20:00+00,,,54.35000038146973,49.97833283742269,7.4599500099817915
2026-04-25 11:21:00+00,,,54.35,50.00416692097982,7.551766673723857
2026-04-25 11:22:00+00,,,54.19999961853027,49.99583307902018,7.648341695467631
2026-04-25 11:23:00+00,,,54.172727758234196,49.97899971008301,7.735163645310835
2026-04-25 11:24:00+00,,,54.54999987284342,50.02000011097301,7.821574966112773
2026-04-25 11:25:00+00,,,54.708333333333336,49.99666659037272,7.912691672643025
2026-04-25 11:26:00+00,,,53.089999771118165,50.01500002543131,7.998416582743327
2026-04-25 11:27:00+00,,,50.190909298983485,49.994999694824216,8.033663576299494
2026-04-25 11:28:00+00,,,54.163636294278234,50.00416692097982,8.087816635767618
2026-04-25 11:29:00+00,,,54.64166704813639,49.98833338419596,8.179274876912435
2026-04-25 11:30:00+00,,,54.233333587646484,49.984999656677246,8.270099957784018
2026-04-25 11:31:00+00,,,54.41666730244955,49.990908882834695,8.365366697311401
2026-04-25 11:32:00+00,,,54.57777743869357,49.99500007629395,8.455109162764115
2026-04-25 11:33:00+00,,,54.50909146395597,50.00699996948242,8.542266607284546
2026-04-25 11:34:00+00,,,52.39999961853027,50.00272750854492,8.623291571935018
2026-04-25 11:35:00+00,,,50.081817626953125,50.025833447774254,8.65137505531311
2026-04-25 11:36:00+00,,,50.15833314259847,49.979166666666664,8.673025051752726
2026-04-25 11:37:00+00,,,49.654545523903586,49.992726759477094,8.692936377091842
2026-04-25 11:38:00+00,,,54,50.021818681196734,8.734708229700724
2026-04-25 11:39:00+00,,,53.858333905537926,50.0024995803833,8.823591788609823
2026-04-25 11:40:00+00,,,50.10000069936117,49.99636389992454,8.866766691207886
2026-04-25 11:41:00+00,,,49.774999936421715,49.97916634877523,8.88907504081726
2026-04-25 11:42:00+00,,,50.45454545454545,49.971000289916994,8.91028187491677
2026-04-25 11:43:00+00,,,55.024999936421715,49.97999988902699,8.978416760762533
2026-04-25 11:44:00+00,,,54.43333339691162,50.0129997253418,9.069883346557617
2026-04-25 11:45:00+00,,,51.69166660308838,50.0116662979126,9.140591780344645
2026-04-25 11:46:00+00,,,49.97999992370605,50.031818043101914,9.16809116710316
2026-04-25 11:47:00+00,,,54.67499987284342,50.002500216166176,9.228558460871378
2026-04-25 11:48:00+00,,,54.84166653951009,50.005833307902016,9.321208318074545
2026-04-25 11:49:00+00,,,52.23636315085671,49.98499997456869,9.39235003789266
2026-04-25 11:50:00+00,,,53.34545412930575,49.99583371480306,9.445899963378906
2026-04-25 11:51:00+00,,,52.1000002080744,49.98727243596857,9.505518219687723
2026-04-25 11:52:00+00,,,54.225000063578285,49.99666690826416,9.564533392588297
2026-04-25 11:53:00+00,,,54.6333335240682,50.017272602428086,9.655033349990845
2026-04-25 11:54:00+00,,,53.37272713401101,50.002000427246095,9.740074952443441
2026-04-25 11:55:00+00,,,51.791666984558105,49.99166711171468,9.792116721471151
2026-04-25 11:56:00+00,,,54.25,50.0081821788441,9.85018183968284
2026-04-25 11:57:00+00,,,54.781818043101914,49.98090882734819,9.938183307647705
2026-04-25 11:58:00+00,,,54.46666653951009,49.97272699529474,10.028608481089273
2026-04-25 11:59:00+00,,,51.70909118652344,50.00700035095215,10.086658239364624
2026-04-25 12:00:00+00,,,51.858333587646484,49.996363553133875,10.131433645884195
2026-04-25 12:01:00+00,,,52.427272449840196,50.01909047907049,10.1738544810902
2026-04-25 12:02:00+00,,,50.43333339691162,49.984999656677246,10.214683373769125
2026-04-25 12:03:00+00,,,51.291666666666664,49.99583307902018,10.244791666666666
2026-04-25 12:04:00+00,,,55.25833320617676,50.007500330607094,10.312741676966349
2026-04-25 12:05:00+00,,,54.76363615556197,49.978182012384586,10.4066273949363
2026-04-25 12:06:00+00,,,55.49166679382324,50.018333435058594,10.496050119400024
2026-04-25 12:07:00+00,,,54.84545412930575,50.01909047907049,10.587833484013876
2026-04-25 12:08:00+00,,,50.891666412353516,49.990000089009605,10.644891659418741
2026-04-25 12:09:00+00,,,53.43636426058683,50.0109089938077,10.685049931208292
2026-04-25 12:10:00+00,,,54.95833365122477,50.026363372802734,10.780174970626831
2026-04-25 12:11:00+00,,,55.09999951449308,49.989999771118164,10.86844556981867
2026-04-25 12:12:00+00,,,54.47999992370605,49.9991668065389,10.955666621526083
2026-04-25 12:13:00+00,,,50.749999364217125,50.01833311716715,11.008050044377645
2026-04-25 12:14:00+00,,,52.483333587646484,50.00636360862038,11.04146679242452
2026-04-25 12:15:00+00,,,54.58888922797309,49.967999649047854,11.119663498618387
2026-04-25 12:16:00+00,,,54.541666984558105,49.99583339691162,11.206974903742472
2026-04-25 12:17:00+00,,,55.00833320617676,50.00583362579346,11.29872496922811
2026-04-25 12:18:00+00,,,55.19090895219283,49.993333180745445,11.391891479492188
2026-04-25 12:19:00+00,,,54.60833326975504,49.989166259765625,11.487283309300741
2026-04-25 12:20:00+00,,,55.21818161010742,49.999999576144745,11.578436418013139
2026-04-25 12:21:00+00,,,52.574999491373696,49.9966672261556,11.641416708628336
2026-04-25 12:22:00+00,,,52.41818202625621,49.991818167946555,11.687491655349731
2026-04-25 12:23:00+00,,,54.827272935347125,50.00818148526278,11.761616706848145
2026-04-25 12:24:00+00,,,52.8636360168457,50.017272602428086,11.847281889481978
2026-04-25 12:25:00+00,,,50.47272803566673,50.01090934059837,11.880891640981039
2026-04-25 12:26:00+00,,,50.59166685740153,50.0091667175293,11.905316670735678
2026-04-25 12:27:00+00,,,50.599999861283735,49.99750010172526,11.929966608683268
2026-04-25 12:28:00+00,,,50.51818154074929,49.97583325703939,11.954174915949503
2026-04-25 12:29:00+00,,,53.18333339691162,50.00500011444092,11.993074893951416
2026-04-25 12:30:00+00,,,54.97999954223633,49.99200019836426,12.076427286321467
2026-04-25 12:31:00+00,,,54.809090701016515,50.00916608174642,12.164383252461752
2026-04-25 12:32:00+00,,,52.5454548922452,49.99083391825358,12.244483153025309
2026-04-25 12:33:00+00,,,50.891666412353516,49.99416700998942,12.280141671498617
2026-04-25 12:34:00+00,,,51.03999977111816,50.02200050354004,12.312309091741389
2026-04-25 12:35:00+00,,,50.8833335240682,49.9763630953702,12.342108329137167
2026-04-25 12:36:00+00,,,54.38333288828532,49.98749987284342,12.396300077438354
2026-04-25 12:37:00+00,,,54.93999977111817,50.023636211048476,12.487016598383585
2026-04-25 12:38:00+00,,,54.87272748080167,50.0109089938077,12.580166657765707
2026-04-25 12:39:00+00,,,54.76363684914329,49.98090952092951,12.67381832816384
2026-04-25 12:40:00+00,,,55.07499980926514,49.99666659037272,12.76099149386088
2026-04-25 12:41:00+00,,,53.472726648504086,50.01583321889242,12.844024976094564
2026-04-25 12:42:00+00,,,52.416666666666664,50.013333320617676,12.900274991989136
2026-04-25 12:43:00+00,,,54.163636294278234,50.01583385467529,12.967883268992106
2026-04-25 12:44:00+00,,,54.80999984741211,49.98699951171875,13.057918288490988
2026-04-25 12:45:00+00,,,53.172727758234196,49.98181776566939,13.133525053660074
2026-04-25 12:46:00+00,,,52.65833314259847,50.02250003814697,13.185424963633219
2026-04-25 12:47:00+00,,,52.79999923706055,49.98636315085671,13.239591677983602
2026-04-25 12:48:00+00,,,54.4,49.975454503839664,13.327474991480509
2026-04-25 12:49:00+00,,,54.64000053405762,49.984444088406036,13.417718193747781
2026-04-25 12:50:00+00,,,55.0083335240682,49.97916730244955,13.504775126775106
2026-04-25 12:51:00+00,,,54.73333326975504,50.01444413926866,13.595933437347412
2026-04-25 12:52:00+00,,,54.65999984741211,50.02333354949951,13.68649164835612
2026-04-25 12:53:00+00,,,50.80000062422319,50.01181827891957,13.75580900365656
2026-04-25 12:54:00+00,,,51.46666653951009,49.994999694824216,13.782291730244955
2026-04-25 12:55:00+00,,,54.77999992370606,50.00090928511186,13.859983205795288
2026-04-25 12:56:00+00,,,53.7416664759318,49.99416637420654,13.947641770044962
2026-04-25 12:57:00+00,,,51.68181818181818,49.97999996609158,13.999554460698908
2026-04-25 12:58:00+00,,,51.63333320617676,50.013999938964844,14.046033302942911
2026-04-25 12:59:00+00,,,51.78333377838135,50.01583353678385,14.09077493349711
2026-04-25 13:00:00+00,,,52.59166653951009,50.020833333333336,14.138691663742065
2026-04-25 13:01:00+00,,,52.55454496903853,49.9975004196167,14.209166606267294
2026-04-25 13:02:00+00,,,52.333333015441895,49.98727243596857,14.265433390935263
2026-04-25 13:03:00+00,,,54.11818105524237,50.00599975585938,14.348845395174893
2026-04-25 13:04:00+00,,,54.21666653951009,50.00727289373224,14.433708429336548
2026-04-25 13:05:00+00,,,54.22727307406339,49.98363702947443,14.522741635640463
2026-04-25 13:06:00+00,,,53.850000063578285,50.01749960581461,14.610450029373169
2026-04-25 13:07:00+00,,,54.15454656427557,50.00599975585938,14.69832723790949
2026-04-25 13:08:00+00,,,54.190909298983485,49.979166666666664,14.78701655069987
2026-04-25 13:09:00+00,,,54.19166628519694,50.0016663869222,14.875266631444296
2026-04-25 13:10:00+00,,,54.44166660308838,50.01545437899503,14.963941733042398
2026-04-25 13:11:00+00,,,53.790909160267226,49.99181851473722,15.052383263905844
2026-04-25 13:12:00+00,,,51.099999861283735,49.98818172108043,15.12300898812034
2026-04-25 13:13:00+00,,,49.55833339691162,49.96583366394043,15.146458307902018
2026-04-25 13:14:00+00,,,49.21666653951009,50.003636446866125,15.167550086975098
2026-04-25 13:15:00+00,,,51.1166664759318,50.02666695912679,15.19326663017273
2026-04-25 13:16:00+00,,,54.14444478352865,49.979090603915125,15.26888338724772
2026-04-25 13:17:00+00,,,52.79999993064187,49.990908882834695,15.3549635627053
2026-04-25 13:18:00+00,,,50.96666653951009,49.98416646321615,15.402674913406372
2026-04-25 13:19:00+00,,,50.89090936834162,49.99500020345052,15.445866584777832
2026-04-25 13:20:00+00,,,51.058332761128746,49.97416623433431,15.48889152208964
2026-04-25 13:21:00+00,,,53.02499961853027,49.975555419921875,15.552683273951212
2026-04-25 13:22:00+00,,,49.48181811246005,49.98499984741211,15.605781815268777
2026-04-25 13:23:00+00,,,49.40833377838135,50.00583299001058,15.627533356348673
2026-04-25 13:24:00+00,,,49.654545523903586,50.016666412353516,15.64989177385966
2026-04-25 13:25:00+00,,,49.654544830322266,49.99900016784668,15.672308365503946
2026-04-25 13:26:00+00,,,50.15999984741211,50.01000005548651,15.696818178350275
2026-04-25 13:27:00+00,,,53.725000063578285,49.99416700998942,15.767958402633667
2026-04-25 13:28:00+00,,,53.827272935347125,49.9908332824707,15.854733308156332
2026-04-25 13:29:00+00,,,53.65833346048991,50.00090963190252,15.941474914550781
2026-04-25 13:30:00+00,,,53.516666412353516,50.011817932128906,16.027783393859863
2026-04-25 13:31:00+00,,,53.40833346048991,50.00363610007546,16.117149988810223
2026-04-25 13:32:00+00,,,53.69090895219283,49.9918178211559,16.204572677612305
2026-04-25 13:33:00+00,,,54.06666692097982,49.99583307902018,16.28784163792928
2026-04-25 13:34:00+00,,,53.34166653951009,50.02333418528239,16.374458471934002
2026-04-25 13:35:00+00,,,53.709090839732774,50.00272750854492,16.461400032043457
2026-04-25 13:36:00+00,,,51.099999861283735,50.01454648104581,16.531645688143644
2026-04-25 13:37:00+00,,,49.400000138716265,49.99272779984908,16.556008497873943
2026-04-25 13:38:00+00,,,48.92499955495199,49.99799995422363,16.57769997914632
2026-04-25 13:39:00+00,,,50.56666660308838,49.98636315085671,16.61554988225301
2026-04-25 13:40:00+00,,,49.01818223433061,50.00545432350852,16.63849178949992
2026-04-25 13:41:00+00,,,49.04000015258789,49.992727453058414,16.65732730518688
2026-04-25 13:42:00+00,,,52.125,50.00583267211914,16.70005003611247
2026-04-25 13:43:00+00,,,50.254545038396664,49.99909071488814,16.752650260925293
2026-04-25 13:44:00+00,,,50.07500044504801,49.99583371480306,16.78594175974528
2026-04-25 13:45:00+00,,,49.87000007629395,50.0263637195934,16.81775439869274
2026-04-25 13:46:00+00,,,52.26666704813639,49.963333447774254,16.862325032552082
2026-04-25 13:47:00+00,,,52.99166679382324,50.012727217240766,16.94307502110799
2026-04-25 13:48:00+00,,,51.82499980926514,49.985833485921226,17.019758542378742
2026-04-25 13:49:00+00,,,50.809090701016515,50.01363684914329,17.068958441416424
2026-04-25 13:50:00+00,,,53.01111136542426,50.01454578746449,17.127654682506215
2026-04-25 13:51:00+00,,,48.850000063578285,50.00750001271566,17.183733145395916
2026-04-25 13:52:00+00,,,48.64166704813639,50.020833333333336,17.202791531880695
2026-04-25 13:53:00+00,,,52.990908882834695,50.00000069358132,17.261891682942707
2026-04-25 13:54:00+00,,,50.541666666666664,50.02333354949951,17.32705005009969
2026-04-25 13:55:00+00,,,49.70909049294212,50.001111348470054,17.363527297973633
2026-04-25 13:56:00+00,,,50.07500012715658,49.98499997456869,17.39883327484131
2026-04-25 13:57:00+00,,,50.02500025431315,50.01818188753995,17.434808254241943
2026-04-25 13:58:00+00,,,50.99090922962535,50.01999976418235,17.487491289774578
2026-04-25 13:59:00+00,,,49.97500038146973,50.00099983215332,17.527766704559326
2026-04-25 14:00:00+00,,,49.081818320534445,49.989999771118164,17.565190748734906
2026-04-25 14:01:00+00,,,49.6166664759318,50.00416660308838,17.603883425394695
2026-04-25 14:02:00+00,,,49.00000031789144,50.0009089383212,17.638091564178467
2026-04-25 14:03:00+00,,,50.588888804117836,49.99909140846946,17.67953332265218
2026-04-25 14:04:00+00,,,48.85454559326172,49.98545455932617,17.726441860198975
2026-04-25 14:05:00+00,,,48.70999984741211,50.007273240522906,17.761890931562945
2026-04-25 14:06:00+00,,,48.90833346048991,49.98636384443803,17.79454167683919
2026-04-25 14:07:00+00,,,48.74166711171468,50.03090910478072,17.828441460927326
2026-04-25 14:08:00+00,,,49.15833346048991,50.003636446866125,17.863525072733562
2026-04-25 14:09:00+00,,,51.87777752346463,50.007272546941586,17.927181764082476
2026-04-25 14:10:00+00,,,51.69166692097982,50.03272663463246,18.009183406829834
2026-04-25 14:11:00+00,,,51.541666984558105,49.99583307902018,18.088558197021484
2026-04-25 14:12:00+00,,,51.958333015441895,50.01166661580404,18.168091615041096
2026-04-25 14:13:00+00,,,51.58333365122477,49.992727453058414,18.248191674550373
2026-04-25 14:14:00+00,,,51.38999977111816,50.021249294281006,18.326736623590644
2026-04-25 14:15:00+00,,,51.75,50.0009089383212,18.40494187672933
2026-04-25 14:16:00+00,,,51.36000022888184,50.008181832053445,18.48372522989909
2026-04-25 14:17:00+00,,,52.058332761128746,49.97750027974447,18.562166531880695
2026-04-25 14:18:00+00,,,51.34166622161865,50.00833288828532,18.641825040181477
2026-04-25 14:19:00+00,,,47.918181679465555,50.00699996948242,18.697599757801402
2026-04-25 14:20:00+00,,,47.29999987284342,50.01666704813639,18.71535841623942
2026-04-25 14:21:00+00,,,46.85833326975504,49.98250039418539,18.73283338546753
2026-04-25 14:22:00+00,,,48.89000015258789,50.0108331044515,18.75469175974528
2026-04-25 14:23:00+00,,,51.00999984741211,49.9736362804066,18.817745382135566
2026-04-25 14:24:00+00,,,51.46363657171076,50.013635808771305,18.89710823694865
2026-04-25 14:25:00+00,,,49.54166634877523,49.99583307902018,18.966832955678303
2026-04-25 14:26:00+00,,,48.449999491373696,50.02363725142045,19.005558331807453
2026-04-25 14:27:00+00,,,48.34545482288707,50.00833320617676,19.041849931081135
2026-04-25 14:28:00+00,,,48.58181797374379,50.01799964904785,19.07657241821289
2026-04-25 14:29:00+00,,,49.17500019073486,50.005833307902016,19.117133458455402
2026-04-25 14:30:00+00,,,51.30000038146973,50.003635753284804,19.186358133951824
2026-04-25 14:31:00+00,,,50.94545468417081,49.99454567649148,19.26313352584839
2026-04-25 14:32:00+00,,,51.13333384195963,50.009166399637856,19.338958263397217
2026-04-25 14:33:00+00,,,50.88181825117631,49.9990910616788,19.412436398592863
2026-04-25 14:34:00+00,,,48.04999987284342,50.00599975585938,19.466275056203205
2026-04-25 14:35:00+00,,,50.64999961853027,49.99700012207031,19.517775058746338
2026-04-25 14:36:00+00,,,48.92727279663086,50.02000011097301,19.58360020319621
2026-04-25 14:37:00+00,,,48.31999969482422,50.02100028991699,19.623483339945476
2026-04-25 14:38:00+00,,,48.27000007629395,49.99800033569336,19.66165473244407
2026-04-25 14:39:00+00,,,48.36363636363637,49.990833600362144,19.700358390808105
2026-04-25 14:40:00+00,,,49.89000015258789,50.01636401089755,19.74442497889201
2026-04-25 14:41:00+00,,,47.29166634877523,50.01181827891957,19.79211680094401
2026-04-25 14:42:00+00,,,47.28181838989258,50.000000346790664,19.81482731212269
2026-04-25 14:43:00+00,,,47.01818223433061,49.982726703990586,19.838441689809162
2026-04-25 14:44:00+00,,,47.00833384195963,50.010833740234375,19.863016764322918
2026-04-25 14:45:00+00,,,47.016666412353516,49.997499783833824,19.88695001602173
2026-04-25 14:46:00+00,,,50.35833295186361,49.9983336130778,19.938425223032635
2026-04-25 14:47:00+00,,,50.929999923706056,50.005000305175784,20.0094727602872
2026-04-25 14:48:00+00,,,47.67500019073486,50.02454584295099,20.063733259836834
2026-04-25 14:49:00+00,,,46.96666653951009,50.01909117265181,20.0903000831604
2026-04-25 14:50:00+00,,,46.62000045776367,50.02000045776367,20.115533510843914
2026-04-25 14:51:00+00,,,47.71000022888184,50.00909077037465,20.141791502634685
2026-04-25 14:52:00+00,,,50.04999923706055,49.99636320634322,20.196481878107246
2026-04-25 14:53:00+00,,,49.96666685740153,49.986364191228695,20.27180830637614
2026-04-25 14:54:00+00,,,50.24166679382324,49.99909071488814,20.34375
2026-04-25 14:55:00+00,,,49.999999653209336,50.02333291371664,20.41694164276123
2026-04-25 14:56:00+00,,,50.083333333333336,49.97399978637695,20.489941755930584
2026-04-25 14:57:00+00,,,48.527272657914594,50.02909053455699,20.557063362815164
2026-04-25 14:58:00+00,,,46.00909077037465,50.010000228881836,20.586716492970783
2026-04-25 14:59:00+00,,,47.72727238048207,50.009091117165305,20.609525044759113
2026-04-25 15:00:00+00,,,47.79166730244955,50.0008331934611,20.66825024286906
2026-04-25 15:01:00+00,,,46.579999923706055,50.02900009155273,20.70595429160378
2026-04-25 15:02:00+00,,,46.18333307902018,50.027500788370766,20.739408651987713
2026-04-25 15:03:00+00,,,46.672727758234196,50.00499954223633,20.775349934895832
2026-04-25 15:04:00+00,,,46.233333905537926,50.005833307902016,20.809075196584065
2026-04-25 15:05:00+00,,,48,50.007272546941586,20.853391806284588
2026-04-25 15:06:00+00,,,45.70000038146973,49.98499946594238,20.90127268704501
2026-04-25 15:07:00+00,,,45.774999936421715,49.99999968210856,20.92846695582072
2026-04-25 15:08:00+00,,,45.274999936421715,50.017499923706055,20.956224759419758
2026-04-25 15:09:00+00,,,46.30999984741211,49.994166692097984,20.986866633097332
2026-04-25 15:10:00+00,,,48.19999972256747,50.00749969482422,21.04884147644043
2026-04-25 15:11:00+00,,,48.5363637750799,50.011817932128906,21.113772825761274
2026-04-25 15:12:00+00,,,45.77499961853027,50.02000011097301,21.167499860127766
2026-04-25 15:13:00+00,,,45.245454268022016,50.00636395541105,21.195374965667725
2026-04-25 15:14:00+00,,,45.78333282470703,49.99750010172526,21.222466627756756
2026-04-25 15:15:00+00,,,47.17272741144354,49.99636320634322,21.27277252890847
2026-04-25 15:16:00+00,,,44.990908882834695,49.975,21.30595827102661
2026-04-25 15:17:00+00,,,44.60909097844904,49.99333349863688,21.32925001780192
2026-04-25 15:18:00+00,,,45.108333905537926,49.99750010172526,21.352025349934895
2026-04-25 15:19:00+00,,,47.91818202625621,49.99909071488814,21.403849919637043
2026-04-25 15:20:00+00,,,46.83636405251243,49.981000137329104,21.466900030771892
2026-04-25 15:21:00+00,,,43.920000076293945,50.00545432350852,21.49378152327104
2026-04-25 15:22:00+00,,,43.709090839732774,50.02272727272727,21.50849151611328
2026-04-25 15:23:00+00,,,45.9916664759318,50.02090904929421,21.539783636728924
2026-04-25 15:24:00+00,,,44.718181956898086,49.99363604458895,21.56825828552246
2026-04-25 15:25:00+00,,,44.97000007629394,49.982727397571914,21.591327147050336
2026-04-25 15:26:00+00,,,44.74166615804037,50.0081821788441,21.614891688028973
2026-04-25 15:27:00+00,,,45.06666628519694,49.99750010172526,21.64181661605835
2026-04-25 15:28:00+00,,,44.336363705721766,49.97399978637695,21.67531665166219
2026-04-25 15:29:00+00,,,45.30000027743253,50.008181832053445,21.700700124104817
2026-04-25 15:30:00+00,,,47.01999969482422,50.00600051879883,21.75638164173473
2026-04-25 15:31:00+00,,,47.19000015258789,50.02272761951793,21.819708506266277
2026-04-25 15:32:00+00,,,47.40833346048991,50.020833015441895,21.885408242543537
2026-04-25 15:33:00+00,,,45.21666622161865,49.991999816894534,21.94136651357015
2026-04-25 15:34:00+00,,,43.95,49.98272705078125,21.960036191073332
2026-04-25 15:35:00+00,,,45.11666711171468,50.00416660308838,21.983391602834065
2026-04-25 15:36:00+00,,,46.990908882834695,49.99499988555908,22.046175003051758
2026-04-25 15:37:00+00,,,46.672727064652875,50.024545496160336,22.109483400980633
2026-04-25 15:38:00+00,,,46.754545731977984,49.99454532970082,22.171008427937824
2026-04-25 15:39:00+00,,,46.733333587646484,50.02000045776367,22.232499917348225
2026-04-25 15:40:00+00,,,46.08181866732511,50.00600051879883,22.289636265147816
2026-04-25 15:41:00+00,,,44.40000025431315,50.01500015258789,22.326149940490723
2026-04-25 15:42:00+00,,,45.75000031789144,49.98636315085671,22.359708468119305
2026-04-25 15:43:00+00,,,46.45,50.007500330607094,22.418099880218506
2026-04-25 15:44:00+00,,,46.409090215509586,49.99272710626776,22.476145484230734
2026-04-25 15:45:00+00,,,46.31666660308838,49.989166577657066,22.53451633453369
2026-04-25 15:46:00+00,,,44.63333320617676,50.013333320617676,22.590383370717365
2026-04-25 15:47:00+00,,,44.54999987284342,49.99727283824574,22.620524883270264
2026-04-25 15:48:00+00,,,44.44166692097982,50.01583321889242,22.649449984232586
2026-04-25 15:49:00+00,,,44.409999465942384,50.00818148526278,22.67689999667081
2026-04-25 15:50:00+00,,,44.59090943769975,49.988999938964845,22.709125359853108
2026-04-25 15:51:00+00,,,43.71000099182129,50.00888909233941,22.738325277964275
2026-04-25 15:52:00+00,,,43.499999576144745,49.992499351501465,22.758758227030437
2026-04-25 15:53:00+00,,,45.29999987284342,49.994166692097984,22.791441440582275
2026-04-25 15:54:00+00,,,45.70999984741211,50.01909117265181,22.84622712568803
2026-04-25 15:55:00+00,,,45.87272748080167,49.99333349863688,22.90423345565796
2026-04-25 15:56:00+00,,,45.79090950705788,49.98181811246005,22.964258352915447
2026-04-25 15:57:00+00,,,45.69166660308838,49.96666653951009,23.021441618601482
2026-04-25 15:58:00+00,,,45.61666679382324,49.96666622161865,23.078041394551594
2026-04-25 15:59:00+00,,,44.09090874411843,49.998999786376956,23.126854636452414
2026-04-25 16:00:00+00,,,41.024999936421715,49.993636738170274,23.142908414204914
2026-04-25 16:01:00+00,,,40.62727217240767,49.98090882734819,23.153783162434895
2026-04-25 16:02:00+00,,,43.43333307902018,50.00499963760376,23.174700207180447
2026-04-25 16:03:00+00,,,43.96999969482422,50.022999954223636,0.047390001080930236
2026-04-25 16:04:00+00,,,44.0363637750799,49.98833306630453,0.09655833368500073
2026-04-25 16:05:00+00,,,41.98181811246005,50.00699996948242,0.1373250000178814
2026-04-25 16:06:00+00,,,42.24166679382324,50.010000402277164,0.16264999906222025
2026-04-25 16:07:00+00,,,42.17999954223633,50.00727289373224,0.18836363608186896
2026-04-25 16:08:00+00,,,41.99166679382324,49.982728091153234,0.21233333523074785
2026-04-25 16:09:00+00,,,42.93333339691162,50.00909146395597,0.24710833157102266
2026-04-25 16:10:00+00,,,41.91818202625621,50,0.28078333536783856
2026-04-25 16:11:00+00,,,41.94545433738015,49.988999938964845,0.3071000004808108
2026-04-25 16:12:00+00,,,41.690909298983485,49.99999968210856,0.33360832929611206
2026-04-25 16:13:00+00,,,43.34545482288707,49.99500007629395,0.36829090931198816
2026-04-25 16:14:00+00,,,41.92499955495199,50.00454538518732,0.40718333174784976
2026-04-25 16:15:00+00,,,41.18333371480306,49.99727249145508,0.42650000005960464
2026-04-25 16:16:00+00,,,41.26666673024496,50.03000005086263,0.44624999910593033
2026-04-25 16:17:00+00,,,42.67777803209093,49.994999694824216,0.4712272746996446
2026-04-25 16:18:00+00,,,42.78333314259847,50.004545731977984,0.5183000018199285
2026-04-25 16:19:00+00,,,40.441667238871254,50.00416692097982,0.5520083357890447
2026-04-25 16:20:00+00,,,40.399999936421715,49.9866673151652,0.5656583408514658
2026-04-25 16:21:00+00,,,40.29999993064187,50.01250044504801,0.5801916619141897
2026-04-25 16:22:00+00,,,42.65454517711293,50.00454607876864,0.6057181791825728
2026-04-25 16:23:00+00,,,41.683332761128746,50.011000061035155,0.6421416650215784
2026-04-25 16:24:00+00,,,41.47500038146973,50.008888244628906,0.6681500027577082
2026-04-25 16:25:00+00,,,41.281818043101914,49.96999948674982,0.694350004196167
2026-04-25 16:26:00+00,,,41.225000063578285,50.01545472578569,0.7229416767756144
2026-04-25 16:27:00+00,,,41.581818320534445,50.00636360862038,0.7564818046309731
2026-04-25 16:28:00+00,,,40.54545454545455,50.003000259399414,0.7765499999125799
2026-04-25 16:29:00+00,,,42.27500057220459,50.007500330607094,0.8068416714668274
2026-04-25 16:30:00+00,,,42.52500025431315,50.003636446866125,0.8549166570107142
2026-04-25 16:31:00+00,,,42.52500057220459,50.00600090026855,0.9055500030517578
2026-04-25 16:32:00+00,,,42.40999908447266,50.01099967956543,0.9508909149603411
2026-04-25 16:33:00+00,,,40.61666679382324,50.01636366410689,0.9836583286523819
2026-04-25 16:34:00+00,,,39.791666984558105,49.98833338419596,0.9983000010251999
2026-04-25 16:35:00+00,,,40.06000022888183,49.985833168029785,1.013316661119461
2026-04-25 16:36:00+00,,,39.972727342085406,49.993636738170274,1.0275818217884412
2026-04-25 16:37:00+00,,,41.94166660308838,50.005000305175784,1.0582583248615265
2026-04-25 16:38:00+00,,,41.90909090909091,50.01909082586115,1.1039499839146931
2026-04-25 16:39:00+00,,,41.87000007629395,49.997499783833824,1.149575004975001
2026-04-25 16:40:00+00,,,41.69999972256747,49.98181776566939,1.1970333456993103
2026-04-25 16:41:00+00,,,41.71818161010742,49.982727397571914,1.2414909167723223
2026-04-25 16:42:00+00,,,41.84166622161865,49.96888860066732,1.2843166589736938
2026-04-25 16:43:00+00,,,41.54166603088379,50.017499923706055,1.3285666902860005
2026-04-25 16:44:00+00,,,41.80000019073486,50.0109089938077,1.3728083272775014
2026-04-25 16:45:00+00,,,41.60833326975504,49.99545461481268,1.4201416472593944
2026-04-25 16:46:00+00,,,41.220000457763675,49.970000457763675,1.4626090851697056
2026-04-25 16:47:00+00,,,41.62727321277965,49.99166679382324,1.504116694132487
2026-04-25 16:48:00+00,,,41.25000031789144,50.012727217240766,1.547308345635732
2026-04-25 16:49:00+00,,,41.39999961853027,49.98200035095215,1.5903500318527222
2026-04-25 16:50:00+00,,,40.975000063578285,49.98699951171875,1.635783314704895
2026-04-25 16:51:00+00,,,40.87272782759233,50.002999496459964,1.6757818243720315
2026-04-25 16:52:00+00,,,41.18181783502752,49.99888949924045,1.7158083319664001
2026-04-25 16:53:00+00,,,41.16999969482422,50.01999976418235,1.7578833103179932
2026-04-25 16:54:00+00,,,40.80909104780717,49.97916603088379,1.8005416790644329
2026-04-25 16:55:00+00,,,41.130000305175784,50.02444373236762,1.8425454443151301
2026-04-25 16:56:00+00,,,39.90909056230025,50.020833333333336,1.8774749835332234
2026-04-25 16:57:00+00,,,39.25454538518732,50.024999936421715,1.8964166442553203
2026-04-25 16:58:00+00,,,39.22999992370605,49.99700012207031,1.9136416415373485
2026-04-25 16:59:00+00,,,39.625,49.98090917413885,1.9354249835014343
2026-04-25 17:00:00+00,,,39.01818188753995,50.0063643022017,1.972245454788208
2026-04-25 17:01:00+00,,,38.31666628519694,50.00636395541105,2.00635834534963
2026-04-25 17:02:00+00,,,37.208333333333336,50.00750001271566,2.023450016975403
2026-04-25 17:03:00+00,,,36.90909056230025,49.982727397571914,2.0372250080108643
2026-04-25 17:04:00+00,,,37.958333333333336,49.99583339691162,2.0541833440462747
2026-04-25 17:05:00+00,,,37.600000554865055,50.0236369046298,2.0788545391776343
2026-04-25 17:06:00+00,,,37.308332761128746,50.02416737874349,2.099083364009857
2026-04-25 17:07:00+00,,,37.65454517711293,49.99545461481268,2.1199583212534585
2026-04-25 17:08:00+00,,,37.55833307902018,50.00599975585938,2.1407833298047385
2026-04-25 17:09:00+00,,,38.29999993064187,50.04333368937174,2.1673363772305576
2026-04-25 17:10:00+00,,,38.55454566261985,50.00700035095215,2.2019333243370056
2026-04-25 17:11:00+00,,,37.20000012715658,50.00166702270508,2.2303500175476074
2026-04-25 17:12:00+00,,,37.09999951449308,50.00909077037465,2.243350009123484
2026-04-25 17:13:00+00,,,36.891666412353516,49.98818172108043,2.2562166651089988
2026-04-25 17:14:00+00,,,36.68333339691162,50.00181822343306,2.26978333791097
2026-04-25 17:15:00+00,,,36.79999993064187,49.99363604458895,2.281836357983676
2026-04-25 17:16:00+00,,,37.68181818181818,49.999167124430336,2.3054166634877524
2026-04-25 17:17:00+00,,,37.07272720336914,49.99250030517578,2.3249916632970176
2026-04-25 17:18:00+00,,,37.681818528608844,50.017273296009414,2.3465750018755593
2026-04-25 17:19:00+00,,,37.827272241765804,50.008181832053445,2.3792636394500732
2026-04-25 17:20:00+00,,,36.880000305175784,49.9890910061923,2.404491662979126
2026-04-25 17:21:00+00,,,36.48333326975504,49.99181851473722,2.419416666030884
2026-04-25 17:22:00+00,,,36.40999984741211,50.01454544067383,2.434391657511393
2026-04-25 17:23:00+00,,,36.766666412353516,50.00500011444092,2.4503416419029236
2026-04-25 17:24:00+00,,,36.73636315085671,50.00727220015092,2.473009087822654
2026-04-25 17:25:00+00,,,36.391666412353516,50.00272716175426,2.4886083404223123
2026-04-25 17:26:00+00,,,36.416666666666664,50.000832875569664,2.5046083331108093
2026-04-25 17:27:00+00,,,36.44166692097982,50.01500015258789,2.5204583207766214
2026-04-25 17:28:00+00,,,36.32500012715658,50.01583385467529,2.5370750228563943
2026-04-25 17:29:00+00,,,36.218181956898086,50.016666412353516,2.560581835833463
2026-04-25 17:30:00+00,,,35.81000022888183,49.98416709899902,2.5773083170255027
2026-04-25 17:31:00+00,,,35.88181825117631,49.98749987284342,2.5910333395004272
2026-04-25 17:32:00+00,,,35.90909090909091,50.00545432350852,2.604450007279714
2026-04-25 17:33:00+00,,,35.59000015258789,50.04099960327149,2.618399988521229
2026-04-25 17:34:00+00,,,35.30000019073486,49.986999893188475,2.6271166602770486
2026-04-25 17:35:00+00,,,35.40000025431315,49.99799995422363,2.635308345158895
2026-04-25 17:36:00+00,,,35.43333371480306,49.98545421253551,2.6434333324432373
2026-04-25 17:37:00+00,,,36.89166673024496,50.015000343322754,2.6647250254948935
2026-04-25 17:38:00+00,,,36.78181838989258,49.98999994451349,2.694463621486317
2026-04-25 17:39:00+00,,,36.66363664106889,49.99636320634322,2.721708337465922
2026-04-25 17:40:00+00,,,36.28333346048991,49.99200019836426,2.7498833338419595
2026-04-25 17:41:00+00,,,36.48000030517578,49.99636389992454,2.7774917085965476
2026-04-25 17:42:00+00,,,36.083333333333336,50.012499491373696,2.805649975935618
2026-04-25 17:43:00+00,,,35.245454268022016,50.01499977111816,2.8279272426258433
2026-04-25 17:44:00+00,,,34.99090922962535,49.992499669392906,2.837875008583069
2026-04-25 17:45:00+00,,,34.70833396911621,50.00545467029918,2.8481916586558023
2026-04-25 17:46:00+00,,,34.88333288828532,49.98545455932617,2.858541707197825
2026-04-25 17:47:00+00,,,35.899999936421715,49.97916634877523,2.872433344523112
2026-04-25 17:48:00+00,,,35.68000030517578,50.00636395541105,2.8959272774783047
2026-04-25 17:49:00+00,,,35.24545392123136,50.0091667175293,2.911341667175293
2026-04-25 17:50:00+00,,,34.94166660308838,49.999999653209336,2.924916664759318
2026-04-25 17:51:00+00,,,34.90909125588157,49.9883337020874,2.9385999838511148
2026-04-25 17:52:00+00,,,35.31000022888183,49.992727453058414,2.952599958939986
2026-04-25 17:53:00+00,,,35.041666984558105,50.01727294921875,2.967074990272522
2026-04-25 17:54:00+00,,,35.64444478352865,49.97666676839193,2.9902416865030923
2026-04-25 17:55:00+00,,,35.172727758234196,50.00545432350852,3.0137916803359985
2026-04-25 17:56:00+00,,,34.37272748080167,49.997272144664414,3.0267833471298218
2026-04-25 17:57:00+00,,,35.32999954223633,49.98300018310547,3.04524547403509
2026-04-25 17:58:00+00,,,35.64545440673828,49.977499643961586,3.0680167078971863
2026-04-25 17:59:00+00,,,35.20000012715658,49.98909065940163,3.0914833347002664
2026-04-25 18:00:00+00,,,33.93333307902018,49.993636738170274,3.1141249934832254
2026-04-25 18:01:00+00,,,33.44166628519694,49.99454532970082,3.1362750132878623
2026-04-25 18:02:00+00,,,32.66999969482422,50.003636446866125,3.1511999693783848
2026-04-25 18:03:00+00,,,32.40909108248624,50.011817932128906,3.155008335908254
2026-04-25 18:04:00+00,,,32.95000012715658,50.01272756403143,3.161674996217092
2026-04-25 18:05:00+00,,,33.55454566261985,50.005833307902016,3.1808249950408936
2026-04-25 18:06:00+00,,,33.57272685657848,50.00545432350852,3.2012636444785376
2026-04-25 18:07:00+00,,,33.26666673024496,50.01272687045011,3.2215916514396667
2026-04-25 18:08:00+00,,,32.499999653209336,49.99727249145508,3.2383416493733725
2026-04-25 18:09:00+00,,,31.97499990463257,50,3.2449583411216736
2026-04-25 18:10:00+00,,,32.141666412353516,50.01454613425515,3.251075009504954
2026-04-25 18:11:00+00,,,32.119999694824216,49.98454527421431,3.257236350666393
2026-04-25 18:12:00+00,,,32.89166673024496,50.00545467029918,3.267041643460592
2026-04-25 18:13:00+00,,,32.229999732971194,49.997499783833824,3.2839833895365396
2026-04-25 18:14:00+00,,,31.454545454545453,50.00899963378906,3.2903499801953635
2026-04-25 18:15:00+00,,,31.92727279663086,49.99583371480306,3.2955583135286965
2026-04-25 18:16:00+00,,,32.869999694824216,50.01600036621094,3.311536355452104
2026-04-25 18:17:00+00,,,32.62727303938432,50.006666819254555,3.328933318456014
2026-04-25 18:18:00+00,,,32.2363636710427,50.009166399637856,3.3465916514396667
2026-04-25 18:19:00+00,,,32.55833339691162,50.02416674296061,3.3638416727383933
2026-04-25 18:20:00+00,,,32.25000015894572,50.0109089938077,3.3809333443641663
2026-04-25 18:21:00+00,,,32.32727258855646,50.00400009155273,3.3984181664206763
2026-04-25 18:22:00+00,,,32.22999954223633,49.98818137428977,3.4141249855359397
2026-04-25 18:23:00+00,,,32.19000015258789,50.004545731977984,3.429700016975403
2026-04-25 18:24:00+00,,,30.845454476096414,49.979091297496446,3.4364500045776367
2026-04-25 18:25:00+00,,,31.0777776506212,49.99454532970082,3.4399454376914282
2026-04-25 18:26:00+00,,,31.108333110809326,49.986666997273765,3.4439083337783813
2026-04-25 18:27:00+00,,,31.291666348775227,49.987500508626304,3.449108342329661
2026-04-25 18:28:00+00,,,31.845454476096414,50.00272750854492,3.4629916747411094
2026-04-25 18:29:00+00,,,31.949999968210857,49.995454961603336,3.477725028991699
2026-04-25 18:30:00+00,,,31.790909160267223,50.00416692097982,3.4928250114123025
2026-04-25 18:31:00+00,,,31.819999122619627,50.01111094156901,3.5075090798464688
2026-04-25 18:32:00+00,,,31.475000381469727,49.9689998626709,3.520958364009857
2026-04-25 18:33:00+00,,,31.46666669845581,49.992727453058414,3.534999966621399
2026-04-25 18:34:00+00,,,31.509999656677245,50.01000054677328,3.5487083395322165
2026-04-25 18:35:00+00,,,31.369999885559082,50.006666819254555,3.5619909329847856
2026-04-25 18:36:00+00,,,31.190909298983488,50.00749969482422,3.574941635131836
2026-04-25 18:37:00+00,,,31.745454441417348,49.98416678110758,3.587683320045471
2026-04-25 18:38:00+00,,,30.745454614812676,50.01583353678385,3.6001000006993613
2026-04-25 18:39:00+00,,,31.041666348775227,49.98818172108043,3.6122666398684182
2026-04-25 18:40:00+00,,,30.700000339084202,49.98909065940163,3.6230272596532647
2026-04-25 18:41:00+00,,,30.708333174387615,49.99300003051758,3.6300416787465415
2026-04-25 18:42:00+00,,,31.349999745686848,50.00000031789144,3.64026669661204
2026-04-25 18:43:00+00,,,30.85000006357829,49.98416678110758,3.651383340358734
2026-04-25 18:44:00+00,,,30.766666571299236,49.9916664759318,3.6622583468755088
2026-04-25 18:45:00+00,,,31.02500009536743,50.0499996609158,3.6736545779488305
2026-04-25 18:46:00+00,,,30.65833346048991,50.00666724310981,3.6837666630744934
2026-04-25 18:47:00+00,,,30.472727342085406,49.9975004196167,3.693941652774811
2026-04-25 18:48:00+00,,,30.266666889190674,50.005455017089844,3.700108309586843
2026-04-25 18:49:00+00,,,30.09090874411843,49.9919994354248,3.7038818272677334
2026-04-25 18:50:00+00,,,30.263636328957297,50.01636366410689,3.70805831750234
2026-04-25 18:51:00+00,,,29.918181852860883,50.00416660308838,3.711883326371511
2026-04-25 18:52:00+00,,,30.100000034679066,50.029999472878195,3.7156416972478232
2026-04-25 18:53:00+00,,,19.283333619435627,49.990000291304156,3.7193500101566315
2026-04-25 18:54:00+00,,,17.745454441417348,50.02000011097301,3.720199982325236
2026-04-25 18:55:00+00,,,17.84999990463257,50.0009089383212,3.7209999901907787
2026-04-25 18:56:00+00,,,18.05833339691162,49.98416709899902,3.7214499711990356
2026-04-25 18:57:00+00,,,18.208333651224773,50.0129997253418,
2026-04-25 18:58:00+00,,,17.940000152587892,49.989999771118164,3.7217000325520835
2026-04-25 18:59:00+00,,,18.18333339691162,50.01249980926514,3.722249984741211
2026-04-25 19:00:00+00,,,16.71666653951009,49.98333326975504,3.7229000091552735
2026-04-25 19:01:00+00,,,16.733333349227905,50.00454538518732,3.7233500480651855
2026-04-25 19:02:00+00,,,16.38333336512248,49.986999893188475,3.723599910736084
2026-04-25 19:03:00+00,,,16.583333253860474,50.017272602428086,3.7237000465393066
2026-04-25 19:04:00+00,,,16.28000020980835,49.99599952697754,3.7238500118255615
2026-04-25 19:05:00+00,,,16.318181818181817,49.979000091552734,
2026-04-25 19:06:00+00,,,16.536363688382234,50.0058339436849,
2026-04-25 19:07:00+00,,,16.666666269302368,50.004545038396664,3.7239999771118164
2026-04-25 19:08:00+00,,,16.709091013128106,49.98599967956543,3.724150061607361
2026-04-25 19:09:00+00,,,16.633333206176758,50.0018178766424,3.724299907684326
2026-04-25 19:10:00+00,,,16.260000038146973,49.99818177656694,3.724400043487549
2026-04-25 19:11:00+00,,,16.450000127156574,49.98545421253551,
2026-04-25 19:12:00+00,,,16.550000190734863,50.003636446866125,
2026-04-25 19:13:00+00,,,16.245454701510344,50.00888866848416,
2026-04-25 19:14:00+00,,,16.53333322207133,49.986000061035156,
2026-04-25 19:15:00+00,,,16.59166669845581,50.00166670481364,
2026-04-25 19:16:00+00,,,16.381818251176313,50.0009089383212,
2026-04-25 19:17:00+00,,,16.37499992052714,50.01700019836426,
2026-04-25 19:18:00+00,,,16.672727238048207,49.976000213623045,
2026-04-25 19:19:00+00,,,16.518181627446953,50.01600036621094,
2026-04-25 19:20:00+00,,,17,49.984000015258786,
2026-04-25 19:21:00+00,,,16.683333317438763,49.985833168029785,
2026-04-25 19:22:00+00,,,16.354545333168723,50.00416660308838,
2026-04-25 19:23:00+00,,,16.169999980926512,49.99500007629395,
2026-04-25 19:24:00+00,,,16.38181799108332,50.01500053405762,
2026-04-25 19:25:00+00,,,16.266666571299236,50.0009089383212,
2026-04-25 19:26:00+00,,,16.533333381017048,49.98454527421431,
2026-04-25 19:27:00+00,,,10.110000133514404,50.017999267578126,
2026-04-25 19:28:00+00,,,9.525000015894571,49.9918178211559,
2026-04-25 19:29:00+00,,,9.666666746139526,49.986666997273765,
2026-04-25 19:30:00+00,,,9.50999994277954,50.032000350952146,
2026-04-25 19:31:00+00,,,9.618181835521352,49.99083296457926,
2026-04-25 19:32:00+00,,,9.445454597473145,49.98454492742365,
2026-04-25 19:33:00+00,,,9.481818199157715,49.975000063578285,
2026-04-25 19:34:00+00,,,9.781818129799582,50.026363372802734,
2026-04-25 19:35:00+00,,,9.627272779291326,50.011667251586914,
2026-04-25 19:36:00+00,,,9.349999904632568,49.97749996185303,
2026-04-25 19:37:00+00,,,9.590909090909092,50.00545432350852,
2026-04-25 19:38:00+00,,,9.524999936421713,50.010833422342934,
2026-04-25 19:39:00+00,,,9.381818077780984,50.00727289373224,
2026-04-25 19:40:00+00,,,9.625,49.990908882834695,
2026-04-25 19:41:00+00,,,9.48888905843099,49.98999994451349,
2026-04-25 19:42:00+00,,,9.52727274461226,50.00599975585938,
2026-04-25 19:43:00+00,,,9.609999942779542,49.99249998728434,
2026-04-25 19:44:00+00,,,9.460000038146973,49.99909071488814,
2026-04-25 19:45:00+00,,,9.845454562794078,50.004545731977984,
2026-04-25 19:46:00+00,,,9.52727274461226,50.01000061035156,
2026-04-25 19:47:00+00,,,9.599999904632568,50.0011117723253,
2026-04-25 19:48:00+00,,,9.710000038146973,49.98363633589311,
2026-04-25 19:49:00+00,,,9.674999952316284,50.015555487738716,
2026-04-25 19:50:00+00,,,9.610000038146973,49.99454463611949,
2026-04-25 19:51:00+00,,,9.754545471884988,49.989999771118164,
2026-04-25 19:52:00+00,,,9.458333174387613,50.006667137145996,
2026-04-25 19:53:00+00,,,9.654545437205922,49.987272782759234,
2026-04-25 19:54:00+00,,,9.539999866485596,49.97181805697355,
2026-04-25 19:55:00+00,,,9.525000015894571,49.99818177656694,
2026-04-25 19:56:00+00,,,9.233333269755045,49.99363604458895,
2026-04-25 19:57:00+00,,,9.518181800842285,50.0027268149636,
2026-04-25 19:58:00+00,,,9.466666539510092,50.00900001525879,
2026-04-25 19:59:00+00,,,9.59000005722046,50.00454538518732,
2026-04-25 20:00:00+00,,,8.000000047683717,50.01545472578569,
2026-04-25 20:01:00+00,,,8.008333325386047,49.96666653951009,
2026-04-25 20:02:00+00,,,8.060000038146972,49.979166666666664,
2026-04-25 20:03:00+00,,,7.941666682561238,50.01500002543131,
2026-04-25 20:04:00+00,,,7.725000063578288,49.99555587768555,
2026-04-25 20:05:00+00,,,8,50.027272657914594,
2026-04-25 20:06:00+00,,,8.100000034679066,50.0060001373291,
2026-04-25 20:07:00+00,,,8.040000009536744,50.00545467029918,
2026-04-25 20:08:00+00,,,7.90833334128062,50.01999976418235,
2026-04-25 20:09:00+00,,,7.900000008669767,50.01333363850912,
2026-04-25 20:10:00+00,,,7.809090917760676,49.97999996609158,
2026-04-25 20:11:00+00,,,7.9700000286102295,49.98749955495199,
2026-04-25 20:12:00+00,,,8.241666555404663,49.99166711171468,
2026-04-25 20:13:00+00,,,8.219999933242798,49.97636413574219,
2026-04-25 20:14:00+00,,,8.188888867696127,49.98199996948242,
2026-04-25 20:15:00+00,,,8.127272822640158,50.02000007629395,
2026-04-25 20:16:00+00,,,7.94444465637207,50.010000991821286,
2026-04-25 20:17:00+00,,,8.083333373069763,50.00083382924398,
2026-04-25 20:18:00+00,,,7.858333388964335,50.00500011444092,
2026-04-25 20:19:00+00,,,7.940000057220459,49.99727249145508,
2026-04-25 20:20:00+00,,,8.274999976158142,49.9609094099565,
2026-04-25 20:21:00+00,,,8.018181887539951,49.99666659037272,
2026-04-25 20:22:00+00,,,7.9300000190734865,49.98363668268377,
2026-04-25 20:23:00+00,,,8.024999976158142,49.98999945322672,
2026-04-25 20:24:00+00,,,8.140000057220458,49.987272089177914,
2026-04-25 20:25:00+00,,,8.018181844191117,50.00727289373224,
2026-04-25 20:26:00+00,,,8.06666668256124,49.990833600362144,
2026-04-25 20:27:00+00,,,7.916666587193807,50.027272657914594,
2026-04-25 20:28:00+00,,,7.96363639831543,49.99500020345052,
2026-04-25 20:29:00+00,,,7.909090865742076,50.01999969482422,
2026-04-25 20:30:00+00,,,7.74999996026357,50.02833366394043,
2026-04-25 20:31:00+00,,,8.075000007947287,49.978333155314125,
2026-04-25 20:32:00+00,,,8.181818225167014,50.0083335240682,
2026-04-25 20:33:00+00,,,8.090909134257924,49.96100006103516,
2026-04-25 20:34:00+00,,,8.03333338101705,50.010833740234375,
2026-04-25 20:35:00+00,,,8.050000150998434,49.99916617075602,
2026-04-25 20:36:00+00,,,8,50.00363679365678,
2026-04-25 20:37:00+00,,,8.074999928474426,49.98818137428977,
2026-04-25 20:38:00+00,,,7.800000060688365,50.01545437899503,
2026-04-25 20:39:00+00,,,7.883333404858907,50.01666673024496,
2026-04-25 20:40:00+00,,,8.009090943769975,49.96916643778483,
2026-04-25 20:41:00+00,,,8.141666690508524,50.00636360862038,
2026-04-25 20:42:00+00,,,8.280000066757202,50.02250003814697,
2026-04-25 20:43:00+00,,,7.890909021550959,49.964999771118165,
2026-04-25 20:44:00+00,,,8.24000005722046,49.97833283742269,
2026-04-25 20:45:00+00,,,8.070000076293946,50.00499992370605,
2026-04-25 20:46:00+00,,,7.960000133514404,49.98416678110758,
2026-04-25 20:47:00+00,,,8.045454588803379,50.00400009155273,
2026-04-25 20:48:00+00,,,7.8818181644786485,50.02666664123535,
2026-04-25 20:49:00+00,,,8.044444455040825,50.010833422342934,
2026-04-25 20:50:00+00,,,7.958333293596904,49.999000549316406,
2026-04-25 20:51:00+00,,,8.066666722297668,50.02454514936967,
2026-04-25 20:52:00+00,,,7.9916666348775225,50.002222273084854,
2026-04-25 20:53:00+00,,,8.245454571463846,49.95545473965731,
2026-04-25 20:54:00+00,,,7.827272761951793,49.99166679382324,
2026-04-25 20:55:00+00,,,7.8,50.02583408355713,
2026-04-25 20:56:00+00,,,8.025000015894571,50.00416628519694,
2026-04-25 20:57:00+00,,,8.222222275204128,50.00272750854492,
2026-04-25 20:58:00+00,,,7.918181852860884,49.994166692097984,
2026-04-25 20:59:00+00,,,8.141666611035665,50.012727217240766,
2026-04-25 21:00:00+00,,,6.311111079321967,49.99454567649148,
2026-04-25 21:01:00+00,,,6.48181811246005,50.01000005548651,
2026-04-25 21:02:00+00,,,6.25,49.99099960327148,
2026-04-25 21:03:00+00,,,6.427272666584361,49.98333263397217,
2026-04-25 21:04:00+00,,,6.491666674613953,49.97699966430664,
2026-04-25 21:05:00+00,,,6.34166665871938,50.008181832053445,
2026-04-25 21:06:00+00,,,6.3555555873447,50.00444412231445,
2026-04-25 21:07:00+00,,,6.283333381017049,49.996363553133875,
2026-04-25 21:08:00+00,,,6.445454554124312,50.01545437899503,
2026-04-25 21:09:00+00,,,6.3666666348775225,49.979166666666664,
2026-04-25 21:10:00+00,,,6.391666650772095,50.00818148526278,
2026-04-25 21:11:00+00,,,6.400000008669767,49.981250286102295,
2026-04-25 21:12:00+00,,,6.608333349227905,49.97999954223633,
2026-04-25 21:13:00+00,,,6.24999996026357,50.01000054677328,
2026-04-25 21:14:00+00,,,6.4416667222976685,50.00166670481364,
2026-04-25 21:15:00+00,,,6.46666665871938,49.98900032043457,
2026-04-25 21:16:00+00,,,6.581818147139116,50.01888868543837,
2026-04-25 21:17:00+00,,,6.566666682561238,49.97166665395101,
2026-04-25 21:18:00+00,,,6.616666674613953,49.98363668268377,
2026-04-25 21:19:00+00,,,6.45,49.9991668065389,
2026-04-25 21:20:00+00,,,6.590909090909091,50.01636366410689,
2026-04-25 21:21:00+00,,,6.2166666984558105,50.00818148526278,
2026-04-25 21:22:00+00,,,6.458333293596904,50.00699996948242,
2026-04-25 21:23:00+00,,,6.444444391462538,50.020833333333336,
2026-04-25 21:24:00+00,,,6.509090900421143,50.009166399637856,
2026-04-25 21:25:00+00,,,6.454545454545454,50.03416633605957,
2026-04-25 21:26:00+00,,,6.527272744612261,50.00181857022372,
2026-04-25 21:27:00+00,,,6.740000057220459,49.979166984558105,
2026-04-25 21:28:00+00,,,6.608333349227905,49.98818172108043,
2026-04-25 21:29:00+00,,,6.549999952316284,49.997499783833824,
2026-04-25 21:30:00+00,,,6.427272709933194,49.998999786376956,
2026-04-25 21:31:00+00,,,6.416666706403096,49.993333180745445,
2026-04-25 21:32:00+00,,,6.433333317438762,50.00899963378906,
2026-04-25 21:33:00+00,,,6.390000057220459,50.00181822343306,
2026-04-25 21:34:00+00,,,6.745454571463845,49.98636384443803,
2026-04-25 21:35:00+00,,,6.436363610354337,49.98899955749512,
2026-04-25 21:36:00+00,,,6.600000023841858,49.96636373346502,
2026-04-25 21:37:00+00,,,6.345454562794078,50.00272716175426,
2026-04-25 21:38:00+00,,,6.483333309491475,50.01454544067383,
2026-04-25 21:39:00+00,,,6.408333261807759,49.99545461481268,
2026-04-25 21:40:00+00,,,6.509999990463257,49.978182012384586,
2026-04-25 21:41:00+00,,,6.640000057220459,50.013332790798614,
2026-04-25 21:42:00+00,,,6.358333269755046,49.98299903869629,
2026-04-25 21:43:00+00,,,6.291666666666667,50,
2026-04-25 21:44:00+00,,,6.490000057220459,50.016666094462074,
2026-04-25 21:45:00+00,,,6.4444445504082575,50.00636360862038,
2026-04-25 21:46:00+00,,,6.474999984105428,50.0060001373291,
2026-04-25 21:47:00+00,,,6.541666706403096,49.97818166559393,
2026-04-25 21:48:00+00,,,6.4,50.01250044504801,
2026-04-25 21:49:00+00,,,6.530000066757202,50.00272750854492,
2026-04-25 21:50:00+00,,,6.659999990463257,50.003333727518715,
2026-04-25 21:51:00+00,,,6.449999968210856,50.003636446866125,
2026-04-25 21:52:00+00,,,6.65833334128062,49.98083337148031,
2026-04-25 21:53:00+00,,,6.372727264057506,50.00500011444092,
2026-04-25 21:54:00+00,,,6.545454588803378,50.000000381469725,
2026-04-25 21:55:00+00,,,6.350000047683716,49.98499997456869,
2026-04-25 21:56:00+00,,,6.62000002861023,49.99416637420654,
2026-04-25 21:57:00+00,,,6.454545367847789,50.01454544067383,
2026-04-25 21:58:00+00,,,6.636363593014804,49.9991668065389,
2026-04-25 21:59:00+00,,,6.390909151597456,50.008000183105466,
2026-04-25 22:00:00+00,,,1.2636363668875261,49.990000089009605,
2026-04-25 22:01:00+00,,,0.7583333322157463,50.021666844685875,
2026-04-25 22:02:00+00,,,0.6916666676600774,49.984999338785805,
2026-04-25 22:03:00+00,,,0.4000000026490953,49.994999694824216,
2026-04-25 22:04:00+00,,,0.6272727291692387,49.98333326975504,
2026-04-25 22:05:00+00,,,0.6249999987582365,50.00500043233236,
2026-04-25 22:06:00+00,,,0.6888888941870795,49.99454567649148,
2026-04-25 22:07:00+00,,,0.6000000045945247,49.99666659037272,
2026-04-25 22:08:00+00,,,0.4166666716337204,49.9775005976359,
2026-04-25 22:09:00+00,,,0.5200000062584877,50.00666597154405,
2026-04-25 22:10:00+00,,,0.5999999940395355,50.00454538518732,
2026-04-25 22:11:00+00,,,0.3416666767249505,49.99500020345052,
2026-04-25 22:12:00+00,,,0.672727265141227,50.009091117165305,
2026-04-25 22:13:00+00,,,0.979999977350235,50.00200004577637,
2026-04-25 22:14:00+00,,,0.7699999995529652,50.01583321889242,
2026-04-25 22:15:00+00,,,0.7500000012417635,50.003333727518715,
2026-04-25 22:16:00+00,,,0.6727272813970392,49.99500052134196,
2026-04-25 22:17:00+00,,,0.7750000096857548,49.990908882834695,
2026-04-25 22:18:00+00,,,0.555555565489663,50.022999954223636,
2026-04-25 22:19:00+00,,,0.5250000034769376,50.01454578746449,
2026-04-25 22:20:00+00,,,0.7499999968955914,50.00583362579346,
2026-04-25 22:21:00+00,,,0.5636363652619448,50.00909077037465,
2026-04-25 22:22:00+00,,,0.6400000095367432,50.02000045776367,
2026-04-25 22:23:00+00,,,0.7272727326913313,49.99636389992454,
2026-04-25 22:24:00+00,,,0.4545454572547566,50.011999893188474,
2026-04-25 22:25:00+00,,,0.6499999954054753,50.009999910990395,
2026-04-25 22:26:00+00,,,0.6750000007450581,49.986000061035156,
2026-04-25 22:27:00+00,,,0.5833333333333334,50.00333340962728,
2026-04-25 22:28:00+00,,,0.8555555492639542,49.99099960327148,
2026-04-25 22:29:00+00,,,0.45833333519597846,50.00249989827474,
2026-04-25 22:30:00+00,,,0.5500000067055225,50.00727220015092,
2026-04-25 22:31:00+00,,,0.5727272738109935,50.00416628519694,
2026-04-25 22:32:00+00,,,0.754545463079756,49.98454596779563,
2026-04-25 22:33:00+00,,,0.6100000105798244,49.99083296457926,
2026-04-25 22:34:00+00,,,0.6583333282421032,50.00545432350852,
2026-04-25 22:35:00+00,,,0.6250000012417635,49.976363788951524,
2026-04-25 22:36:00+00,,,0.5166666700194279,50.00299987792969,
2026-04-25 22:37:00+00,,,0.3888888979951541,49.97727272727273,
2026-04-25 22:38:00+00,,,0.5299999982118606,49.97909095070579,
2026-04-25 22:39:00+00,,,0.44166666579743225,50.00083351135254,
2026-04-25 22:40:00+00,,,0.35833333308498067,49.98699951171875,
2026-04-25 22:41:00+00,,,0.6083333436399698,49.99416637420654,
2026-04-25 22:42:00+00,,,0.5545454567128961,50,
2026-04-25 22:43:00+00,,,0.6000000001354651,49.99499988555908,
2026-04-25 22:44:00+00,,,0.6166666615754366,50.010000228881836,
2026-04-25 22:45:00+00,,,0.827272738922726,50.01583321889242,
2026-04-25 22:46:00+00,,,0.6200000062584877,49.961818348277696,
2026-04-25 22:47:00+00,,,0.7700000032782555,49.99272710626776,
2026-04-25 22:48:00+00,,,0.6083333330849806,50.01166661580404,
2026-04-25 22:49:00+00,,,0.7000000067055225,50.01333395640055,
2026-04-25 22:50:00+00,,,0.46363636444915424,50.00400009155273,
2026-04-25 22:51:00+00,,,0.8625000007450581,49.99454567649148,
2026-04-25 22:52:00+00,,,0.6909090944311835,50.00499979654948,
2026-04-25 22:53:00+00,,,0.19166666952272257,50.006666819254555,
2026-04-25 22:54:00+00,,,0.3916666687776645,49.998999786376956,
2026-04-25 22:55:00+00,,,0.6599999964237213,50.02583376566569,
2026-04-25 22:56:00+00,,,0.46363636444915424,50.00299987792969,
2026-04-25 22:57:00+00,,,0.6666666635622581,50.01272756403143,
2026-04-25 22:58:00+00,,,0.5090909071943976,50.009091117165305,
2026-04-25 22:59:00+00,,,0.8111111165748702,50.01454544067383,
2026-04-25 23:00:00+00,,,1.4714285731315613,50.00714274815151,0
2026-04-25 23:01:00+00,,,1.3666666597127914,50.011817932128906,
2026-04-25 23:02:00+00,,,1.209090915593234,50.02272692593661,
2026-04-25 23:03:00+00,,,1.2363636493682861,50.01090864701705,
2026-04-25 23:04:00+00,,,1.3090909069234675,50.002000427246095,
2026-04-25 23:05:00+00,,,1.4545454599640586,50.01636401089755,
2026-04-25 23:06:00+00,,,1.260000005364418,50.02099952697754,
2026-04-25 23:07:00+00,,,1.3444444338480632,50.03416665395101,
2026-04-25 23:08:00+00,,,1.3250000129143398,50.00299987792969,
2026-04-25 23:09:00+00,,,1.3749999900658925,50.0063643022017,
2026-04-25 23:10:00+00,,,1.5000000108372082,49.98300018310547,
2026-04-25 23:11:00+00,,,1.4749999791383743,50.0108331044515,
2026-04-25 23:12:00+00,,,1.1727272678505292,49.996666272481285,
2026-04-25 23:13:00+00,,,1.3899999916553498,50.008000183105466,
2026-04-25 23:14:00+00,,,1.3700000047683716,49.986363497647375,
2026-04-25 23:15:00+00,,,1.4909090724858372,49.99799995422363,
2026-04-25 23:16:00+00,,,1.4833333392937977,50.006666819254555,
2026-04-25 23:17:00+00,,,1.289999994635582,49.98199996948242,
2026-04-25 23:18:00+00,,,1.4333333273728688,50.026364066384055,
2026-04-25 23:19:00+00,,,1.5899999976158141,50.00181752985174,
2026-04-25 23:20:00+00,,,1.4083333412806194,50.00454538518732,
2026-04-25 23:21:00+00,,,1.3083333373069763,49.99416700998942,
2026-04-25 23:22:00+00,,,1.3,49.989999597722836,
2026-04-25 23:23:00+00,,,1.541666676600774,49.97727272727273,
2026-04-25 23:24:00+00,,,1.2583333278695743,49.975555419921875,
2026-04-25 23:25:00+00,,,1.1222222248713176,49.99818177656694,
2026-04-25 23:26:00+00,,,1.3636363473805515,49.97916730244955,
2026-04-25 23:27:00+00,,,1.4666666785875957,50.0199998219808,
2026-04-25 23:28:00+00,,,1.2545454502105713,50.00200004577637,
2026-04-25 23:29:00+00,,,1.5000000132454767,50.01500053405762,
2026-04-25 23:30:00+00,,,1.419999998807907,49.99583339691162,
2026-04-25 23:31:00+00,,,1.199999993497675,49.99727249145508,
2026-04-25 23:32:00+00,,,1.3166666651765506,50.00249989827474,
2026-04-25 23:33:00+00,,,1.4333333373069763,49.99909175526012,
2026-04-25 23:34:00+00,,,1.4799999952316285,49.99700012207031,
2026-04-25 23:35:00+00,,,1.3636363765055484,49.99666659037272,
2026-04-25 23:36:00+00,,,1.274999996026357,50.01111136542426,
2026-04-25 23:37:00+00,,,1.5181818008422852,49.97916634877523,
2026-04-25 23:38:00+00,,,1.4545454491268506,49.995454268022016,
2026-04-25 23:39:00+00,,,1.4199999868869781,50.003636446866125,
2026-04-25 23:40:00+00,,,1.3249999980131786,50.024166107177734,
2026-04-25 23:41:00+00,,,1.4499999831120174,50.00999959309896,
2026-04-25 23:42:00+00,,,1.436363626610149,49.98909065940163,
2026-04-25 23:43:00+00,,,1.0727272711016915,49.99250030517578,
2026-04-25 23:44:00+00,,,1.3363636461171238,50.00636360862038,
2026-04-25 23:45:00+00,,,1.118181824684143,49.97499974568685,
2026-04-25 23:46:00+00,,,1.1166666746139526,50.014166514078774,
2026-04-25 23:47:00+00,,,1.390000009536743,50.0081821788441,
2026-04-25 23:48:00+00,,,1.409090903672305,49.978999328613284,
2026-04-25 23:49:00+00,,,1.4499999940395356,50.022500356038414,
2026-04-25 23:50:00+00,,,1.418181831186468,49.99750010172526,
2026-04-25 23:51:00+00,,,1.200000007947286,50.00545432350852,
2026-04-25 23:52:00+00,,,1.354545457796617,49.97583293914795,
2026-04-25 23:53:00+00,,,1.2499999821186065,50.00636360862038,
2026-04-25 23:54:00+00,,,1.199999982660467,49.99818142977628,
2026-04-25 23:55:00+00,,,1.100000003973643,49.99727249145508,
2026-04-25 23:56:00+00,,,1.4818181612274863,49.997499783833824,
2026-04-25 23:57:00+00,,,1.2909090898253701,49.989999597722836,
2026-04-25 23:58:00+00,,,1.4199999883770942,50.01636331731623,
2026-04-25 23:59:00+00,,,1.2818181711164387,49.986666679382324,
2026-04-26 00:00:00+00,,,2.36363638531078,50.01583353678385,
2026-04-26 00:01:00+00,,,2.590909090909091,49.99833329518636,
2026-04-26 00:02:00+00,,,2.333333343267441,50.010834058125816,
2026-04-26 00:03:00+00,,,2.536363645033403,50.003636446866125,
2026-04-26 00:04:00+00,,,2.2454545497894287,50.00909077037465,
2026-04-26 00:05:00+00,,,2.341666648785273,49.989999597722836,
2026-04-26 00:06:00+00,,,2.44545456496152,49.99818177656694,
2026-04-26 00:07:00+00,,,2.4181817986748437,49.98999938964844,
2026-04-26 00:08:00+00,,,2.5333333611488342,49.990000291304156,
2026-04-26 00:09:00+00,,,2.23333332935969,50.00454538518732,
2026-04-26 00:10:00+00,,,2.375,49.98636315085671,
2026-04-26 00:11:00+00,,,1.9416666527589161,49.9916664759318,
2026-04-26 00:12:00+00,,,2.3,49.98500022888184,
2026-04-26 00:13:00+00,,,2.7083333333333335,50.00000076293945,
2026-04-26 00:14:00+00,,,2.500000011920929,50.012727217240766,
2026-04-26 00:15:00+00,,,2.600000003973643,49.992499669392906,
2026-04-26 00:16:00+00,,,2.5111110872692533,49.99916648864746,
2026-04-26 00:17:00+00,,,2.3363636298613115,50.00999984741211,
2026-04-26 00:18:00+00,,,2.3636363419619473,49.99416637420654,
2026-04-26 00:19:00+00,,,2.4363636537031694,49.98363668268377,
2026-04-26 00:20:00+00,,,2.3333333233992257,49.98636384443803,
2026-04-26 00:21:00+00,,,2.049999988079071,50.00272750854492,
2026-04-26 00:22:00+00,,,2.5272727012634277,49.99545461481268,
2026-04-26 00:23:00+00,,,2.3000000065023247,49.97083314259847,
2026-04-26 00:24:00+00,,,2.5636363462968306,50.0109089938077,
2026-04-26 00:25:00+00,,,2.3800000190734862,49.99249998728434,
2026-04-26 00:26:00+00,,,2.1799999833106996,49.98999998304579,
2026-04-26 00:27:00+00,,,2.6666666666666665,49.989999771118164,
2026-04-26 00:28:00+00,,,2.075000007947286,49.97181771018288,
2026-04-26 00:29:00+00,,,2.4250000019868216,49.99166679382324,
2026-04-26 00:30:00+00,,,2.4625000059604645,49.97299995422363,
2026-04-26 00:31:00+00,,,2.310000002384186,49.98454562100497,
2026-04-26 00:32:00+00,,,2.275000015894572,49.98583380381266,
2026-04-26 00:33:00+00,,,2.1222222248713174,49.9908332824707,
2026-04-26 00:34:00+00,,,2.3499999940395355,49.9890910061923,
2026-04-26 00:35:00+00,,,2.2555555237664118,50.01888910929362,
2026-04-26 00:36:00+00,,,2.1200000047683716,49.991999816894534,
2026-04-26 00:37:00+00,,,2.4909090995788574,50.015999984741214,
2026-04-26 00:38:00+00,,,2.318181796507402,50.01600036621094,
2026-04-26 00:39:00+00,,,2.3333333333333335,49.99909140846946,
2026-04-26 00:40:00+00,,,2.4333333174387612,49.982500076293945,
2026-04-26 00:41:00+00,,,2.145454525947571,50.015555911593964,
2026-04-26 00:42:00+00,,,2.209090904756026,49.98999938964844,
2026-04-26 00:43:00+00,,,2.0299999833106996,50.013333320617676,
2026-04-26 00:44:00+00,,,2.5299999952316283,49.99833393096924,
2026-04-26 00:45:00+00,,,2.4250000019868216,49.994544982910156,
2026-04-26 00:46:00+00,,,2.4100000143051146,49.994999694824216,
2026-04-26 00:47:00+00,,,2.4363636428659614,49.98888863457574,
2026-04-26 00:48:00+00,,,2.308333307504654,50.034999211629234,
2026-04-26 00:49:00+00,,,2.34545455195687,49.988182067871094,
2026-04-26 00:50:00+00,,,2.13636361468922,50.01000005548651,
2026-04-26 00:51:00+00,,,2.3916666408379874,50.010000402277164,
2026-04-26 00:52:00+00,,,2.2727272618900645,49.988999938964845,
2026-04-26 00:53:00+00,,,2.4818182208321313,50.01250076293945,
2026-04-26 00:54:00+00,,,2.227272727272727,49.97545485063033,
2026-04-26 00:55:00+00,,,2.2909091169183906,50.01363615556197,
2026-04-26 00:56:00+00,,,2.4181818203492598,50.002000427246095,
2026-04-26 00:57:00+00,,,2.0399999976158143,49.9991668065389,
2026-04-26 00:58:00+00,,,2.141666680574417,49.98999994451349,
2026-04-26 00:59:00+00,,,2.2583333055178323,50.00250053405762,
2026-04-26 01:00:00+00,,,3.7272727489471436,50.001000213623044,
2026-04-26 01:01:00+00,,,3.4583333134651184,50.025,
2026-04-26 01:02:00+00,,,3.7083333333333335,49.97333367665609,
2026-04-26 01:03:00+00,,,3.591666658719381,50.00750001271566,
2026-04-26 01:04:00+00,,,3.5833333333333335,50,
2026-04-26 01:05:00+00,,,3.7454545281150122,49.97636413574219,
2026-04-26 01:06:00+00,,,3.477777772479587,50.0018178766424,
2026-04-26 01:07:00+00,,,3.3833333452542624,49.99250062306722,
2026-04-26 01:08:00+00,,,3.5727272033691406,50.01222229003906,
2026-04-26 01:09:00+00,,,3.4454545107754795,50.0109089938077,
2026-04-26 01:10:00+00,,,3.4916666547457376,49.99909071488814,
2026-04-26 01:11:00+00,,,3.409090909090909,50.00916703542074,
2026-04-26 01:12:00+00,,,3.4899999856948853,49.96833356221517,
2026-04-26 01:13:00+00,,,3.4800000190734863,49.986665937635635,
2026-04-26 01:14:00+00,,,3.390000009536743,50.006363261829726,
2026-04-26 01:15:00+00,,,3.7083333134651184,49.996363553133875,
2026-04-26 01:16:00+00,,,3.8399999856948854,49.97666676839193,
2026-04-26 01:17:00+00,,,3.791666626930237,49.981666564941406,
2026-04-26 01:18:00+00,,,3.3333332935969033,49.972999572753906,
2026-04-26 01:19:00+00,,,3.618181813846935,49.99200019836426,
2026-04-26 01:20:00+00,,,3.672727281397039,49.99750010172526,
2026-04-26 01:21:00+00,,,3.3666666746139526,50.0016663869222,
2026-04-26 01:22:00+00,,,3.3916666507720947,49.99249998728434,
2026-04-26 01:23:00+00,,,3.4583333333333335,49.99200019836426,
2026-04-26 01:24:00+00,,,3.649999976158142,50.00272750854492,
2026-04-26 01:25:00+00,,,3.48888889948527,49.98500029246012,
2026-04-26 01:26:00+00,,,3.5416666666666665,50.02818124944513,
2026-04-26 01:27:00+00,,,3.722222195731269,49.97666676839193,
2026-04-26 01:28:00+00,,,3.4181817878376353,49.98545525290749,
2026-04-26 01:29:00+00,,,3.3090909177606758,50.02272727272727,
2026-04-26 01:30:00+00,,,3.3363636406985195,50.01818188753995,
2026-04-26 01:31:00+00,,,3.563636389645663,49.976363788951524,
2026-04-26 01:32:00+00,,,3.3333333134651184,49.98181845925071,
2026-04-26 01:33:00+00,,,3.6599999904632567,49.989999771118164,
2026-04-26 01:34:00+00,,,3.6583333214124045,50.035000483194985,
2026-04-26 01:35:00+00,,,3.6166666944821677,49.99272710626776,
2026-04-26 01:36:00+00,,,3.4916666547457376,49.9890910061923,
2026-04-26 01:37:00+00,,,3.6090909134257925,49.99000015258789,
2026-04-26 01:38:00+00,,,3.4899999856948853,50.013999938964844,
2026-04-26 01:39:00+00,,,3.554545424201272,50.00181822343306,
2026-04-26 01:40:00+00,,,3.5666666626930237,49.989999771118164,
2026-04-26 01:41:00+00,,,3.4800000190734863,50.02666664123535,
2026-04-26 01:42:00+00,,,3.6909090822393242,49.988182067871094,
2026-04-26 01:43:00+00,,,3.618181835521351,50.010833422342934,
2026-04-26 01:44:00+00,,,3.4090908874164927,50.00833384195963,
2026-04-26 01:45:00+00,,,3.3454545627940786,49.995832761128746,
2026-04-26 01:46:00+00,,,3.7700000286102293,49.999167124430336,
2026-04-26 01:47:00+00,,,3.599999944368998,49.99363639137962,
2026-04-26 01:48:00+00,,,3.6636363593014805,49.99090922962535,
2026-04-26 01:49:00+00,,,3.5833332935969033,49.98750019073486,
2026-04-26 01:50:00+00,,,3.509090878746726,50.01545472578569,
2026-04-26 01:51:00+00,,,3.5916667183240256,50.009090423583984,
2026-04-26 01:52:00+00,,,3.539999985694885,50.00799980163574,
2026-04-26 01:53:00+00,,,3.524999996026357,50.017500241597496,
2026-04-26 01:54:00+00,,,3.3636363636363638,49.989999771118164,
2026-04-26 01:55:00+00,,,3.299999976158142,49.990833600362144,
2026-04-26 01:56:00+00,,,3.4199999809265136,50.00727289373224,
2026-04-26 01:57:00+00,,,3.6545454372059214,49.99200019836426,
2026-04-26 01:58:00+00,,,3.76666667064031,49.99090922962535,
2026-04-26 01:59:00+00,,,3.700000007947286,49.99909140846946,
2026-04-26 02:00:00+00,,,4.859999942779541,49.99583339691162,
2026-04-26 02:01:00+00,,,4.925000071525574,49.97583293914795,
2026-04-26 02:02:00+00,,,5.05,50.03899993896484,
2026-04-26 02:03:00+00,,,5.0100000381469725,50.020999908447266,
2026-04-26 02:04:00+00,,,4.966666618982951,50.00249989827474,
2026-04-26 02:05:00+00,,,4.781818194822832,49.99500020345052,
2026-04-26 02:06:00+00,,,5.049999952316284,50.010000228881836,
2026-04-26 02:07:00+00,,,4.8599999904632565,49.98090952092951,
2026-04-26 02:08:00+00,,,5.016666650772095,50.01000005548651,
2026-04-26 02:09:00+00,,,4.690909082239324,50.01666683620877,
2026-04-26 02:10:00+00,,,5.009090987118808,50.01000001695421,
2026-04-26 02:11:00+00,,,4.936363697052002,50.01111094156901,
2026-04-26 02:12:00+00,,,4.766666650772095,49.974166552225746,
2026-04-26 02:13:00+00,,,4.690000009536743,50.012000274658206,
2026-04-26 02:14:00+00,,,4.9899999618530275,50.009999910990395,
2026-04-26 02:15:00+00,,,4.816666603088379,50.0108331044515,
2026-04-26 02:16:00+00,,,4.899999989403619,49.95666662851969,
2026-04-26 02:17:00+00,,,5.010000085830688,50.01000005548651,
2026-04-26 02:18:00+00,,,4.925000031789144,50.000999450683594,
2026-04-26 02:19:00+00,,,4.858333309491475,49.9975004196167,
2026-04-26 02:20:00+00,,,4.974999984105428,49.986364191228695,
2026-04-26 02:21:00+00,,,5.109090891751376,50.00272750854492,
2026-04-26 02:22:00+00,,,5.208333373069763,50.021817987615414,
2026-04-26 02:23:00+00,,,4.916666666666667,49.9883337020874,
2026-04-26 02:24:00+00,,,4.96666665871938,49.99363639137962,
2026-04-26 02:25:00+00,,,4.769999980926514,49.99454532970082,
2026-04-26 02:26:00+00,,,4.9909090562300245,50.04727276888761,
2026-04-26 02:27:00+00,,,4.850000023841858,50.03818199851296,
2026-04-26 02:28:00+00,,,5.054545445875688,49.972727342085406,
2026-04-26 02:29:00+00,,,5.009090900421143,49.99818247014826,
2026-04-26 02:30:00+00,,,4.966666678587596,50.01500015258789,
2026-04-26 02:31:00+00,,,4.5545454675501045,49.986999893188475,
2026-04-26 02:32:00+00,,,4.866666714350383,49.98499984741211,
2026-04-26 02:33:00+00,,,5.109090891751376,50.00666650136312,
2026-04-26 02:34:00+00,,,4.699999982660467,49.98416614532471,
2026-04-26 02:35:00+00,,,4.82999997138977,50.00363610007546,
2026-04-26 02:36:00+00,,,4.924999992052714,50.00666650136312,
2026-04-26 02:37:00+00,,,4.839999961853027,49.98600044250488,
2026-04-26 02:38:00+00,,,4.790909116918391,49.98199996948242,
2026-04-26 02:39:00+00,,,5.174999952316284,50.00272716175426,
2026-04-26 02:40:00+00,,,4.919999980926514,50.025,
2026-04-26 02:41:00+00,,,4.930000066757202,50.00636395541105,
2026-04-26 02:42:00+00,,,5.127272692593661,49.992499669392906,
2026-04-26 02:43:00+00,,,4.825000007947286,49.97583325703939,
2026-04-26 02:44:00+00,,,4.927272753282026,50.006666819254555,
2026-04-26 02:45:00+00,,,5.12499996026357,49.97899971008301,
2026-04-26 02:46:00+00,,,4.945454554124312,50.013333002726235,
2026-04-26 02:47:00+00,,,4.922222243414985,49.97333304087321,
2026-04-26 02:48:00+00,,,4.68181813846935,49.9908332824707,
2026-04-26 02:49:00+00,,,4.96666665871938,50.02000077565511,
2026-04-26 02:50:00+00,,,5.1000000780278985,50.013999938964844,
2026-04-26 02:51:00+00,,,5.1999999523162845,49.999999653209336,
2026-04-26 02:52:00+00,,,5.072727290066806,49.982726703990586,
2026-04-26 02:53:00+00,,,4.872727307406339,49.98545455932617,
2026-04-26 02:54:00+00,,,4.927272688258778,50.00899963378906,
2026-04-26 02:55:00+00,,,5.0083333651224775,49.98090882734819,
2026-04-26 02:56:00+00,,,4.808333357175191,50.02249972025553,
2026-04-26 02:57:00+00,,,5.016666690508525,49.99333360460069,
2026-04-26 02:58:00+00,,,4.891666650772095,50.01181827891957,
2026-04-26 02:59:00+00,,,5.044444455040826,49.99909071488814,
2026-04-26 03:00:00+00,,,6.5,50.00000031789144,
2026-04-26 03:01:00+00,,,6.391666690508525,50.006666819254555,
2026-04-26 03:02:00+00,,,6.341666738192241,49.99090922962535,
2026-04-26 03:03:00+00,,,6.4000000556310015,49.99666690826416,
2026-04-26 03:04:00+00,,,6.360000038146973,49.99363639137962,
2026-04-26 03:05:00+00,,,6.354545419866389,50.00333309173584,
2026-04-26 03:06:00+00,,,6.400000052018599,50.017272602428086,
2026-04-26 03:07:00+00,,,6.254545471884987,49.99750010172526,
2026-04-26 03:08:00+00,,,6.587500035762787,50.013000106811525,
2026-04-26 03:09:00+00,,,6.5545454892245205,50.009091117165305,
2026-04-26 03:10:00+00,,,6.518181800842285,49.986666997273765,
2026-04-26 03:11:00+00,,,6.410000038146973,49.98416678110758,
2026-04-26 03:12:00+00,,,6.419999980926514,50.013635808771305,
2026-04-26 03:13:00+00,,,6.599999991330233,49.998999404907224,
2026-04-26 03:14:00+00,,,6.341666618982951,50.00749969482422,
2026-04-26 03:15:00+00,,,6.309999990463257,50.00636395541105,
2026-04-26 03:16:00+00,,,6.445454554124312,49.979090603915125,
2026-04-26 03:17:00+00,,,6.391666690508525,50.00454538518732,
2026-04-26 03:18:00+00,,,6.399999965320934,50.01399955749512,
2026-04-26 03:19:00+00,,,6.618181792172519,50.01909082586115,
2026-04-26 03:20:00+00,,,6.436363697052002,49.984999656677246,
2026-04-26 03:21:00+00,,,6.458333333333333,49.98272774436257,
2026-04-26 03:22:00+00,,,6.399999976158142,50.00333340962728,
2026-04-26 03:23:00+00,,,6.249999952316284,49.98300018310547,
2026-04-26 03:24:00+00,,,6.454545497894287,49.982499758402504,
2026-04-26 03:25:00+00,,,6.358333349227905,50.00090859153054,
2026-04-26 03:26:00+00,,,6.318181731484153,49.99583339691162,
2026-04-26 03:27:00+00,,,5.958333293596904,49.97181875055487,
2026-04-26 03:28:00+00,,,6.481818199157715,50.024444580078125,
2026-04-26 03:29:00+00,,,6.391666650772095,50.01250012715658,
2026-04-26 03:30:00+00,,,6.245454571463845,50.007500330607094,
2026-04-26 03:31:00+00,,,6.3166667222976685,50.0109089938077,
2026-04-26 03:32:00+00,,,6.4909090562300245,49.99099998474121,
2026-04-26 03:33:00+00,,,6.625,50.00181857022372,
2026-04-26 03:34:00+00,,,6.527272744612261,50.0008331934611,
2026-04-26 03:35:00+00,,,6.789999961853027,50.00166670481364,
2026-04-26 03:36:00+00,,,6.416666666666667,50.00454538518732,
2026-04-26 03:37:00+00,,,6.483333349227905,50.01249980926514,
2026-04-26 03:38:00+00,,,6.409090909090909,50.01818188753995,
2026-04-26 03:39:00+00,,,6.389999961853027,50.01666673024496,
2026-04-26 03:40:00+00,,,6.369999980926513,49.98899955749512,
2026-04-26 03:41:00+00,,,6.436363610354337,50.00272716175426,
2026-04-26 03:42:00+00,,,6.4700000286102295,49.982727397571914,
2026-04-26 03:43:00+00,,,6.572727246717974,49.9972731850364,
2026-04-26 03:44:00+00,,,6.441666762034099,50.00749969482422,
2026-04-26 03:45:00+00,,,6.400000008669767,50.00636360862038,
2026-04-26 03:46:00+00,,,6.518181844191118,49.97400016784668,
2026-04-26 03:47:00+00,,,6.4909090562300245,49.98363529552113,
2026-04-26 03:48:00+00,,,6.444444444444445,50.003333727518715,
2026-04-26 03:49:00+00,,,6.350000023841858,50.02166716257731,
2026-04-26 03:50:00+00,,,6.409999942779541,50.01099967956543,
2026-04-26 03:51:00+00,,,6.663636337627064,50.01250012715658,
2026-04-26 03:52:00+00,,,6.37000002861023,49.99636320634322,
2026-04-26 03:53:00+00,,,6.450000007947286,49.98181776566939,
2026-04-26 03:54:00+00,,,6.518181800842285,49.9936356977983,
2026-04-26 03:55:00+00,,,6.472727212038907,50.024999936421715,
2026-04-26 03:56:00+00,,,6.280000019073486,50.005000305175784,
2026-04-26 03:57:00+00,,,6.566666682561238,50.03000051325018,
2026-04-26 03:58:00+00,,,6.416666587193807,49.995454268022016,
2026-04-26 03:59:00+00,,,6.433333357175191,50.01499938964844,
2026-04-26 04:00:00+00,,,8.087500154972076,50.012857164655415,
2026-04-26 04:01:00+00,,,8.260000038146973,49.990908882834695,
2026-04-26 04:02:00+00,,,7.9916666348775225,50.02083428700765,
2026-04-26 04:03:00+00,,,8.150000095367432,50.00166670481364,
2026-04-26 04:04:00+00,,,7.960000085830688,50.00909077037465,
2026-04-26 04:05:00+00,,,8.009090900421143,49.98699951171875,
2026-04-26 04:06:00+00,,,8.058333357175192,49.98272705078125,
2026-04-26 04:07:00+00,,,8.133333285649618,49.992726759477094,
2026-04-26 04:08:00+00,,,8.158333341280619,50.00272750854492,
2026-04-26 04:09:00+00,,,7.8499999443689985,49.99545461481268,
2026-04-26 04:10:00+00,,,7.981818199157715,49.9819995880127,
2026-04-26 04:11:00+00,,,7.62999997138977,49.996363553133875,
2026-04-26 04:12:00+00,,,7.966666738192241,49.98000023581765,
2026-04-26 04:13:00+00,,,8.283333420753479,50.00000069358132,
2026-04-26 04:14:00+00,,,8.12500007947286,50.00799980163574,
2026-04-26 04:15:00+00,,,8.230000066757203,49.990908882834695,
2026-04-26 04:16:00+00,,,8.160000038146972,50.0008331934611,
2026-04-26 04:17:00+00,,,8.133333404858908,50.01499977111816,
2026-04-26 04:18:00+00,,,7.9454546408219775,49.984999656677246,
2026-04-26 04:19:00+00,,,8.075000127156576,49.992727453058414,
2026-04-26 04:20:00+00,,,7.936363740400835,50.001111348470054,
2026-04-26 04:21:00+00,,,7.791666626930237,49.9983336130778,
2026-04-26 04:22:00+00,,,8.163636380975897,49.99636389992454,
2026-04-26 04:23:00+00,,,7.890000057220459,49.97166633605957,
2026-04-26 04:24:00+00,,,8.269999980926514,50.00999984741211,
2026-04-26 04:25:00+00,,,8.009090943769975,49.99249998728434,
2026-04-26 04:26:00+00,,,7.91818193955855,49.986999893188475,
2026-04-26 04:27:00+00,,,8.21666673819224,49.989999771118164,
2026-04-26 04:28:00+00,,,7.808333436648051,49.96999963124593,
2026-04-26 04:29:00+00,,,8.016666809717814,50,
2026-04-26 04:30:00+00,,,8.128571578434535,49.970909118652344,
2026-04-26 04:31:00+00,,,7.9666666984558105,49.99090922962535,
2026-04-26 04:32:00+00,,,7.908333381017049,49.97833379109701,
2026-04-26 04:33:00+00,,,7.809090917760676,50.00166670481364,
2026-04-26 04:34:00+00,,,7.999999956651167,49.988000106811526,
2026-04-26 04:35:00+00,,,7.8700000762939455,49.99555545383029,
2026-04-26 04:36:00+00,,,7.808333317438762,49.9890910061923,
2026-04-26 04:37:00+00,,,8.100000116560194,50.020999908447266,
2026-04-26 04:38:00+00,,,8.080000019073486,50.01090934059837,
2026-04-26 04:39:00+00,,,7.981818329204213,50.00400047302246,
2026-04-26 04:40:00+00,,,8.027272657914596,49.97909095070579,
2026-04-26 04:41:00+00,,,7.833333452542623,50.01400032043457,
2026-04-26 04:42:00+00,,,7.87499996026357,49.9977773030599,
2026-04-26 04:43:00+00,,,7.6099999904632565,49.996363553133875,
2026-04-26 04:44:00+00,,,8.118181835521352,50.00166702270508,
2026-04-26 04:45:00+00,,,8.072727246717973,49.98272705078125,
2026-04-26 04:46:00+00,,,8.054545532573353,50.0018178766424,
2026-04-26 04:47:00+00,,,8.100000095367431,49.98111089070638,
2026-04-26 04:48:00+00,,,8.016666650772095,50.03666591644287,
2026-04-26 04:49:00+00,,,7.972727298736572,49.99000015258789,
2026-04-26 04:50:00+00,,,7.7999999739907,50.006666819254555,
2026-04-26 04:51:00+00,,,8.050000031789144,50.00545467029918,
2026-04-26 04:52:00+00,,,7.8599999904632565,49.99500007629395,
2026-04-26 04:53:00+00,,,8.150000047683715,50.01454613425515,
2026-04-26 04:54:00+00,,,7.860000038146973,49.98363668268377,
2026-04-26 04:55:00+00,,,7.963636441664263,50,
2026-04-26 04:56:00+00,,,8.08181819048795,50.00363679365678,
2026-04-26 04:57:00+00,,,7.644444465637207,49.9981821233576,
2026-04-26 04:58:00+00,,,7.858333349227905,50.00090928511186,
2026-04-26 04:59:00+00,,,7.849999984105428,49.99583371480306,
2026-04-26 05:00:00+00,,,9.78333330154419,50.000000346790664,
2026-04-26 05:01:00+00,,,9.449999968210856,50.02799987792969,
2026-04-26 05:02:00+00,,,9.62500007947286,49.97083377838135,
2026-04-26 05:03:00+00,,,9.690909125588156,50.00272716175426,
2026-04-26 05:04:00+00,,,9.516666571299234,50.002500216166176,
2026-04-26 05:05:00+00,,,9.700000047683716,49.97666676839193,
2026-04-26 05:06:00+00,,,9.519999980926514,50.00363610007546,
2026-04-26 05:07:00+00,,,9.418181852860885,49.99181851473722,
2026-04-26 05:08:00+00,,,16.083333412806194,49.98500029246012,
2026-04-26 05:09:00+00,,,16.508333444595337,49.98399963378906,
2026-04-26 05:10:00+00,,,16.56666660308838,49.98500029246012,
2026-04-26 05:11:00+00,,,16.549999793370564,50.02000011097301,
2026-04-26 05:12:00+00,,,16.610000228881837,49.991999816894534,
2026-04-26 05:13:00+00,,,16.641666889190674,49.96999963124593,
2026-04-26 05:14:00+00,,,16.574999888737995,49.99166679382324,
2026-04-26 05:15:00+00,,,16.536363775079902,49.99181851473722,
2026-04-26 05:16:00+00,,,16.470000076293946,49.99555545383029,
2026-04-26 05:17:00+00,,,16.583333253860474,50.01181827891957,
2026-04-26 05:18:00+00,,,16.483333349227905,50.00166670481364,
2026-04-26 05:19:00+00,,,16.530000114440917,50.00166702270508,
2026-04-26 05:20:00+00,,,16.436363740400836,50.01833311716715,
2026-04-26 05:21:00+00,,,16.77777756585015,50.01454578746449,
2026-04-26 05:22:00+00,,,16.490909056230024,50.0011109246148,9.999999747378752e-05
2026-04-26 05:23:00+00,,,16.43333347638448,49.996363553133875,
2026-04-26 05:24:00+00,,,16.754545558582652,50.03583367665609,
2026-04-26 05:25:00+00,,,16.525000015894573,49.96636373346502,
2026-04-26 05:26:00+00,,,16.881818077780984,50.01818188753995,0.00019999999494757503
2026-04-26 05:27:00+00,,,16.563636346296832,49.99545461481268,
2026-04-26 05:28:00+00,,,16.754545558582652,49.986363497647375,
2026-04-26 05:29:00+00,,,16.23636358434504,50.020909396084875,
2026-04-26 05:30:00+00,,,16.299999793370564,50.014167149861656,0.0004000000092977037
2026-04-26 05:31:00+00,,,16.536363775079902,50.01818258112127,0.0006000000284984708
2026-04-26 05:32:00+00,,,16.49090896953236,49.96833324432373,0.000699999975040555
2026-04-26 05:33:00+00,,,16.675000031789143,50.007500330607094,0.0008499999821651727
2026-04-26 05:34:00+00,,,16.40833314259847,49.98416646321615,0.0011000000328446429
2026-04-26 05:35:00+00,,,16.5625,49.97999988902699,0.001449999981559813
2026-04-26 05:36:00+00,,,16.566666682561237,49.99916617075602,0.0020000000118411015
2026-04-26 05:37:00+00,,,16.670000267028808,49.99727283824574,0.0025500000338070095
2026-04-26 05:38:00+00,,,16.39999987862327,49.97666676839193,0.002949999994598329
2026-04-26 05:39:00+00,,,16.56363651969216,50.00333340962728,0.003399999998509884
2026-04-26 05:40:00+00,,,16.42727279663086,50.02000045776367,0.003950000003290673
2026-04-26 05:41:00+00,,,16.718181783502754,49.982727397571914,0.00430000014603138
2026-04-26 05:42:00+00,,,27.37500015894572,50.0091667175293,0.005727272692390464
2026-04-26 05:43:00+00,,,28.608333269755047,49.99583307902018,0.008324999983112017
2026-04-26 05:44:00+00,,,28.4416667620341,49.99636389992454,0.011166666634380817
2026-04-26 05:45:00+00,,,28.260000038146973,50.01818188753995,0.014354545538398352
2026-04-26 05:46:00+00,,,28.94545451077548,49.99200019836426,0.022483333479613066
2026-04-26 05:47:00+00,,,28.358333428700764,49.989999771118164,0.02915000015248855
2026-04-26 05:48:00+00,,,28.791666666666668,50.02000045776367,0.032666666277994715
2026-04-26 05:49:00+00,,,29.5666667620341,50.009090423583984,0.042500000136593975
2026-04-26 05:50:00+00,,,29.636363636363637,49.983750343322754,0.054054545746608215
2026-04-26 05:51:00+00,,,29.454545281150125,49.98363598910245,0.06546666659414768
2026-04-26 05:52:00+00,,,29.28333346048991,50.014166831970215,0.074691666290164
2026-04-26 05:53:00+00,,,29.3166667620341,49.997272144664414,0.08102500066161156
2026-04-26 05:54:00+00,,,29.27999954223633,50.003636446866125,0.08579090914943001
2026-04-26 05:55:00+00,,,29.24999984105428,50.00272750854492,0.0888916663825512
2026-04-26 05:56:00+00,,,28.93333339691162,49.978181318803266,0.0921916663646698
2026-04-26 05:57:00+00,,,29.425000190734863,49.99727283824574,0.09541666693985462
2026-04-26 05:58:00+00,,,29.4416667620341,50.015000661214195,0.09960000030696392
2026-04-26 05:59:00+00,,,29.55,49.9930004119873,0.10814545439048247
2026-04-26 06:00:00+00,,,30.963636224920098,50.01727294921875,0.11246666684746742
2026-04-26 06:01:00+00,,,31.09090909090909,50.02799949645996,0.11623333332439263
2026-04-26 06:02:00+00,,,31.43333339691162,50.0009089383212,0.12052500061690807
2026-04-26 06:03:00+00,,,32.141666889190674,49.97999986012777,0.13326666504144669
2026-04-26 06:04:00+00,,,31.83636370572177,50.010000402277164,0.14762727238915183
2026-04-26 06:05:00+00,,,31.42727297002619,50.01909117265181,0.15669999892512956
2026-04-26 06:06:00+00,,,31.733333110809326,50.01166693369547,0.16511666774749756
2026-04-26 06:07:00+00,,,31.49999984105428,49.99454567649148,0.17342500016093254
2026-04-26 06:08:00+00,,,32.1166664759318,49.985833168029785,0.1819333334763845
2026-04-26 06:09:00+00,,,32.07272737676447,49.98200035095215,0.19298181886022742
2026-04-26 06:10:00+00,,,32.23333326975504,49.988182067871094,0.2104333316286405
2026-04-26 06:11:00+00,,,32.37272748080167,50.00636360862038,0.22811666503548622
2026-04-26 06:12:00+00,,,32.58333317438761,49.97909095070579,0.24628333374857903
2026-04-26 06:13:00+00,,,31.763635982166637,49.99363639137962,0.25648182088678534
2026-04-26 06:14:00+00,,,31.872727134011008,50.00666618347168,0.2620333358645439
2026-04-26 06:15:00+00,,,31.65833346048991,50.00500043233236,0.26769999663035077
2026-04-26 06:16:00+00,,,32.71666669845581,50.00416692097982,0.27617499977350235
2026-04-26 06:17:00+00,,,32.949999968210854,49.988182067871094,0.2944500024120013
2026-04-26 06:18:00+00,,,31.509090943769976,50.02000045776367,0.30353636091405695
2026-04-26 06:19:00+00,,,31.854545419866387,49.990000291304156,0.30825000007947284
2026-04-26 06:20:00+00,,,32.281818043101914,49.98300056457519,0.3124583338697751
2026-04-26 06:21:00+00,,,32.04999987284342,50.00272716175426,0.3169666702548663
2026-04-26 06:22:00+00,,,33.310000038146974,50.01454544067383,0.3307249993085861
2026-04-26 06:23:00+00,,,32.8999997919256,50.025454781272195,0.34196363524957135
2026-04-26 06:24:00+00,,,32.94166692097982,50.02000011097301,0.35181666413942975
2026-04-26 06:25:00+00,,,32.62499968210856,50.02583312988281,0.3618333339691162
2026-04-26 06:26:00+00,,,32.8583337465922,50.017272602428086,0.3718749980131785
2026-04-26 06:27:00+00,,,32.76666673024496,49.989166577657066,0.3832250013947487
2026-04-26 06:28:00+00,,,32.990908882834695,50.027272657914594,0.39348181811246
2026-04-26 06:29:00+00,,,32.51666673024496,50.00545432350852,0.4023166671395302
2026-04-26 06:30:00+00,,,32.95454580133612,50.01636435768821,0.41114166378974915
2026-04-26 06:31:00+00,,,33.19166692097982,50.01666704813639,0.420933336019516
2026-04-26 06:32:00+00,,,33.9636362249201,50.00545467029918,0.44083636186339636
2026-04-26 06:33:00+00,,,33.98181845925071,49.997499783833824,0.46566666662693024
2026-04-26 06:34:00+00,,,34.03333314259847,50.01636366410689,0.49080000072717667
2026-04-26 06:35:00+00,,,34.14545440673828,50.01818223433061,0.5158250033855438
2026-04-26 06:36:00+00,,,34.54999987284342,49.99909071488814,0.5410583217938741
2026-04-26 06:37:00+00,,,34.26363615556197,50.009091117165305,0.5653545477173545
2026-04-26 06:38:00+00,,,34.333333015441895,50.01666673024496,0.5918083389600118
2026-04-26 06:39:00+00,,,33.56666660308838,50.002500216166176,0.607600008447965
2026-04-26 06:40:00+00,,,33.5363637750799,50.00333309173584,0.6183999925851822
2026-04-26 06:41:00+00,,,34.350000063578285,50.009091117165305,0.6368583291769028
2026-04-26 06:42:00+00,,,34.88999977111816,49.98272705078125,0.6631181836128235
2026-04-26 06:43:00+00,,,34.42727210304954,50.02272692593661,0.6886583318312963
2026-04-26 06:44:00+00,,,33.94166660308838,49.986666997273765,0.7037666738033295
2026-04-26 06:45:00+00,,,34.39166673024496,49.996363553133875,0.7183916668097178
2026-04-26 06:46:00+00,,,34.900000138716265,49.97750027974447,0.7430416593949
2026-04-26 06:47:00+00,,,35.29000015258789,49.991111755371094,0.7710272723978217
2026-04-26 06:48:00+00,,,35.03999977111816,49.990000291304156,0.7998583366473516
2026-04-26 06:49:00+00,,,35.10909097844904,50.00416692097982,0.8292166690031687
2026-04-26 06:50:00+00,,,35.43636356700551,49.99727249145508,0.8587249914805094
2026-04-26 06:51:00+00,,,35.37272748080167,50.01583353678385,0.887508342663447
2026-04-26 06:52:00+00,,,34.239999771118164,49.98299980163574,0.903790912844918
2026-04-26 06:53:00+00,,,34.027273351495914,49.98500022888184,0.9152083347241083
2026-04-26 06:54:00+00,,,33.98333326975504,50.021666844685875,0.9269916613896688
2026-04-26 06:55:00+00,,,34.55454566261985,50.017273296009414,0.93865833679835
2026-04-26 06:56:00+00,,,35.3909086747603,49.986363497647375,0.9564999938011169
2026-04-26 06:57:00+00,,,35.809090701016515,49.98999994451349,0.9888333380222321
2026-04-26 06:58:00+00,,,35.53999977111816,50.014166831970215,1.0210916697978973
2026-04-26 06:59:00+00,,,35.875,49.985555013020836,1.0530166625976562
2026-04-26 07:00:00+00,,,37.75999984741211,49.9988890753852,1.0845999934456565
2026-04-26 07:01:00+00,,,37.3833335240682,50.0199998219808,1.1152999997138977
2026-04-26 07:02:00+00,,,36.73636384443803,50.0083335240682,1.1393083433310192
2026-04-26 07:03:00+00,,,37.291666984558105,49.989090312610976,1.1612833340962727
2026-04-26 07:04:00+00,,,37.44166692097982,49.99909071488814,1.192500005165736
2026-04-26 07:05:00+00,,,36.65833346048991,50.01899948120117,1.21280833085378
2026-04-26 07:06:00+00,,,36.82222196790907,50.006363261829726,1.2282363718206233
2026-04-26 07:07:00+00,,,36.933332761128746,49.99666659037272,1.2444166640440624
2026-04-26 07:08:00+00,,,38.02500025431315,50.000999450683594,1.2724916636943817
2026-04-26 07:09:00+00,,,37.62727321277965,49.97727238048207,1.3050750195980072
2026-04-26 07:10:00+00,,,37.55000038146973,49.998999786376956,1.3260090892965144
2026-04-26 07:11:00+00,,,37.39090902155096,50.010833422342934,1.3489750027656555
2026-04-26 07:12:00+00,,,36.74166679382324,49.995454961603336,1.3683583239714305
2026-04-26 07:13:00+00,,,37.600000063578285,49.97636344216087,1.3825000127156575
2026-04-26 07:14:00+00,,,37.350000063578285,49.991818167946555,1.4067833423614502
2026-04-26 07:15:00+00,,,37.01999969482422,49.99909071488814,1.41936363957145
2026-04-26 07:16:00+00,,,37.024999936421715,50.006666819254555,1.4318583309650421
2026-04-26 07:17:00+00,,,36.98181811246005,50.000832875569664,1.4446833332379658
2026-04-26 07:18:00+00,,,37.49090853604403,50.00909077037465,1.4586749970912933
2026-04-26 07:19:00+00,,,38.79999958385121,49.996999740600586,1.4892545505003496
2026-04-26 07:20:00+00,,,39.26666704813639,49.98083337148031,1.5263916651407878
2026-04-26 07:21:00+00,,,38.94545468417081,49.97583325703939,1.5686999956766765
2026-04-26 07:22:00+00,,,38.21818230368874,49.99333349863688,1.5987499952316284
2026-04-26 07:23:00+00,,,38.06363643299449,49.98666604359945,1.61966668566068
2026-04-26 07:24:00+00,,,38.0083335240682,49.98750019073486,1.640850007534027
2026-04-26 07:25:00+00,,,39.329999160766604,49.99545461481268,1.6700636365196921
2026-04-26 07:26:00+00,,,38.92500019073486,49.99444452921549,1.7085916697978973
2026-04-26 07:27:00+00,,,38.20000041614879,49.99166679382324,1.7310500144958496
2026-04-26 07:28:00+00,,,38.01666673024496,50.01250012715658,1.751116673151652
2026-04-26 07:29:00+00,,,38.53333282470703,49.986999893188475,1.7713499963283539
2026-04-26 07:30:00+00,,,38.910000228881835,49.976363788951524,1.7941636388952082
2026-04-26 07:31:00+00,,,38.53636412187056,49.989999597722836,1.8188666701316833
2026-04-26 07:32:00+00,,,38.61666711171468,50.020909396084875,1.8434583346048992
2026-04-26 07:33:00+00,,,39.029999542236325,50.03666687011719,1.868149995803833
2026-04-26 07:34:00+00,,,40.163636294278234,50.012727217240766,1.9034454497424038
2026-04-26 07:35:00+00,,,39.70909118652344,50.00499979654948,1.9461250106493633
2026-04-26 07:36:00+00,,,37.941667238871254,50.00249989827474,1.9736333390076954
2026-04-26 07:37:00+00,,,38.10833295186361,49.99454532970082,1.9881916642189026
2026-04-26 07:38:00+00,,,38.17499955495199,50.00500011444092,2.0030333201090493
2026-04-26 07:39:00+00,,,38.27000007629395,50.015555911593964,2.0174181678078393
2026-04-26 07:40:00+00,,,38.82500044504801,50.017273296009414,2.033383329709371
2026-04-26 07:41:00+00,,,40.46363657171076,49.994166692097984,2.0695666472117105
2026-04-26 07:42:00+00,,,40.59000015258789,50.00749969482422,2.1146583557128906
2026-04-26 07:43:00+00,,,38.48181811246005,49.9936356977983,2.145174960295359
2026-04-26 07:44:00+00,,,38.10999984741211,49.985454906116836,2.1573363867673008
2026-04-26 07:45:00+00,,,38.641666412353516,50.00545467029918,2.1703333059946694
2026-04-26 07:46:00+00,,,38.98181845925071,50.01800003051758,2.18613334496816
2026-04-26 07:47:00+00,,,39.472727342085406,49.99166615804037,2.2124833464622498
2026-04-26 07:48:00+00,,,40.3999997919256,49.99909071488814,2.2434909126975318
2026-04-26 07:49:00+00,,,40.77500025431315,50.009999910990395,2.2900750041007996
2026-04-26 07:50:00+00,,,41.208333015441895,50.01363684914329,2.3409583568573
2026-04-26 07:51:00+00,,,40.86666742960612,49.99249998728434,2.388808329900106
2026-04-26 07:52:00+00,,,40.70000006935813,50.01818188753995,2.434349993864695
2026-04-26 07:53:00+00,,,39.54545419866388,49.98454492742365,2.460018179633401
2026-04-26 07:54:00+00,,,39.71666653951009,50.024999936421715,2.481366674105326
2026-04-26 07:55:00+00,,,39.97999877929688,49.98636315085671,2.5051583647727966
2026-04-26 07:56:00+00,,,41.05454531582919,49.97090946544301,2.547491669654846
2026-04-26 07:57:00+00,,,41.055555979410805,49.991818167946555,2.594890919598666
2026-04-26 07:58:00+00,,,41.68999977111817,50.03000005086263,2.6428666512171426
2026-04-26 07:59:00+00,,,41.69090895219283,49.97999986012777,2.6958583196004233
2026-04-26 08:00:00+00,,,43.09090943769975,50.007500330607094,2.7478416760762534
2026-04-26 08:01:00+00,,,43.05833339691162,49.97999988902699,2.7992416818936667
2026-04-26 08:02:00+00,,,42.48181845925071,50.01222271389432,2.8458454608917236
2026-04-26 08:03:00+00,,,40.87999992370605,49.9981821233576,2.865266660849253
2026-04-26 08:04:00+00,,,41.05454600941051,50.01583321889242,2.8801833192507424
2026-04-26 08:05:00+00,,,40.79166634877523,50.009166399637856,2.8941167195638022
2026-04-26 08:06:00+00,,,43.333333333333336,50.021666844685875,2.9258166551589966
2026-04-26 08:07:00+00,,,43.381817904385656,50.003635753284804,2.9782333175341287
2026-04-26 08:08:00+00,,,43.44545399058949,50.00777816772461,3.02969089421359
2026-04-26 08:09:00+00,,,43.59166685740153,49.97916603088379,3.0855249762535095
2026-04-26 08:10:00+00,,,43.808332761128746,50.015555487738716,3.14014999071757
2026-04-26 08:11:00+00,,,41.666666984558105,50.000000346790664,3.1750166614850364
2026-04-26 08:12:00+00,,,42.75454607876864,50.0033336215549,3.1980090791528877
2026-04-26 08:13:00+00,,,44.024999936421715,50.02500025431315,3.2499666611353555
2026-04-26 08:14:00+00,,,44.04545454545455,50.00083351135254,3.30771666765213
2026-04-26 08:15:00+00,,,44,50.00916703542074,3.362975001335144
2026-04-26 08:16:00+00,,,42.68181818181818,50.00599975585938,3.40779092095115
2026-04-26 08:17:00+00,,,42.27500057220459,50.00545467029918,3.433566689491272
2026-04-26 08:18:00+00,,,43.12727286598899,49.98833401997884,3.4649333159128823
2026-04-26 08:19:00+00,,,44.20999984741211,50.0091667175293,3.5174166758855185
2026-04-26 08:20:00+00,,,43.73333326975504,50.00181857022372,3.57260000705719
2026-04-26 08:21:00+00,,,41.659999465942384,50.00900001525879,3.596554539420388
2026-04-26 08:22:00+00,,,41.7583335240682,49.99727283824574,3.6098833084106445
2026-04-26 08:23:00+00,,,41.77500025431315,50.02333323160807,3.6247416933377585
2026-04-26 08:24:00+00,,,44.649999936421715,50.01363684914329,3.6628250082333884
2026-04-26 08:25:00+00,,,43.599999861283735,50.017272602428086,3.7138999899228415
2026-04-26 08:26:00+00,,,42.94545503096147,50.02400016784668,3.744981809095903
2026-04-26 08:27:00+00,,,43.28333377838135,50.007272546941586,3.7752250035603843
2026-04-26 08:28:00+00,,,43.11666679382324,50.00636395541105,3.808508316675822
2026-04-26 08:29:00+00,,,42.4545451077548,49.98000058260831,3.8402000665664673
2026-04-26 08:30:00+00,,,42.154545523903586,50.00666650136312,3.8589499990145364
2026-04-26 08:31:00+00,,,42.118182095614344,50.0137505531311,3.8755272951993076
2026-04-26 08:32:00+00,,,45.01000061035156,49.98499946594238,3.920216659704844
2026-04-26 08:33:00+00,,,45.48181811246005,50.007272546941586,3.9837083419164023
2026-04-26 08:34:00+00,,,45.300000508626304,50,4.0436833302179975
2026-04-26 08:35:00+00,,,45.2999996609158,50.01111136542426,4.101718209006569
2026-04-26 08:36:00+00,,,45.3833335240682,49.986666997273765,4.1597416798273725
2026-04-26 08:37:00+00,,,45.50999984741211,50.01181827891957,4.223816633224487
2026-04-26 08:38:00+00,,,45.81666628519694,49.971666971842446,4.286391695340474
2026-04-26 08:39:00+00,,,45.524999936421715,50.00300064086914,4.347716609636943
2026-04-26 08:40:00+00,,,45.93333307902018,49.98000023581765,4.406918222253973
2026-04-26 08:41:00+00,,,45.72000007629394,49.96999994913737,4.466475009918213
2026-04-26 08:42:00+00,,,45.583333015441895,49.9908332824707,4.53297499815623
2026-04-26 08:43:00+00,,,45.60909097844904,49.99666659037272,4.5960084199905396
2026-04-26 08:44:00+00,,,45.7,49.986666679382324,4.659049948056539
2026-04-26 08:45:00+00,,,46.02222188313802,50.02333323160807,4.719172737815163
2026-04-26 08:46:00+00,,,46.07000045776367,49.97583325703939,4.780308326085408
2026-04-26 08:47:00+00,,,46.04166634877523,50.0009089383212,4.848416646321614
2026-04-26 08:48:00+00,,,45.95999984741211,50.015000343322754,4.912500023841858
2026-04-26 08:49:00+00,,,46.12727251919833,50.01166693369547,4.976375023523967
2026-04-26 08:50:00+00,,,45.581817626953125,49.98099937438965,5.036363688382235
2026-04-26 08:51:00+00,,,44.40833346048991,50.026364066384055,5.072991689046224
2026-04-26 08:52:00+00,,,43.833333333333336,50.00333340962728,5.101558367411296
2026-04-26 08:53:00+00,,,44.05000019073486,50.010834058125816,5.12885828812917
2026-04-26 08:54:00+00,,,44.16999969482422,50.00499954223633,5.155099998820912
2026-04-26 08:55:00+00,,,45.46363657171076,49.99454532970082,5.1885749499003095
2026-04-26 08:56:00+00,,,46.416666666666664,50.0108331044515,5.2543333768844604
2026-04-26 08:57:00+00,,,46.36363671042702,50.005455017089844,5.322391668955485
2026-04-26 08:58:00+00,,,45.25833320617676,49.97333314683702,5.375391681989034
2026-04-26 08:59:00+00,,,45.163636294278234,49.999999653209336,5.4114909605546435
2026-04-26 09:00:00+00,,,45.70000006935813,49.99636389992454,5.447558403015137
2026-04-26 09:01:00+00,,,46.62499968210856,50.02900009155273,5.488508343696594
2026-04-26 09:02:00+00,,,46.72500038146973,49.99500007629395,5.52845827738444
2026-04-26 09:03:00+00,,,47.8909086747603,49.99454567649148,5.586927283893932
2026-04-26 09:04:00+00,,,47.94166660308838,50.005000305175784,5.652758280436198
2026-04-26 09:05:00+00,,,47.83333269755045,49.99333381652832,5.721450050671895
2026-04-26 09:06:00+00,,,47.89166673024496,50.0016663869222,5.79550830523173
2026-04-26 09:07:00+00,,,48.318181471391156,50.01166693369547,5.8647249937057495
2026-04-26 09:08:00+00,,,47.26666673024496,49.9908332824707,5.930766701698303
2026-04-26 09:09:00+00,,,44.927272449840196,49.98181811246005,5.9609363295815205
2026-04-26 09:10:00+00,,,45.03999977111816,49.994166692097984,5.9822083711624146
2026-04-26 09:11:00+00,,,45.5,49.99666690826416,6.005249977111816
2026-04-26 09:12:00+00,,,47.77500025431315,50,6.042333364486694
2026-04-26 09:13:00+00,,,48.81818181818182,50.018999862670896,6.10908183184537
2026-04-26 09:14:00+00,,,48.574999491373696,50.024545496160336,6.177033305168152
2026-04-26 09:15:00+00,,,48.818181471391156,49.97600059509277,6.251524964968364
2026-04-26 09:16:00+00,,,48.67499955495199,50.02999981966886,6.326158364613851
2026-04-26 09:17:00+00,,,48.790909160267226,49.9918178211559,6.398208260536194
2026-04-26 09:18:00+00,,,48.1555553012424,50.01400032043457,6.465036348863081
2026-04-26 09:19:00+00,,,46.709090839732774,49.99583339691162,6.505708336830139
2026-04-26 09:20:00+00,,,46.86363567005504,50.024999936421715,6.542516668637593
2026-04-26 09:21:00+00,,,46.733333587646484,49.97200012207031,6.57776665687561
2026-04-26 09:22:00+00,,,48.430000686645506,49.99799995422363,6.621245384216309
2026-04-26 09:23:00+00,,,49.08333365122477,49.98666636149088,6.689733386039734
2026-04-26 09:24:00+00,,,49.20000012715658,50.0091667175293,6.762883385022481
2026-04-26 09:25:00+00,,,46.34166622161865,50.003333727518715,6.8168667157491045
2026-04-26 09:26:00+00,,,46.172727064652875,50.02666632334391,6.843249956766765
2026-04-26 09:27:00+00,,,48.833333015441895,50.0069995880127,6.887733340263367
2026-04-26 09:28:00+00,,,49.070000076293944,49.99799995422363,6.958272630518133
2026-04-26 09:29:00+00,,,49.23333295186361,49.969999833540484,7.030999978383382
2026-04-26 09:30:00+00,,,49.20909118652344,50.02090904929421,7.109708388646443
2026-04-26 09:31:00+00,,,49.48333326975504,50.01916662851969,7.1835416952768965
2026-04-26 09:32:00+00,,,49.427272449840196,49.97599983215332,7.254518162120473
2026-04-26 09:33:00+00,,,49.52500025431315,49.98272705078125,7.3259250720342
2026-04-26 09:34:00+00,,,49.78333346048991,50.01454544067383,7.404583255449931
2026-04-26 09:35:00+00,,,49.916666666666664,50.014545093883164,7.483399987220764
2026-04-26 09:36:00+00,,,48.081818320534445,49.988999938964845,7.545745459469882
2026-04-26 09:37:00+00,,,46.630000305175784,49.98399963378906,7.574175039927165
2026-04-26 09:38:00+00,,,46.56666692097982,50.022500356038414,7.6016000509262085
2026-04-26 09:39:00+00,,,46.87000007629395,50.02363655783913,7.631374994913737
2026-04-26 09:40:00+00,,,46.833333333333336,49.96999994913737,7.65951665242513
2026-04-26 09:41:00+00,,,49.14166673024496,49.99545461481268,7.6994666655858355
2026-04-26 09:42:00+00,,,50.39000015258789,49.99454532970082,7.7710817943919785
2026-04-26 09:43:00+00,,,50.05833307902018,49.993332862854004,7.845374981562297
2026-04-26 09:44:00+00,,,47.92499987284342,49.99500052134196,7.915366609891255
2026-04-26 09:45:00+00,,,46.46363657171076,50.00363610007546,7.93940003712972
2026-04-26 09:46:00+00,,,46.709090839732774,50.0129997253418,7.960390957919034
2026-04-26 09:47:00+00,,,46.88333384195963,50.00636395541105,7.98164165019989
2026-04-26 09:48:00+00,,,49.274999936421715,49.9800001780192,8.022908329963684
2026-04-26 09:49:00+00,,,50.70833269755045,50.01666673024496,8.10468331972758
2026-04-26 09:50:00+00,,,50.34166653951009,50.00545432350852,8.18280839920044
2026-04-26 09:51:00+00,,,50.53636342828924,50.017273296009414,8.25811819596724
2026-04-26 09:52:00+00,,,48.96666685740153,50.01000005548651,8.320158322652182
2026-04-26 09:53:00+00,,,48.60833295186361,49.999999576144745,8.36685840288798
2026-04-26 09:54:00+00,,,48.858333587646484,49.96833356221517,8.413925011952719
2026-04-26 09:55:00+00,,,50.59999974568685,50.0083335240682,8.479599873224894
2026-04-26 09:56:00+00,,,50.77272761951793,50.007273240522906,8.555427377874201
2026-04-26 09:57:00+00,,,50.40909125588157,50.005833307902016,8.631325006484985
2026-04-26 09:58:00+00,,,48.17499987284342,50.00250053405762,8.70021684964498
2026-04-26 09:59:00+00,,,47.75000031789144,50.00666650136312,8.724166870117188
2026-04-26 10:00:00+00,,,51.35000038146973,49.986000061035156,8.786045507951217
2026-04-26 10:01:00+00,,,51.57500012715658,49.986999893188475,8.863458315531412
2026-04-26 10:02:00+00,,,51.66666603088379,49.9891668955485,8.943808396657309
2026-04-26 10:03:00+00,,,47.90833346048991,49.97333335876465,9.002708276112875
2026-04-26 10:04:00+00,,,47.29090881347656,49.98636384443803,9.020816802978516
2026-04-26 10:05:00+00,,,47.75454538518732,50.01400032043457,9.038254391063344
2026-04-26 10:06:00+00,,,47.79090950705788,49.997499783833824,9.055641571680704
2026-04-26 10:07:00+00,,,47.990000534057614,49.99583371480306,9.073950131734213
2026-04-26 10:08:00+00,,,51.916666666666664,49.99818142977628,9.122425079345703
2026-04-26 10:09:00+00,,,52.32727258855646,50.00666618347168,9.20395835240682
2026-04-26 10:10:00+00,,,48.15454517711293,49.981000137329104,9.253154581243342
2026-04-26 10:11:00+00,,,48.290909160267226,50.01166693369547,9.275099992752075
2026-04-26 10:12:00+00,,,48.416666666666664,49.99750010172526,9.29883337020874
2026-04-26 10:13:00+00,,,48.45833396911621,49.991000747680665,9.323099931081137
2026-04-26 10:14:00+00,,,48.309090701016515,49.98555543687608,9.345236344770951
2026-04-26 10:15:00+00,,,49.34000015258789,49.989166577657066,9.378524939219156
2026-04-26 10:16:00+00,,,48.39999961853027,49.965454448353164,9.405816634496054
2026-04-26 10:17:00+00,,,48.80833307902018,50.00181822343306,9.434525092442831
2026-04-26 10:18:00+00,,,50.01666704813639,50.0091667175293,9.466333389282227
2026-04-26 10:19:00+00,,,49.5363637750799,50.0060001373291,9.51189101826061
2026-04-26 10:20:00+00,,,50.675000508626304,49.996665954589844,9.554474910100302
2026-04-26 10:21:00+00,,,49.70833269755045,49.99666690826416,9.602058410644531
2026-04-26 10:22:00+00,,,49.77500025431315,49.9990910616788,9.645100037256876
2026-04-26 10:23:00+00,,,49.60833295186361,49.99636320634322,9.685974995295206
2026-04-26 10:24:00+00,,,50.1,50.01454578746449,9.72469087080522
2026-04-26 10:25:00+00,,,52.181818528608844,49.99499956766764,9.78392505645752
2026-04-26 10:26:00+00,,,51.94999961853027,50.02500057220459,9.866941610972086
2026-04-26 10:27:00+00,,,50.399999936421715,50.00083351135254,9.922249952952066
2026-04-26 10:28:00+00,,,50.21666717529297,50.00416660308838,9.966091712315878
2026-04-26 10:29:00+00,,,50.400000138716265,49.978182012384586,10.008127212524414
2026-04-26 10:30:00+00,,,51.350000063578285,50.01583353678385,10.054816643397013
2026-04-26 10:31:00+00,,,49.92499987284342,49.9939998626709,10.114874998728434
2026-04-26 10:32:00+00,,,49.416666666666664,50.013635808771305,10.149016698201498
2026-04-26 10:33:00+00,,,49.55000038146973,50.02200050354004,10.179918202486904
2026-04-26 10:34:00+00,,,49.4916664759318,49.974166552225746,10.210441668828329
2026-04-26 10:35:00+00,,,52.31666628519694,49.99909036809748,10.259533405303955
2026-04-26 10:36:00+00,,,53.03333314259847,49.98749987284342,10.348850011825562
2026-04-26 10:37:00+00,,,51.95,49.97083314259847,10.433450063069662
2026-04-26 10:38:00+00,,,50.48000030517578,50.00555504692925,10.481091065840287
2026-04-26 10:39:00+00,,,50.2416664759318,50.00454538518732,10.52228331565857
2026-04-26 10:40:00+00,,,50.790909160267226,50.01818223433061,10.565716663996378
2026-04-26 10:41:00+00,,,53.1166664759318,49.99166679382324,10.63914155960083
2026-04-26 10:42:00+00,,,53.17499987284342,49.98666636149088,10.727608362833658
2026-04-26 10:43:00+00,,,53.02222188313802,49.9819995880127,10.810245340520686
2026-04-26 10:44:00+00,,,50.63636328957298,49.99500007629395,10.868691523869833
2026-04-26 10:45:00+00,,,50.71666717529297,50.00999984741211,10.911075274149576
2026-04-26 10:46:00+00,,,51.79999987284342,49.99916648864746,10.962825139363607
2026-04-26 10:47:00+00,,,53.427272449840196,49.99818177656694,11.045916636784872
2026-04-26 10:48:00+00,,,53.40909090909091,49.98181845925071,11.129863565618342
2026-04-26 10:49:00+00,,,53.34166717529297,50.03363626653498,11.21399998664856
2026-04-26 10:50:00+00,,,52.49999968210856,50.004167238871254,11.301966746648153
2026-04-26 10:51:00+00,,,51.14166704813639,49.98454527421431,11.365216573079428
2026-04-26 10:52:00+00,,,51.39000053405762,50.008000183105466,11.414709004488858
2026-04-26 10:53:00+00,,,52.97777811686198,50.00500043233236,11.469849904378256
2026-04-26 10:54:00+00,,,53.30000019073486,50,11.554666837056478
2026-04-26 10:55:00+00,,,53.81666628519694,50.004167238871254,11.646866718928019
2026-04-26 10:56:00+00,,,53.39166673024496,49.992727453058414,11.739691654841105
2026-04-26 10:57:00+00,,,53.71999969482422,49.98399963378906,11.824499997225674
2026-04-26 10:58:00+00,,,53.509091117165305,49.99583339691162,11.909591515858969
2026-04-26 10:59:00+00,,,53.600000063578285,50.008000183105466,11.998824914296469
2026-04-26 11:00:00+00,,,53.95,49.99272710626776,12.089381738142533
2026-04-26 11:01:00+00,,,54.262500286102295,50.023749351501465,0.07033749995753169
2026-04-26 11:02:00+00,,,53.59999974568685,50.017272602428086,0.1449916666994492
2026-04-26 11:03:00+00,,,53.17500019073486,50.00599975585938,0.2310833347340425
2026-04-26 11:04:00+00,,,51.80833339691162,50.00599975585938,0.28564999997615814
2026-04-26 11:05:00+00,,,51.29999955495199,49.96833324432373,0.3302916685740153
2026-04-26 11:06:00+00,,,51.68999977111817,49.98636384443803,0.3716909072615884
2026-04-26 11:07:00+00,,,51.37272678722035,50.00200004577637,0.4129749983549118
2026-04-26 11:08:00+00,,,53.02500025431315,50.0033327738444,0.467458335061868
2026-04-26 11:09:00+00,,,53.972727342085406,49.99666690826416,0.5612416615088781
2026-04-26 11:10:00+00,,,54.31666660308838,50.00166702270508,0.651458332935969
2026-04-26 11:11:00+00,,,54.36000022888184,49.99727283824574,0.7367000092159618
2026-04-26 11:12:00+00,,,51.24166711171468,49.978182012384586,0.8040249943733215
2026-04-26 11:13:00+00,,,50.34545412930575,49.99166679382324,0.8336583326260248
2026-04-26 11:14:00+00,,,50.5,50.00166670481364,0.8642249951759974
2026-04-26 11:15:00+00,,,50.125,50.00099983215332,0.8926249990860621
2026-04-26 11:16:00+00,,,52.30999946594238,49.993333180745445,0.9267818169160322
2026-04-26 11:17:00+00,,,50.1333335240682,50.01727225563743,0.9701249996821085
2026-04-26 11:18:00+00,,,50.141666412353516,50.00583362579346,0.9944166640440623
2026-04-26 11:19:00+00,,,54.04999987284342,50.01416619618734,1.0558999975522358
2026-04-26 11:20:00+00,,,54.40000048550692,49.996999740600586,1.1426090869036587
2026-04-26 11:21:00+00,,,52.875,49.98818172108043,1.2190083265304565
2026-04-26 11:22:00+00,,,51.84000015258789,49.98999938964844,1.2695250014464061
2026-04-26 11:23:00+00,,,51.666666984558105,50.01749960581461,1.3203083276748657
2026-04-26 11:24:00+00,,,52.14166704813639,49.99250030517578,1.3708250025908153
2026-04-26 11:25:00+00,,,52.45555538601346,50.00090928511186,1.4187909147956155
2026-04-26 11:26:00+00,,,51.12499968210856,49.990000089009605,1.4726333419481914
2026-04-26 11:27:00+00,,,50.88333257039388,49.99545461481268,1.5012583434581757
2026-04-26 11:28:00+00,,,50.52727369828658,50.014166831970215,1.5311833322048187
2026-04-26 11:29:00+00,,,52.56666628519694,50.01199951171875,1.5664833287398021
2026-04-26 11:30:00+00,,,54.72727272727273,50.0018178766424,1.6457545323805376
2026-04-26 11:31:00+00,,,54.583333015441895,49.98181811246005,1.7331416706244152
2026-04-26 11:32:00+00,,,54.72500038146973,49.99727249145508,1.8242666622002919
2026-04-26 11:33:00+00,,,54.62727321277965,49.987272782759234,1.9219000041484833
2026-04-26 11:34:00+00,,,54.65833346048991,50.00333340962728,2.0139666497707367
2026-04-26 11:35:00+00,,,54.854545246471055,49.98363633589311,2.102318200198087
2026-04-26 11:36:00+00,,,54.90833314259847,50.00499954223633,2.1902833183606467
2026-04-26 11:37:00+00,,,51.00909077037465,50.00400047302246,2.2560916741689048
2026-04-26 11:38:00+00,,,51.063636086203836,49.9883337020874,2.2844333251317344
2026-04-26 11:39:00+00,,,54.845454476096414,50.00363610007546,2.35569091276689
2026-04-26 11:40:00+00,,,53.84166685740153,49.97799949645996,2.441558321317037
2026-04-26 11:41:00+00,,,50.45833365122477,50.010833422342934,2.486416677633921
2026-04-26 11:42:00+00,,,50.76666673024496,50.02916653951009,2.510675013065338
2026-04-26 11:43:00+00,,,54.391666412353516,49.98090848055753,2.5671249826749167
2026-04-26 11:44:00+00,,,54.79999958385121,50.007272546941586,2.6598833203315735
2026-04-26 11:45:00+00,,,54.63333384195963,49.994000625610354,2.7482727657664907
2026-04-26 11:46:00+00,,,54.59166653951009,50.00499992370605,2.8366166750590005
2026-04-26 11:47:00+00,,,54.96666622161865,49.987999725341794,2.9335416158040366
2026-04-26 11:48:00+00,,,54.84166685740153,49.99272710626776,3.0297083258628845
2026-04-26 11:49:00+00,,,54.94545433738015,49.9966663784451,3.1179909272627397
2026-04-26 11:50:00+00,,,54.71666653951009,50.01999976418235,3.206391672293345
2026-04-26 11:51:00+00,,,54.899999936421715,49.98399963378906,3.299316664536794
2026-04-26 11:52:00+00,,,55.12000045776367,50.01583321889242,3.397925019264221
2026-04-26 11:53:00+00,,,54.70000006935813,50.00099983215332,3.4922333359718323
2026-04-26 11:54:00+00,,,54.733333587646484,49.99454567649148,3.5806545561010186
2026-04-26 11:55:00+00,,,55.33333365122477,50.012727217240766,3.669700026512146
2026-04-26 11:56:00+00,,,54.900000138716265,50.03699989318848,3.76209165652593
2026-04-26 11:57:00+00,,,55.083333333333336,50.0009089383212,3.8625416358311973
2026-04-26 11:58:00+00,,,54.154545523903586,49.98499984741211,3.950299999930642
2026-04-26 11:59:00+00,,,51.027272657914594,50.00909077037465,3.9981083273887634
2026-04-26 12:00:00+00,,,51.01818154074929,49.988182067871094,4.030558347702026
2026-04-26 12:01:00+00,,,51.07272685657848,50.02416674296061,4.063641667366028
2026-04-26 12:02:00+00,,,54.50000031789144,49.97181875055487,4.124983310699463
2026-04-26 12:03:00+00,,,55.01818188753995,50.0069995880127,4.21228179064664
2026-04-26 12:04:00+00,,,54.64166577657064,50.020000804554336,4.3007166385650635
2026-04-26 12:05:00+00,,,55.399999936421715,49.974545912309125,4.393008271853129
2026-04-26 12:06:00+00,,,54.71999969482422,50.00749969482422,4.489516695340474
2026-04-26 12:07:00+00,,,55.1333335240682,49.98749987284342,4.584333260854085
2026-04-26 12:08:00+00,,,55.236363497647375,49.986363497647375,4.673363642259077
2026-04-26 12:09:00+00,,,55.21000022888184,49.98454562100497,4.762033303578694
2026-04-26 12:10:00+00,,,55.1363639831543,50.00833384195963,4.854891697565715
2026-04-26 12:11:00+00,,,55.14999961853027,49.988332748413086,4.9531833330790205
2026-04-26 12:12:00+00,,,54.82727258855646,49.99444495307075,5.0471333265304565
2026-04-26 12:13:00+00,,,54.75,49.98999955919054,5.1352363499728115
2026-04-26 12:14:00+00,,,54.92500019073486,49.98833306630453,5.223641673723857
2026-04-26 12:15:00+00,,,52.1333335240682,49.975000063578285,5.300216635068257
2026-04-26 12:16:00+00,,,51.04999961853027,49.975833892822266,5.334100008010864
2026-04-26 12:17:00+00,,,50.77000007629395,49.996363553133875,5.361681808124889
2026-04-26 12:18:00+00,,,51.274999936421715,49.979166666666664,5.389683326085408
2026-04-26 12:19:00+00,,,52.87272748080167,50.0263637195934,5.437549948692322
2026-04-26 12:20:00+00,,,53.60000038146973,50.014166514078774,5.4983333349227905
2026-04-26 12:21:00+00,,,54.69999972256747,49.999167124430336,5.590758363405864
2026-04-26 12:22:00+00,,,55.29000053405762,49.979091297496446,5.679954615506259
2026-04-26 12:23:00+00,,,52.1799991607666,50.0091667175293,5.745024998982747
2026-04-26 12:24:00+00,,,52.97272768887606,49.98666636149088,5.793750007947286
2026-04-26 12:25:00+00,,,52.725000063578285,49.990909576416016,5.844633301099141
2026-04-26 12:26:00+00,,,52.49999968210856,50.01111136542426,5.895541628201802
2026-04-26 12:27:00+00,,,52.43636356700551,49.97599983215332,5.942554560574618
2026-04-26 12:28:00+00,,,52.28181838989258,50.00363610007546,5.989833315213521
2026-04-26 12:29:00+00,,,52.35000038146973,49.98999994451349,6.039325038592021
2026-04-26 12:30:00+00,,,52.34999974568685,50.015999984741214,6.091425021489461
2026-04-26 12:31:00+00,,,53.52499961853027,49.961818348277696,6.145041664441426
2026-04-26 12:32:00+00,,,54.86363671042702,50.01454544067383,6.224672664295543
2026-04-26 12:33:00+00,,,54.75833320617676,50.0008331934611,6.312849998474121
2026-04-26 12:34:00+00,,,55.15,50.01666704813639,6.404575030008952
2026-04-26 12:35:00+00,,,51.175000508626304,49.98818172108043,6.473216613133748
2026-04-26 12:36:00+00,,,50.579999923706055,50.00090928511186,6.497518149289218
2026-04-26 12:37:00+00,,,50.181818528608844,49.97666708628336,6.521183292071025
2026-04-26 12:38:00+00,,,52.449999491373696,50.00545467029918,6.550358335177104
2026-04-26 12:39:00+00,,,54.97000007629394,50.01249980926514,6.629524985949199
2026-04-26 12:40:00+00,,,53.06363643299449,49.98600044250488,6.716399947802226
2026-04-26 12:41:00+00,,,52.319999313354494,49.96636373346502,6.761827252127907
2026-04-26 12:42:00+00,,,52.18181783502752,49.99636320634322,6.805075009663899
2026-04-26 12:43:00+00,,,52.291666666666664,49.98333295186361,6.850316683451335
2026-04-26 12:44:00+00,,,52.19999980926514,50.00416692097982,6.89662500222524
2026-04-26 12:45:00+00,,,54.22500069936117,49.99454532970082,6.963099956512451
2026-04-26 12:46:00+00,,,54.8444446987576,50.021999740600585,7.050490856170654
2026-04-26 12:47:00+00,,,54.86666711171468,50.0081821788441,7.138033310572307
2026-04-26 12:48:00+00,,,54.75999984741211,49.985833168029785,7.2295083204905195
2026-04-26 12:49:00+00,,,54.90833346048991,49.9975004196167,7.324316700299581
2026-04-26 12:50:00+00,,,54.679999923706056,50.02000011097301,7.416500004855069
2026-04-26 12:51:00+00,,,52.649999936421715,50.009999910990395,7.494008302688599
2026-04-26 12:52:00+00,,,50.3545448996804,50.006666819254555,7.52376663684845
2026-04-26 12:53:00+00,,,50.3636360168457,50,7.547433376312256
2026-04-26 12:54:00+00,,,53.041666666666664,49.99299964904785,7.612474997838338
2026-04-26 12:55:00+00,,,50.881818597966976,50.003000259399414,7.652081879702481
2026-04-26 12:56:00+00,,,50.916666984558105,50.00833288828532,7.681866645812988
2026-04-26 12:57:00+00,,,51.05454566261985,50.00099983215332,7.712941606839498
2026-04-26 12:58:00+00,,,51.92499987284342,50.00083382924398,7.746591726938884
2026-04-26 12:59:00+00,,,50.74166679382324,49.99583339691162,7.7983083327611284
2026-04-26 13:00:00+00,,,51.65454517711293,50.00400009155273,7.830563675273549
2026-04-26 13:01:00+00,,,54.35,49.99090922962535,7.90334169069926
2026-04-26 13:02:00+00,,,53.958333333333336,49.989166577657066,7.992766658465068
2026-04-26 13:03:00+00,,,54.016666412353516,49.992727453058414,8.083841721216837
2026-04-26 13:04:00+00,,,54.39090902155096,50.009999910990395,8.17788322766622
2026-04-26 13:05:00+00,,,53.44444444444444,50.01300048828125,8.262690890919078
2026-04-26 13:06:00+00,,,49.64999961853027,49.986364191228695,8.305025100708008
2026-04-26 13:07:00+00,,,51.77272761951793,49.999167124430336,8.331858317057291
2026-04-26 13:08:00+00,,,54.26666683620877,49.9890910061923,8.413933277130127
2026-04-26 13:09:00+00,,,54.04545454545455,49.98099937438965,8.502500013871627
2026-04-26 13:10:00+00,,,54.29166571299235,50.00750001271566,8.58733336130778
2026-04-26 13:11:00+00,,,53.875,49.99454567649148,8.675866683324179
2026-04-26 13:12:00+00,,,54.26363615556197,49.98166688283285,8.763649861017862
2026-04-26 13:13:00+00,,,54.40833314259847,49.98583380381266,8.858491659164429
2026-04-26 13:14:00+00,,,52.1,49.99375009536743,8.93339998071844
2026-04-26 13:15:00+00,,,50.70000006935813,49.96818161010742,8.970441659291586
2026-04-26 13:16:00+00,,,52.1333335240682,49.983333587646484,9.010399977366129
2026-04-26 13:17:00+00,,,53.73636315085671,50.00500011444092,9.089158376057943
2026-04-26 13:18:00+00,,,53.80833371480306,50.02250003814697,9.18280831972758
2026-04-26 13:19:00+00,,,51.07272789695046,49.99818177656694,9.241781841624867
2026-04-26 13:20:00+00,,,51.25833288828532,49.98749987284342,9.284125010172525
2026-04-26 13:21:00+00,,,53.309091394597836,49.98909065940163,9.339433193206787
2026-04-26 13:22:00+00,,,53.970000457763675,50.01333363850912,9.428133249282837
2026-04-26 13:23:00+00,,,53.875,49.982727397571914,9.520750125249227
2026-04-26 13:24:00+00,,,53.54545419866388,50.00363679365678,9.604527386752041
2026-04-26 13:25:00+00,,,54.03333314259847,49.975833574930824,9.687983194986979
2026-04-26 13:26:00+00,,,54.20000006935813,50.014545093883164,9.77584171295166
2026-04-26 13:27:00+00,,,51.55454531582919,50.00083382924398,9.85170841217041
2026-04-26 13:28:00+00,,,49.81000022888183,49.991818167946555,9.886772762645375
2026-04-26 13:29:00+00,,,50.31666628519694,49.98083337148031,9.918183326721191
2026-04-26 13:30:00+00,,,50.45833269755045,49.978333473205566,9.950916608174643
2026-04-26 13:31:00+00,,,51.25833320617676,49.99999968210856,9.985666672388712
2026-04-26 13:32:00+00,,,53.400000138716265,49.952222188313804,10.062027237632059
2026-04-26 13:33:00+00,,,53.87272748080167,50.03583367665609,10.14579995473226
2026-04-26 13:34:00+00,,,53.47500038146973,50.01818154074929,10.231566667556763
2026-04-26 13:35:00+00,,,53.65000057220459,50.00999959309896,10.318125009536743
2026-04-26 13:36:00+00,,,53.49166711171468,50.02416674296061,10.40571665763855
2026-04-26 13:37:00+00,,,51.79166634877523,50.00363610007546,10.478816747665405
2026-04-26 13:38:00+00,,,51.433333502875435,50.0109089938077,10.528190786188299
2026-04-26 13:39:00+00,,,53.80000027743253,49.99166679382324,10.591041564941406
2026-04-26 13:40:00+00,,,51.27272761951793,50.00416660308838,10.66795833905538
2026-04-26 13:41:00+00,,,50.15833282470703,50.00363679365678,10.697733243306478
2026-04-26 13:42:00+00,,,49.67777803209093,49.97636413574219,10.743618098172275
2026-04-26 13:43:00+00,,,52.02727300470526,49.960909063165836,10.783733367919922
2026-04-26 13:44:00+00,,,53.17272741144354,50.0083335240682,10.866175015767416
2026-04-26 13:45:00+00,,,53.21666717529297,49.979000091552734,10.950816710789999
2026-04-26 13:46:00+00,,,53.12727251919833,49.982727397571914,11.04056684176127
2026-04-26 13:47:00+00,,,51.31818181818182,50.005000305175784,11.114954601634633
2026-04-26 13:48:00+00,,,49.40000025431315,49.98818137428977,11.146649996439615
2026-04-26 13:49:00+00,,,51.61818105524237,50.002500216166176,11.189416726430258
2026-04-26 13:50:00+00,,,49.47499942779541,49.98454527421431,11.237208286921183
2026-04-26 13:51:00+00,,,49.37999992370605,49.982726703990586,11.265881711786443
2026-04-26 13:52:00+00,,,49.56666660308838,49.99833329518636,11.292308410008749
2026-04-26 13:53:00+00,,,49.64166673024496,50.03249994913737,11.319966554641724
2026-04-26 13:54:00+00,,,51.53333346048991,49.98083368937174,11.358250061670939
2026-04-26 13:55:00+00,,,50.96666653951009,50.01222229003906,11.420158465703329
2026-04-26 13:56:00+00,,,50.68333307902018,50.00090859153054,11.466391642888388
2026-04-26 13:57:00+00,,,50.78000030517578,50.02272727272727,11.507490938360041
2026-04-26 13:58:00+00,,,51.608333587646484,49.9966672261556,11.554666678110758
2026-04-26 13:59:00+00,,,53.32000045776367,50.00333309173584,11.635183254877726
2026-04-26 14:00:00+00,,,50.000000346790664,50.00083351135254,11.703699986139933
2026-04-26 14:01:00+00,,,49.03636342828924,50.023636211048476,11.736400084062057
2026-04-26 14:02:00+00,,,48.80833307902018,50.013333320617676,11.766133308410645
2026-04-26 14:03:00+00,,,48.88333320617676,49.97818166559393,11.797274986902872
2026-04-26 14:04:00+00,,,50.100000063578285,50,11.833508412043253
2026-04-26 14:05:00+00,,,50.65833250681559,50.042000198364256,11.904000043869019
2026-04-26 14:06:00+00,,,49.33333375718858,49.96999994913737,11.947163581848145
2026-04-26 14:07:00+00,,,49.154545523903586,49.994544982910156,11.981833378473917
2026-04-26 14:08:00+00,,,48.98333326975504,49.98666636149088,12.018099943796793
2026-04-26 14:09:00+00,,,50.254545731977984,50.00454538518732,12.059083382288614
2026-04-26 14:10:00+00,,,51.64000015258789,49.99090922962535,12.13443626057018
2026-04-26 14:11:00+00,,,51.750000953674316,50.02583312988281,12.213366746902466
2026-04-26 14:12:00+00,,,49.8833335240682,50.00750001271566,12.284166733423868
2026-04-26 14:13:00+00,,,49.00833320617676,49.98727243596857,12.32082486152649
2026-04-26 14:14:00+00,,,48.64545440673828,49.99666690826416,12.354416449864706
2026-04-26 14:15:00+00,,,48.84545412930575,50.00916735331217,12.390474955240885
2026-04-26 14:16:00+00,,,49.73636315085671,49.982727397571914,12.42475448955189
2026-04-26 14:17:00+00,,,51.6454551003196,50.01916631062826,12.491233348846436
2026-04-26 14:18:00+00,,,51.78181838989258,50.00899963378906,12.57028325398763
2026-04-26 14:19:00+00,,,51.70833365122477,50.00750001271566,12.651249965031942
2026-04-26 14:20:00+00,,,51.39090936834162,49.99090922962535,12.732181809165262
2026-04-26 14:21:00+00,,,51.291666666666664,50.000000635782875,12.807958285013834
2026-04-26 14:22:00+00,,,51.583333333333336,50.010000228881836,12.886908213297525
2026-04-26 14:23:00+00,,,51.64166736602783,49.96583271026611,12.965291659037272
2026-04-26 14:24:00+00,,,51.0363637750799,49.99250030517578,13.04628332455953
2026-04-26 14:25:00+00,,,51.381817904385656,50.01000005548651,13.12406366521662
2026-04-26 14:26:00+00,,,51.26363615556197,49.994166692097984,13.198516845703125
2026-04-26 14:27:00+00,,,51.20000012715658,50.0091667175293,13.275799910227457
2026-04-26 14:28:00+00,,,51.418181679465555,50.01000061035156,13.35379163424174
2026-04-26 14:29:00+00,,,51.68181818181818,50.002000427246095,13.4331091967496
2026-04-26 14:30:00+00,,,51.24545461481268,50.019999504089355,13.509041786193848
2026-04-26 14:31:00+00,,,51.37499968210856,50.020909396084875,13.586550076802572
2026-04-26 14:32:00+00,,,50.541666666666664,49.97000018033114,13.663216590881348
2026-04-26 14:33:00+00,,,51.18333307902018,49.99499988555908,13.740041732788086
2026-04-26 14:34:00+00,,,50.854545246471055,49.9890910061923,13.820099830627441
2026-04-26 14:35:00+00,,,51.07499980926514,49.992727453058414,13.893666585286459
2026-04-26 14:36:00+00,,,47.44166660308838,50.02363655783913,13.94522500038147
2026-04-26 14:37:00+00,,,47.01999969482422,50,13.967166582743326
2026-04-26 14:38:00+00,,,47.100000063578285,50.00599975585938,13.989650011062622
2026-04-26 14:39:00+00,,,48.509091117165305,49.99818142977628,14.027200005271219
2026-04-26 14:40:00+00,,,47.01666673024496,50.01636401089755,14.048350016276041
2026-04-26 14:41:00+00,,,46.87500031789144,49.991818167946555,14.06779170036316
2026-04-26 14:42:00+00,,,47.527272657914594,49.99499956766764,14.087699969609579
2026-04-26 14:43:00+00,,,50.80999946594238,50.030000898573135,14.140927228060635
2026-04-26 14:44:00+00,,,50.30000019073486,50.00727220015092,14.217433452606201
2026-04-26 14:45:00+00,,,50.30000019073486,49.99750010172526,14.292583465576172
2026-04-26 14:46:00+00,,,50.30000019073486,49.99083391825358,14.366783380508423
2026-04-26 14:47:00+00,,,50.54545454545455,50.0108331044515,14.441458304723104
2026-04-26 14:48:00+00,,,50.436363913796164,49.97666676839193,14.51652717590332
2026-04-26 14:49:00+00,,,50.47272768887606,49.988182067871094,14.589791695276896
2026-04-26 14:50:00+00,,,47.80833339691162,49.98416646321615,14.652891556421915
2026-04-26 14:51:00+00,,,46.29090881347656,50.01545403220437,14.672858238220215
2026-04-26 14:52:00+00,,,45.929999923706056,50.010000402277164,14.68850827217102
2026-04-26 14:53:00+00,,,46.11000022888184,49.9819995880127,14.704636400396174
2026-04-26 14:54:00+00,,,49.34166622161865,50.01999976418235,14.741366704305014
2026-04-26 14:55:00+00,,,49.94545433738015,49.98499984741211,14.813475052515665
2026-04-26 14:56:00+00,,,49.89166673024496,49.9908332824707,14.886383295059204
2026-04-26 14:57:00+00,,,50.04166634877523,50.0016663869222,14.95948338508606
2026-04-26 14:58:00+00,,,49.80909104780717,49.98636384443803,15.03437276320024
2026-04-26 14:59:00+00,,,50.17272741144354,50.0363637750799,15.103758255640665
2026-04-26 15:00:00+00,,,48.858333587646484,50.010000228881836,15.175766626993815
2026-04-26 15:01:00+00,,,48.918181679465555,49.994166692097984,15.245700041453043
2026-04-26 15:02:00+00,,,49.154546217484906,49.98545455932617,15.315072666515004
2026-04-26 15:03:00+00,,,48.55833339691162,49.99416637420654,15.384958267211914
2026-04-26 15:04:00+00,,,48.45454545454545,49.99583307902018,15.45389993985494
2026-04-26 15:05:00+00,,,46.62499968210856,50.00416660308838,15.509224971135458
2026-04-26 15:06:00+00,,,46.86666615804037,49.992499669392906,15.54877495765686
2026-04-26 15:07:00+00,,,46.80999984741211,49.996363553133875,15.588245391845703
2026-04-26 15:08:00+00,,,46.68333339691162,49.97583293914795,15.627541621526083
2026-04-26 15:09:00+00,,,46.999999618530275,49.97099990844727,15.677808364232382
2026-04-26 15:10:00+00,,,46.82727328213778,50.00727220015092,15.716325044631958
2026-04-26 15:11:00+00,,,48.354545246471055,50.02272727272727,15.77733333905538
2026-04-26 15:12:00+00,,,47.9,49.978181318803266,15.84658180583607
2026-04-26 15:13:00+00,,,47.42727279663086,50.0069995880127,15.911566813786825
2026-04-26 15:14:00+00,,,44.48333295186361,50.02500057220459,15.94730830192566
2026-04-26 15:15:00+00,,,44.63333320617676,50.02000011097301,15.963858286539713
2026-04-26 15:16:00+00,,,44.37272713401101,49.98545455932617,15.98073638569225
2026-04-26 15:17:00+00,,,44.51818188753995,50.00181822343306,15.996508359909058
2026-04-26 15:18:00+00,,,46.166666666666664,49.97666708628336,16.0204332669576
2026-04-26 15:19:00+00,,,47.477777269151474,49.9908332824707,16.081850051879883
2026-04-26 15:20:00+00,,,46.21818161010742,49.999000549316406,16.13768196105957
2026-04-26 15:21:00+00,,,44.61666679382324,50.00500011444092,16.160849889119465
2026-04-26 15:22:00+00,,,44.68181783502752,50.000832875569664,16.17989174524943
2026-04-26 15:23:00+00,,,47.86363636363637,49.99249998728434,16.220558484395344
2026-04-26 15:24:00+00,,,46.77272727272727,49.99666659037272,16.28416633605957
2026-04-26 15:25:00+00,,,44.14545440673828,50.00444454616971,16.31271813132546
2026-04-26 15:26:00+00,,,44.12499968210856,50.027000427246094,16.32836675643921
2026-04-26 15:27:00+00,,,43.833333333333336,49.99454567649148,16.344033241271973
2026-04-26 15:28:00+00,,,44.19166692097982,50.01916631062826,16.359941482543945
2026-04-26 15:29:00+00,,,46.327272935347125,50.003636446866125,16.391141573588055
2026-04-26 15:30:00+00,,,47.34000015258789,50.0018178766424,16.454654520208184
2026-04-26 15:31:00+00,,,47.21999931335449,49.986666679382324,16.51721652348836
2026-04-26 15:32:00+00,,,47.099999861283735,49.974166552225746,16.580116589864094
2026-04-26 15:33:00+00,,,47.041666666666664,50.00749937693278,16.642991701761883
2026-04-26 15:34:00+00,,,47.290909160267226,50.030999755859376,16.70357270674272
2026-04-26 15:35:00+00,,,47.01818188753995,49.98363633589311,16.76817512512207
2026-04-26 15:36:00+00,,,45.441667238871254,50.045000076293945,16.822450002034504
2026-04-26 15:37:00+00,,,44.9916664759318,49.992499351501465,16.85724178949992
2026-04-26 15:38:00+00,,,45.33636335893111,49.98454527421431,16.8916498819987
2026-04-26 15:39:00+00,,,45.15454517711293,50.022999954223636,16.925309267911043
2026-04-26 15:40:00+00,,,45.07500012715658,50.0083335240682,16.960708459218342
2026-04-26 15:41:00+00,,,46.65833314259847,50.009091117165305,17.011691570281982
2026-04-26 15:42:00+00,,,46.625,50.01818154074929,17.072650114695232
2026-04-26 15:43:00+00,,,45.42500019073486,50.00900039672852,17.128908316294353
2026-04-26 15:44:00+00,,,44.830000686645505,50.0060001373291,17.162172664295543
2026-04-26 15:45:00+00,,,45.563636086203836,49.96416664123535,17.19855006535848
2026-04-26 15:46:00+00,,,45.95454545454545,50.03272698142312,17.256266434987385
2026-04-26 15:47:00+00,,,43.809090701016515,50.01500015258789,17.291658401489258
2026-04-26 15:48:00+00,,,44.79999987284342,49.99000015258789,17.322608470916748
2026-04-26 15:49:00+00,,,43.345455169677734,50.0081821788441,17.349491292780097
2026-04-26 15:50:00+00,,,46.15833314259847,50.01636331731623,17.38898293177287
2026-04-26 15:51:00+00,,,46.48181811246005,50.00499979654948,17.448175112406414
2026-04-26 15:52:00+00,,,46.07499980926514,50.00333340962728,17.507108370463055
2026-04-26 15:53:00+00,,,45.99090922962535,49.999999618530275,17.56322704661976
2026-04-26 15:54:00+00,,,45.56666692097982,49.993333180745445,17.623241583506267
2026-04-26 15:55:00+00,,,44.809090701016515,49.992499669392906,17.677833080291748
2026-04-26 15:56:00+00,,,43.754545731977984,50.021817987615414,17.708800156911213
2026-04-26 15:57:00+00,,,45.1454551003196,49.990833600362144,17.74359146753947
2026-04-26 15:58:00+00,,,45.72727272727273,50.02272692593661,17.797854510220613
2026-04-26 15:59:00+00,,,45.718181956898086,49.97299995422363,17.85736656188965
2026-04-26 16:00:00+00,,,42.29999987284342,49.997499783833824,17.896299997965496
2026-04-26 16:01:00+00,,,41.875,50.00166670481364,17.919391632080078
2026-04-26 16:02:00+00,,,42.30909035422585,49.9981821233576,17.942699909210205
2026-04-26 16:03:00+00,,,42.11000022888184,50,17.965472654862836
2026-04-26 16:04:00+00,,,43.46666653951009,50.02700004577637,17.9967999458313
2026-04-26 16:05:00+00,,,44.159999465942384,50.00750001271566,18.04979181289673
2026-04-26 16:06:00+00,,,43.74999968210856,49.9916664759318,18.103266716003418
2026-04-26 16:07:00+00,,,44.04545454545455,49.99727249145508,18.15677499771118
2026-04-26 16:08:00+00,,,43.73636315085671,50.01454544067383,18.210363734852184
2026-04-26 16:09:00+00,,,43.541666666666664,49.982727397571914,18.26230017344157
2026-04-26 16:10:00+00,,,43.416666666666664,50.01800003051758,18.31445852915446
2026-04-26 16:11:00+00,,,43.8666664759318,50.008181138472125,18.366875171661377
2026-04-26 16:12:00+00,,,43.589999771118165,49.98400039672852,18.417018023404207
2026-04-26 16:13:00+00,,,43.50833320617676,49.96666653951009,18.470708688100178
2026-04-26 16:14:00+00,,,43.209090839732774,50.0109089938077,18.523100058237713
2026-04-26 16:15:00+00,,,43.681818528608844,50.01090934059837,18.5749249458313
2026-04-26 16:16:00+00,,,43.418181679465555,49.98727243596857,18.62653350830078
2026-04-26 16:17:00+00,,,43.32727258855646,50.00636360862038,18.675554795698687
2026-04-26 16:18:00+00,,,40.86363636363637,49.97454625909979,18.710083325703938
2026-04-26 16:19:00+00,,,40.95833365122477,50.00083351135254,18.726983070373535
2026-04-26 16:20:00+00,,,41.02000007629395,49.98399963378906,18.743642171223957
2026-04-26 16:21:00+00,,,41.53636308149858,49.98750019073486,18.761733849843342
2026-04-26 16:22:00+00,,,43.000000346790664,50.01888910929362,18.802981463345613
2026-04-26 16:23:00+00,,,42.8666664759318,50.00181857022372,18.85374164581299
2026-04-26 16:24:00+00,,,42.845454476096414,49.98909135298295,18.90293327967326
2026-04-26 16:25:00+00,,,42.71666653951009,50.00416660308838,18.952150026957195
2026-04-26 16:26:00+00,,,41.47272768887606,49.9941660563151,18.995341777801514
2026-04-26 16:27:00+00,,,41.400000381469724,50.011999893188474,19.021190990101207
2026-04-26 16:28:00+00,,,41.581818320534445,50.009091117165305,19.046008586883545
2026-04-26 16:29:00+00,,,40.990908882834695,49.99727283824574,19.07075007756551
2026-04-26 16:30:00+00,,,41.30833307902018,49.98363668268377,19.096641540527344
2026-04-26 16:31:00+00,,,42.55000038146973,49.976363788951524,19.13787252252752
2026-04-26 16:32:00+00,,,42.572727550159804,49.9983336130778,19.186599731445312
2026-04-26 16:33:00+00,,,42.68333307902018,50.00583362579346,19.234941482543945
2026-04-26 16:34:00+00,,,41.78333346048991,49.98888905843099,19.28150002161662
2026-04-26 16:35:00+00,,,39.97000007629394,49.99727249145508,19.305863813920453
2026-04-26 16:36:00+00,,,40.30000019073486,49.97833410898844,19.320491790771484
2026-04-26 16:37:00+00,,,39.70909118652344,49.989166259765625,19.33703327178955
2026-04-26 16:38:00+00,,,39.72727307406339,50.02555592854818,19.351850191752117
2026-04-26 16:39:00+00,,,40.82500012715658,50.00181822343306,19.374808470408123
2026-04-26 16:40:00+00,,,40.191667238871254,49.98699951171875,19.39959987004598
2026-04-26 16:41:00+00,,,40.1,50.00000069358132,19.419363888827238
2026-04-26 16:42:00+00,,,40.77272692593661,50.01250012715658,19.443591753641766
2026-04-26 16:43:00+00,,,41.89999961853027,49.97999986012777,19.48604981104533
2026-04-26 16:44:00+00,,,41.808332443237305,50.01454578746449,19.530742009480793
2026-04-26 16:45:00+00,,,41.45000012715658,50.024166425069176,19.575208346048992
2026-04-26 16:46:00+00,,,40.236363497647375,49.97799987792969,19.613163861361418
2026-04-26 16:47:00+00,,,40.34166685740153,50.011667569478355,19.63307507832845
2026-04-26 16:48:00+00,,,39.15000057220459,49.993332862854004,19.65541664759318
2026-04-26 16:49:00+00,,,39.5,49.98416678110758,19.669275283813477
2026-04-26 16:50:00+00,,,39.733333587646484,50.00545432350852,19.683099920099433
2026-04-26 16:51:00+00,,,41.37272748080167,50.0009089383212,19.71840000152588
2026-04-26 16:52:00+00,,,40.04545454545455,50.00666650136312,19.75707499186198
2026-04-26 16:53:00+00,,,38.42499987284342,49.99636389992454,19.76944176355998
2026-04-26 16:54:00+00,,,40.28999977111816,49.99166679382324,19.78623342514038
2026-04-26 16:55:00+00,,,41.37777752346463,49.9977773030599,19.82490938360041
2026-04-26 16:56:00+00,,,40.65,49.99833297729492,19.86799192428589
2026-04-26 16:57:00+00,,,39.516666412353516,49.996999740600586,19.90475829442342
2026-04-26 16:58:00+00,,,38.50000031789144,49.978333155314125,19.917333285013836
2026-04-26 16:59:00+00,,,38.8833335240682,49.978333155314125,19.928749879201252
2026-04-26 17:00:00+00,,,37.827272241765804,49.99818177656694,19.9507363059304
2026-04-26 17:01:00+00,,,37.899999936421715,50.01250012715658,19.973224957784016
2026-04-26 17:02:00+00,,,38.63333288828532,49.9972731850364,19.999716599782307
2026-04-26 17:03:00+00,,,39.02000045776367,50.00900039672852,20.0370667775472
2026-04-26 17:04:00+00,,,39.089999771118165,49.99727249145508,20.073399803855203
2026-04-26 17:05:00+00,,,38.81666628519694,50.00454538518732,20.111666838328045
2026-04-26 17:06:00+00,,,38.78333282470703,50.03083324432373,20.150633335113525
2026-04-26 17:07:00+00,,,38.6000001695421,49.99833329518636,20.187366644541424
2026-04-26 17:08:00+00,,,38.8,49.997777726915146,20.22266353260387
2026-04-26 17:09:00+00,,,38.745454268022016,49.990908882834695,20.25784969329834
2026-04-26 17:10:00+00,,,37.32499980926514,50.00333340962728,20.287492116292317
2026-04-26 17:11:00+00,,,37.0083335240682,49.9736362804066,20.304399967193604
2026-04-26 17:12:00+00,,,37.45833365122477,49.99181851473722,20.320899963378906
2026-04-26 17:13:00+00,,,36.86000022888184,50.00142887660435,20.33674569563432
2026-04-26 17:14:00+00,,,37.32500012715658,50.01249980926514,20.35361687342326
2026-04-26 17:15:00+00,,,37.774999936421715,49.975454503839664,20.38099177678426
2026-04-26 17:16:00+00,,,36.79999958385121,49.99166679382324,20.398791472117107
2026-04-26 17:17:00+00,,,36.7583335240682,50.01250044504801,20.41420841217041
2026-04-26 17:18:00+00,,,36.67000045776367,49.97900047302246,20.42881826920943
2026-04-26 17:19:00+00,,,37.74545461481268,49.98199996948242,20.452850023905437
2026-04-26 17:20:00+00,,,38.24166679382324,50.00727289373224,20.487150351206463
2026-04-26 17:21:00+00,,,37.89166736602783,49.990000089009605,20.520700136820476
2026-04-26 17:22:00+00,,,37.690909298983485,49.97727307406339,20.55442476272583
2026-04-26 17:23:00+00,,,37.95000076293945,49.98300018310547,20.586136211048473
2026-04-26 17:24:00+00,,,37.581818320534445,50.004545038396664,20.62000846862793
2026-04-26 17:25:00+00,,,37.30000019073486,50.011817932128906,20.65244150161743
2026-04-26 17:26:00+00,,,36.55833307902018,50.006363261829726,20.67788330713908
2026-04-26 17:27:00+00,,,36.69090895219283,49.98545455932617,20.695518146861684
2026-04-26 17:28:00+00,,,37.53636446866122,49.990000291304156,20.723841826121014
2026-04-26 17:29:00+00,,,36.96666653951009,50.044545607133344,20.757491906483967
2026-04-26 17:30:00+00,,,37.0363637750799,50.02750015258789,20.788416703542072
2026-04-26 17:31:00+00,,,37.09166653951009,49.99500020345052,20.818883419036865
2026-04-26 17:32:00+00,,,36.936363913796164,49.99300003051758,20.84822724082253
2026-04-26 17:33:00+00,,,37.25454538518732,49.991818167946555,20.878774960835774
2026-04-26 17:34:00+00,,,37.04999987284342,50.01090934059837,20.91052532196045
2026-04-26 17:35:00+00,,,37.041666984558105,50.00666650136312,20.940375328063965
2026-04-26 17:36:00+00,,,37.119999694824216,49.991818167946555,20.969958464304607
2026-04-26 17:37:00+00,,,36.570000076293944,50.007999420166016,20.99807253750888
2026-04-26 17:38:00+00,,,35.85000038146973,50.00545467029918,21.02139123280843
2026-04-26 17:39:00+00,,,35.79090950705788,49.990908882834695,21.036908467610676
2026-04-26 17:40:00+00,,,35.833333333333336,50.0091667175293,21.051941712697346
2026-04-26 17:41:00+00,,,35.990908882834695,50.00499979654948,21.068366686503094
2026-04-26 17:42:00+00,,,36.88181825117631,49.988000106811526,21.09400003606623
2026-04-26 17:43:00+00,,,35.354545246471055,50.021666844685875,21.11764160792033
2026-04-26 17:44:00+00,,,34.850000063578285,50.01818154074929,21.124366601308186
2026-04-26 17:45:00+00,,,34.40833314259847,50.00199966430664,21.130075136820476
2026-04-26 17:46:00+00,,,34.41818133267489,49.9966672261556,21.135590639981356
2026-04-26 17:47:00+00,,,35.37499968210856,49.97083282470703,21.144708315531414
2026-04-26 17:48:00+00,,,35.92499955495199,50.01999976418235,21.17069164911906
2026-04-26 17:49:00+00,,,36.12727251919833,49.99818177656694,21.19682502746582
2026-04-26 17:50:00+00,,,35.89000015258789,49.996363553133875,21.22156368602406
2026-04-26 17:51:00+00,,,35.90833314259847,50.02818194302645,21.246158281962078
2026-04-26 17:52:00+00,,,35.85,50.02750047047933,21.272916793823242
2026-04-26 17:53:00+00,,,35.8666664759318,49.98727312954989,21.299391905466717
2026-04-26 17:54:00+00,,,35.672727064652875,49.98499997456869,21.324133078257244
2026-04-26 17:55:00+00,,,34.754545731977984,49.98833338419596,21.340525150299072
2026-04-26 17:56:00+00,,,34.809090701016515,50.00818148526278,21.35129096291282
2026-04-26 17:57:00+00,,,35.37999954223633,49.98833306630453,21.367308298746746
2026-04-26 17:58:00+00,,,35.52500025431315,49.98999945322672,21.3914000193278
2026-04-26 17:59:00+00,,,35.2416664759318,49.959090839732774,21.414658387502033
2026-04-26 18:00:00+00,,,34.009090423583984,50.014545093883164,21.436472459272906
2026-04-26 18:01:00+00,,,33.61818174882369,50.003333197699654,21.457236203280363
2026-04-26 18:02:00+00,,,33.655555725097656,50.023749351501465,0.018411111293567553
2026-04-26 18:03:00+00,,,33.118182095614344,50.01500002543131,0.03773333349575599
2026-04-26 18:04:00+00,,,33.190909298983485,50.002999496459964,0.05770000070333481
2026-04-26 18:05:00+00,,,33.04999955495199,49.99454567649148,0.06967500038444996
2026-04-26 18:06:00+00,,,32.59166685740153,49.985833485921226,0.07961666770279408
2026-04-26 18:07:00+00,,,32.73333326975504,49.990000089009605,0.08935000002384186
2026-04-26 18:08:00+00,,,32.38181825117631,50.00400009155273,0.09899166661004226
2026-04-26 18:09:00+00,,,32.760000228881836,49.99818142977628,0.1119363633069125
2026-04-26 18:10:00+00,,,32.991666634877525,49.98166688283285,0.13162499914566675
2026-04-26 18:11:00+00,,,33.29999958385121,50.002500216166176,0.1511833332479
2026-04-26 18:12:00+00,,,32.97272699529474,49.99583339691162,0.17045000195503235
2026-04-26 18:13:00+00,,,32.066666762034096,49.98090917413885,0.18466666589180628
2026-04-26 18:14:00+00,,,31.790908986871894,49.99727283824574,0.19075454636053604
2026-04-26 18:15:00+00,,,31.70000024275346,49.975833574930824,0.19634166732430458
2026-04-26 18:16:00+00,,,31.39999993642171,50.0009089383212,0.2019749991595745
2026-04-26 18:17:00+00,,,31.836363532326438,49.994999694824216,0.2092250001927217
2026-04-26 18:18:00+00,,,31.781818216497246,50.01099967956543,0.21746363694017584
2026-04-26 18:19:00+00,,,31.640000343322754,50.002500216166176,0.2218999999264876
2026-04-26 18:20:00+00,,,32.333333333333336,50.00666618347168,0.2327833337088426
2026-04-26 18:21:00+00,,,31.33636370572177,49.99727249145508,0.24008333186308542
2026-04-26 18:22:00+00,,,31.399999777475994,49.990908882834695,0.2441666660209497
2026-04-26 18:23:00+00,,,31.450000190734862,50.00636360862038,0.24811818247491663
2026-04-26 18:24:00+00,,,32.21666622161865,49.995454961603336,0.2587333371241887
2026-04-26 18:25:00+00,,,31.972727168690074,50.0081821788441,0.27492499848206836
2026-04-26 18:26:00+00,,,31.891666571299236,50.0281815962358,0.290883332490921
2026-04-26 18:27:00+00,,,31.37499984105428,49.986666679382324,0.30035000046094257
2026-04-26 18:28:00+00,,,31.250000190734863,50.00090928511186,0.3050181838599118
2026-04-26 18:29:00+00,,,31.045454372059215,50.010833422342934,0.309449998040994
2026-04-26 18:30:00+00,,,31.418181852860883,49.98545455932617,0.31531666467587155
2026-04-26 18:31:00+00,,,31.76363615556197,50.009090423583984,0.3288000027338664
2026-04-26 18:32:00+00,,,31.675000190734863,49.99750010172526,0.3430750047167142
2026-04-26 18:33:00+00,,,31.76363650235263,49.97272699529474,0.3574636388908733
2026-04-26 18:34:00+00,,,31.68181783502752,49.987272782759234,0.3705916677912076
2026-04-26 18:35:00+00,,,31.658332983652752,50.00749969482422,0.38430000096559525
2026-04-26 18:36:00+00,,,31.61000003814697,49.97583325703939,0.3976750026146571
2026-04-26 18:37:00+00,,,31.427272623235528,50.00749921798706,0.4106181832877072
2026-04-26 18:38:00+00,,,30.474999745686848,49.99818247014826,0.4182250003019969
2026-04-26 18:39:00+00,,,30.65,49.99333349863688,0.42188333223263424
2026-04-26 18:40:00+00,,,31.163636467673562,49.98833401997884,0.4324750006198883
2026-04-26 18:41:00+00,,,30.863636016845703,49.98363598910245,0.44388333211342496
2026-04-26 18:42:00+00,,,30.6,50.01363615556197,0.4484090913425792
2026-04-26 18:43:00+00,,,30.516666571299236,50.01250012715658,0.4510999967654546
2026-04-26 18:44:00+00,,,30.89999993642171,49.9936356977983,0.4583333358168602
2026-04-26 18:45:00+00,,,30.972727342085406,49.97666676839193,0.4696249986688296
2026-04-26 18:46:00+00,,,30.454545281150125,49.990909576416016,0.4799181818962097
2026-04-26 18:47:00+00,,,30.4416667620341,50.013000106811525,0.49082499742507935
2026-04-26 18:48:00+00,,,30.636363636363637,49.97999992370605,0.501591665049394
2026-04-26 18:49:00+00,,,30.59166653951009,50.0018178766424,0.5115916728973389
2026-04-26 18:50:00+00,,,30.40000009536743,50.0008331934611,0.5214166591564814
2026-04-26 18:51:00+00,,,29.936363567005504,50.01818154074929,0.5308416734139124
2026-04-26 18:52:00+00,,,30.52500033378601,49.98777770996094,0.5403545498847961
2026-04-26 18:53:00+00,,,30.47500006357829,50.00749969482422,0.5487999965747198
2026-04-26 18:54:00+00,,,30.18181835521351,49.98499984741211,0.5574750006198883
2026-04-26 18:55:00+00,,,19.28333330154419,50.003333727518715,0.5624500016371409
2026-04-26 18:56:00+00,,,18.118181748823687,50.01181827891957,0.5627999901771545
2026-04-26 18:57:00+00,,,17.708333651224773,49.99250062306722,
2026-04-26 18:58:00+00,,,17.909090735695578,50.004545731977984,0.5629000067710876
2026-04-26 18:59:00+00,,,17.916666507720947,49.98909065940163,0.5630500018596649
2026-04-26 19:00:00+00,,,16.920000076293945,49.98900032043457,0.5633999943733216
2026-04-26 19:01:00+00,,,16.55454548922452,50.00600051879883,0.5639000058174133
2026-04-26 19:02:00+00,,,16.525000015894573,50,0.5644999997956412
2026-04-26 19:03:00+00,,,16.625,49.97499974568685,0.5650499910116196
2026-04-26 19:04:00+00,,,16.68333355585734,50.004167238871254,0.5653499960899353
2026-04-26 19:05:00+00,,,16.736363671042703,50.01636366410689,0.565500020980835
2026-04-26 19:06:00+00,,,16.727272727272727,49.985833168029785,0.5655999779701233
2026-04-26 19:07:00+00,,,16.674999872843426,49.99727283824574,
2026-04-26 19:08:00+00,,,16.580000114440917,49.982500076293945,
2026-04-26 19:09:00+00,,,16.55454548922452,50.01250012715658,
2026-04-26 19:10:00+00,,,16.43333355585734,50.00833320617676,
2026-04-26 19:11:00+00,,,16.418182026256215,50.013000106811525,
2026-04-26 19:12:00+00,,,16.718181870200418,49.986000061035156,
2026-04-26 19:13:00+00,,,16.3000001040372,50.01100044250488,
2026-04-26 19:14:00+00,,,16.349999984105427,49.98545421253551,
2026-04-26 19:15:00+00,,,16.609090978449043,50.0018178766424,
2026-04-26 19:16:00+00,,,16.44166652361552,50.014545093883164,
2026-04-26 19:17:00+00,,,16.509090770374645,49.98500029246012,
2026-04-26 19:18:00+00,,,16.266666650772095,49.99600028991699,
2026-04-26 19:19:00+00,,,16.77272718602961,50.00090963190252,
2026-04-26 19:20:00+00,,,16.708333492279053,49.99727249145508,
2026-04-26 19:21:00+00,,,16.350000143051147,49.97699966430664,
2026-04-26 19:22:00+00,,,16.65000017484029,50.00272716175426,
2026-04-26 19:23:00+00,,,16.4416667620341,49.9908332824707,
2026-04-26 19:24:00+00,,,16.829999732971192,50.01222229003906,
2026-04-26 19:25:00+00,,,16.88333336512248,49.98545455932617,
2026-04-26 19:26:00+00,,,16.65833353996277,50.024999936421715,
2026-04-26 19:27:00+00,,,16.536363514986906,49.98416646321615,
2026-04-26 19:28:00+00,,,16.354545506564055,50.01500002543131,
2026-04-26 19:29:00+00,,,10.43636365370317,50.010000228881836,
2026-04-26 19:30:00+00,,,9.445454597473145,50.01090864701705,
2026-04-26 19:31:00+00,,,9.600000034679066,50.00700035095215,
2026-04-26 19:32:00+00,,,9.608333269755045,49.975999450683595,
2026-04-26 19:33:00+00,,,9.645454580133611,49.989999771118164,
2026-04-26 19:34:00+00,,,9.490909229625355,49.95363651622426,
2026-04-26 19:35:00+00,,,9.549999952316284,50.010000228881836,
2026-04-26 19:36:00+00,,,9.899999965320934,49.973999404907225,
2026-04-26 19:37:00+00,,,9.559999942779541,50.00499979654948,
2026-04-26 19:38:00+00,,,9.672727151350541,49.98363633589311,
2026-04-26 19:39:00+00,,,9.554545489224521,50.01499970753988,
2026-04-26 19:40:00+00,,,9.425000111262003,49.99909140846946,
2026-04-26 19:41:00+00,,,9.672727238048207,50.010833740234375,
2026-04-26 19:42:00+00,,,9.377777735392252,50.03000036875407,
2026-04-26 19:43:00+00,,,9.280000019073487,49.95499954223633,
2026-04-26 19:44:00+00,,,9.709090839732777,50.003636446866125,
2026-04-26 19:45:00+00,,,9.572727290066807,49.991817474365234,
2026-04-26 19:46:00+00,,,9.566666603088379,49.9890910061923,
2026-04-26 19:47:00+00,,,9.566666762034098,49.99000015258789,
2026-04-26 19:48:00+00,,,9.61999979019165,49.99000072479248,
2026-04-26 19:49:00+00,,,9.272727186029607,49.992726759477094,
2026-04-26 19:50:00+00,,,9.525000015894571,50.01833311716715,
2026-04-26 19:51:00+00,,,9.620000076293945,50.00272716175426,
2026-04-26 19:52:00+00,,,9.590909004211426,49.979166666666664,
2026-04-26 19:53:00+00,,,9.300000095367432,49.98909065940163,
2026-04-26 19:54:00+00,,,9.766666730244955,49.9800001780192,
2026-04-26 19:55:00+00,,,9.549999952316284,49.99083296457926,
2026-04-26 19:56:00+00,,,9.63636354966597,50.01583290100098,
2026-04-26 19:57:00+00,,,9.560000038146972,50.01454578746449,
2026-04-26 19:58:00+00,,,9.583333333333334,50.01300048828125,
2026-04-26 19:59:00+00,,,9.5999999479814,49.981666247049965,
2026-04-26 20:00:00+00,,,8.081818277185613,50.00416660308838,
2026-04-26 20:01:00+00,,,8.09000005722046,49.9981821233576,
2026-04-26 20:02:00+00,,,8.079999923706055,49.986999893188475,
2026-04-26 20:03:00+00,,,8.100000034679066,49.98600044250488,
2026-04-26 20:04:00+00,,,8.15833330154419,50.012727217240766,
2026-04-26 20:05:00+00,,,7.925000071525574,49.99900016784668,
2026-04-26 20:06:00+00,,,8.030000019073487,50.01818223433061,
2026-04-26 20:07:00+00,,,8.118181835521352,50.006363261829726,
2026-04-26 20:08:00+00,,,8.116666714350382,50.00636360862038,
2026-04-26 20:09:00+00,,,7.827272718602961,49.98833338419596,
2026-04-26 20:10:00+00,,,7.925000071525574,49.995832761128746,
2026-04-26 20:11:00+00,,,8.190000104904176,50.007272546941586,
2026-04-26 20:12:00+00,,,7.7727274027737705,49.98300018310547,
2026-04-26 20:13:00+00,,,8.019999980926514,49.9890910061923,
2026-04-26 20:14:00+00,,,8.075000087420145,49.989999771118164,
2026-04-26 20:15:00+00,,,8.140000104904175,49.99454567649148,
2026-04-26 20:16:00+00,,,8.045454632152211,49.99900016784668,
2026-04-26 20:17:00+00,,,8.163636380975897,49.995454268022016,
2026-04-26 20:18:00+00,,,7.891666769981384,49.97583325703939,
2026-04-26 20:19:00+00,,,8.008333245913187,50.005000305175784,
2026-04-26 20:20:00+00,,,8.20909105647694,49.97799949645996,
2026-04-26 20:21:00+00,,,8.054545445875688,50.01363615556197,
2026-04-26 20:22:00+00,,,7.9875001311302185,49.97916634877523,
2026-04-26 20:23:00+00,,,7.7272727272727275,49.9908332824707,
2026-04-26 20:24:00+00,,,8.025000015894571,50.02000077565511,
2026-04-26 20:25:00+00,,,8.116666754086813,50.027272657914594,
2026-04-26 20:26:00+00,,,8.329999971389771,49.97999954223633,
2026-04-26 20:27:00+00,,,8.12500003973643,49.982726703990586,
2026-04-26 20:28:00+00,,,7.891666690508525,49.98545455932617,
2026-04-26 20:29:00+00,,,8.041666706403097,50.009090423583984,
2026-04-26 20:30:00+00,,,8.030000066757202,49.97799987792969,
2026-04-26 20:31:00+00,,,7.960000085830688,50.0116662979126,
2026-04-26 20:32:00+00,,,8.075000087420145,49.99333360460069,
2026-04-26 20:33:00+00,,,7.9454545107754795,50.01181827891957,
2026-04-26 20:34:00+00,,,8.008333365122477,50.0008331934611,
2026-04-26 20:35:00+00,,,8.000000095367431,49.9981821233576,
2026-04-26 20:36:00+00,,,7.924999992052714,49.9991668065389,
2026-04-26 20:37:00+00,,,7.916666626930237,49.99090922962535,
2026-04-26 20:38:00+00,,,7.966666738192241,49.99666690826416,
2026-04-26 20:39:00+00,,,7.975000023841858,49.986666679382324,
2026-04-26 20:40:00+00,,,7.860000038146973,50.014545093883164,
2026-04-26 20:41:00+00,,,7.96666665871938,50.00545432350852,
2026-04-26 20:42:00+00,,,7.833333333333333,49.99750010172526,
2026-04-26 20:43:00+00,,,8.175000071525574,50.013000106811525,
2026-04-26 20:44:00+00,,,8.136363636363637,50.01166693369547,
2026-04-26 20:45:00+00,,,8.110000085830688,49.9990910616788,
2026-04-26 20:46:00+00,,,8.018181800842285,49.98416678110758,
2026-04-26 20:47:00+00,,,7.950000047683716,50.013635808771305,
2026-04-26 20:48:00+00,,,8.158333460489908,50.004545038396664,
2026-04-26 20:49:00+00,,,7.863636406985196,50.0027268149636,
2026-04-26 20:50:00+00,,,7.790000009536743,50.00166702270508,
2026-04-26 20:51:00+00,,,8.016666730244955,49.979090603915125,
2026-04-26 20:52:00+00,,,8.000000043348832,50.00454538518732,
2026-04-26 20:53:00+00,,,7.9666666984558105,50.01090864701705,
2026-04-26 20:54:00+00,,,8.163636380975897,50.022999954223636,
2026-04-26 20:55:00+00,,,7.96363639831543,49.98749955495199,
2026-04-26 20:56:00+00,,,8.018181844191117,49.98272774436257,
2026-04-26 20:57:00+00,,,7.9750001430511475,50.00333340962728,
2026-04-26 20:58:00+00,,,7.774999976158142,49.98090917413885,
2026-04-26 20:59:00+00,,,8.039999866485596,49.98454527421431,
2026-04-26 21:00:00+00,,,6.491666714350383,50.00090859153054,
2026-04-26 21:01:00+00,,,6.318181731484153,49.99583339691162,
2026-04-26 21:02:00+00,,,5.958333293596904,49.97181875055487,
2026-04-26 21:03:00+00,,,6.483333349227905,50.02600021362305,
2026-04-26 21:04:00+00,,,6.436363610354337,50.00272750854492,
2026-04-26 21:05:00+00,,,6.525000015894572,50.00363679365678,
2026-04-26 21:06:00+00,,,6.372727264057506,49.981666564941406,
2026-04-26 21:07:00+00,,,6.399999976158142,49.986666679382324,
2026-04-26 21:08:00+00,,,6.355555640326606,49.99818177656694,
2026-04-26 21:09:00+00,,,6.483333269755046,49.999999653209336,
2026-04-26 21:10:00+00,,,6.408333381017049,50.044166564941406,
2026-04-26 21:11:00+00,,,6.630000019073487,50.00333309173584,
2026-04-26 21:12:00+00,,,6.399999936421712,50.00166670481364,
2026-04-26 21:13:00+00,,,6.5,49.99727283824574,
2026-04-26 21:14:00+00,,,6.425000071525574,49.99583307902018,
2026-04-26 21:15:00+00,,,6.363636320287531,50.01600036621094,
2026-04-26 21:16:00+00,,,6.46666665871938,49.98818172108043,
2026-04-26 21:17:00+00,,,6.527272701263428,49.995454268022016,
2026-04-26 21:18:00+00,,,6.530000019073486,50.01699943542481,
2026-04-26 21:19:00+00,,,6.633333325386047,50.02454584295099,
2026-04-26 21:20:00+00,,,6.263636415654963,49.99583371480306,
2026-04-26 21:21:00+00,,,6.333333333333333,50.01777776082357,
2026-04-26 21:22:00+00,,,6.391666650772095,49.981666247049965,
2026-04-26 21:23:00+00,,,6.527272787961093,50.002999496459964,
2026-04-26 21:24:00+00,,,6.541666706403096,49.97749996185303,
2026-04-26 21:25:00+00,,,6.409090909090909,50.03111139933268,
2026-04-26 21:26:00+00,,,6.333333333333333,50.012000274658206,
2026-04-26 21:27:00+00,,,6.400000052018599,49.99363639137962,
2026-04-26 21:28:00+00,,,6.62499996026357,50.02181833440607,
2026-04-26 21:29:00+00,,,6.408333381017049,50.01749960581461,
2026-04-26 21:30:00+00,,,6.416666666666667,49.997499783833824,
2026-04-26 21:31:00+00,,,6.5,49.9975004196167,
2026-04-26 21:32:00+00,,,6.380000019073487,49.98000023581765,
2026-04-26 21:33:00+00,,,6.6099999904632565,49.9991668065389,
2026-04-26 21:34:00+00,,,6.500000043348833,50.0108331044515,
2026-04-26 21:35:00+00,,,6.429999923706054,49.99454532970082,
2026-04-26 21:36:00+00,,,6.309090917760676,50.0083335240682,
2026-04-26 21:37:00+00,,,6.322222179836697,50.010000228881836,
2026-04-26 21:38:00+00,,,6.590909177606756,50.00166670481364,
2026-04-26 21:39:00+00,,,6.445454554124312,49.9891668955485,
2026-04-26 21:40:00+00,,,6.3666666348775225,49.96833356221517,
2026-04-26 21:41:00+00,,,6.5100000381469725,50.010000402277164,
2026-04-26 21:42:00+00,,,6.189999961853028,49.99399948120117,
2026-04-26 21:43:00+00,,,6.380000019073487,49.99272710626776,
2026-04-26 21:44:00+00,,,6.474999984105428,49.98499984741211,
2026-04-26 21:45:00+00,,,6.527272744612261,50.013636502352625,
2026-04-26 21:46:00+00,,,6.363636320287531,49.991818167946555,
2026-04-26 21:47:00+00,,,6.219999980926514,49.97599983215332,
2026-04-26 21:48:00+00,,,6.5250000556310015,50.00499954223633,
2026-04-26 21:49:00+00,,,6.436363610354337,50.00083351135254,
2026-04-26 21:50:00+00,,,6.533333381017049,50.00818148526278,
2026-04-26 21:51:00+00,,,6.472727298736572,50,
2026-04-26 21:52:00+00,,,6.366666674613953,49.9966672261556,
2026-04-26 21:53:00+00,,,6.683333396911621,49.994166692097984,
2026-04-26 21:54:00+00,,,6.350000023841858,49.9800001780192,
2026-04-26 21:55:00+00,,,6.525000015894572,49.995454268022016,
2026-04-26 21:56:00+00,,,6.263636415654963,50.012000274658206,
2026-04-26 21:57:00+00,,,6.441666642824809,49.99363639137962,
2026-04-26 21:58:00+00,,,6.466666618982951,49.99583339691162,
2026-04-26 21:59:00+00,,,6.5545454892245205,50.043000030517575,
2026-04-26 22:00:00+00,,,0.5250000059604645,50.02200088500977,
2026-04-26 22:02:00+00,,,0.5400000043213368,50.02000007629395,0.5655999779701233
2026-04-26 22:03:00+00,,,0.7181818309155378,49.99727249145508,
2026-04-26 22:04:00+00,,,0.5600000023841858,50.00500011444092,
2026-04-26 22:05:00+00,,,0.4909090900963003,50.01833311716715,
2026-04-26 22:06:00+00,,,0.6166666783392429,50.00545432350852,
2026-04-26 22:07:00+00,,,0.7749999891966581,50.005833307902016,
2026-04-26 22:08:00+00,,,0.6400000110268593,50.034546245228164,
2026-04-26 22:09:00+00,,,0.6200000025331974,49.99444495307075,
2026-04-26 22:10:00+00,,,0.6399999983608723,49.985555013020836,
2026-04-26 22:11:00+00,,,0.7333333293596903,50.015000343322754,
2026-04-26 22:12:00+00,,,0.5800000041723251,49.985000133514404,
2026-04-26 22:13:00+00,,,0.5083333322157463,49.98099975585937,
2026-04-26 22:14:00+00,,,0.6545454609123144,50.0091667175293,
2026-04-26 22:15:00+00,,,0.6545454527844082,50.01600036621094,
2026-04-26 22:16:00+00,,,0.6363636390729384,50.01916758219401,
2026-04-26 22:17:00+00,,,0.7909090925346721,50.00200004577637,
2026-04-26 22:18:00+00,,,0.6416666756073633,49.995454268022016,
2026-04-26 22:19:00+00,,,0.5727272683923895,49.98083337148031,
2026-04-26 22:20:00+00,,,0.6166666684051355,50.02083365122477,
2026-04-26 22:21:00+00,,,0.5727272778749466,49.9918178211559,
2026-04-26 22:22:00+00,,,0.5777777830759684,50.02099952697754,
2026-04-26 22:23:00+00,,,0.8000000026077032,50.003636446866125,
2026-04-26 22:24:00+00,,,0.7249999934186538,49.979090603915125,
2026-04-26 22:25:00+00,,,0.7222222222222222,50.00416628519694,
2026-04-26 22:26:00+00,,,0.6833333304772774,49.988182067871094,
2026-04-26 22:27:00+00,,,0.5700000077486038,49.99454532970082,
2026-04-26 22:28:00+00,,,0.527272725647146,49.98333326975504,
2026-04-26 22:29:00+00,,,0.5333333363135656,49.98636315085671,
2026-04-26 22:30:00+00,,,0.6099999986588955,50.01090934059837,
2026-04-26 22:31:00+00,,,0.5777777714861764,49.99818177656694,
2026-04-26 22:32:00+00,,,0.6250000037252903,49.991818167946555,
2026-04-26 22:33:00+00,,,0.5818181864239953,49.989166259765625,
2026-04-26 22:34:00+00,,,0.5583333385487398,50.018333752950035,
2026-04-26 22:35:00+00,,,0.7111111208796501,50.00272716175426,
2026-04-26 22:36:00+00,,,0.41818182305856183,50.00666618347168,
2026-04-26 22:37:00+00,,,0.6000000062313947,50.00727220015092,
2026-04-26 22:38:00+00,,,0.5916666705161333,49.99090853604403,
2026-04-26 22:39:00+00,,,0.4090909057042815,50.00272716175426,
2026-04-26 22:40:00+00,,,0.5727272860028527,50.001000213623044,
2026-04-26 22:41:00+00,,,0.33333333643774193,49.97727307406339,
2026-04-26 22:42:00+00,,,0.5181818238713525,49.99583371480306,
2026-04-26 22:43:00+00,,,0.5333333294838667,49.98999994451349,
2026-04-26 22:44:00+00,,,0.5666666639347872,49.99727249145508,
2026-04-26 22:45:00+00,,,0.5636363632299684,50.00099983215332,
2026-04-26 22:46:00+00,,,0.7000000044703484,50.00272750854492,
2026-04-26 22:47:00+00,,,0.7249999965230624,49.9883337020874,
2026-04-26 22:48:00+00,,,0.6818181791088798,50.02300033569336,
2026-04-26 22:49:00+00,,,0.5090909078717232,50.03416665395101,
2026-04-26 22:50:00+00,,,0.6545454588803378,49.99272710626776,
2026-04-26 22:51:00+00,,,0.6500000037252903,49.99545392123136,
2026-04-26 22:52:00+00,,,0.6181818131696094,49.99666659037272,
2026-04-26 22:53:00+00,,,0.6250000006208817,49.98083368937174,
2026-04-26 22:54:00+00,,,0.690909091044556,49.99818247014826,
2026-04-26 22:55:00+00,,,0.725000008319815,50.020908702503554,
2026-04-26 22:56:00+00,,,0.4700000025331974,49.98833306630453,
2026-04-26 22:57:00+00,,,0.5333333307256302,49.98818241466176,
2026-04-26 22:58:00+00,,,0.6090909141031179,49.99100036621094,
2026-04-26 22:59:00+00,,,0.6500000034769376,49.99545461481268,
2026-04-26 23:00:00+00,,,1.0750000172605116,50.02333354949951,
2026-04-26 23:01:00+00,,,1.6100000023841858,50.00833257039388,
2026-04-26 23:02:00+00,,,1.3090909015048633,50.01583321889242,
2026-04-26 23:03:00+00,,,1.5000000049670537,49.979090603915125,
2026-04-26 23:04:00+00,,,1.2699999928474426,49.97999988902699,
2026-04-26 23:05:00+00,,,1.2857142686843872,49.97249937057495,
2026-04-26 23:06:00+00,,,1.5833332985639572,50.02181833440607,
2026-04-26 23:07:00+00,,,1.4000000086697666,50.014166831970215,
2026-04-26 23:08:00+00,,,1.1599999964237213,50.02300033569336,
2026-04-26 23:09:00+00,,,1.4666666636864345,50.009999910990395,
2026-04-26 23:10:00+00,,,1.275000015894572,50.00999984741211,
2026-04-26 23:11:00+00,,,1.283333337555329,50.00416628519694,
2026-04-26 23:12:00+00,,,1.5699999928474426,49.98555586073134,
2026-04-26 23:13:00+00,,,1.4300000011920928,50.00749969482422,
2026-04-26 23:14:00+00,,,1.330000001192093,50.0016663869222,
2026-04-26 23:15:00+00,,,1.5444444285498724,49.99833329518636,
2026-04-26 23:16:00+00,,,1.4399999976158142,49.98833338419596,
2026-04-26 23:17:00+00,,,1.1818181655623696,50.0009089383212,
2026-04-26 23:18:00+00,,,1.1545454453338275,50.00636360862038,
2026-04-26 23:19:00+00,,,1.3454545465382663,49.989999597722836,
2026-04-26 23:20:00+00,,,1.633333335320155,50.001000213623044,
2026-04-26 23:21:00+00,,,1.216666653752327,50.013636502352625,
2026-04-26 23:22:00+00,,,1.2636363668875261,50.002727855335586,
2026-04-26 23:23:00+00,,,1.4181818149306558,50.01249980926514,
2026-04-26 23:24:00+00,,,1.266666665673256,50.00666650136312,
2026-04-26 23:25:00+00,,,1.2454545389522205,50.01583353678385,
2026-04-26 23:26:00+00,,,1.2700000047683715,49.98777770996094,
2026-04-26 23:27:00+00,,,1.5454545291987332,49.97777811686198,
2026-04-26 23:28:00+00,,,1.3727272803133184,49.9918178211559,
2026-04-26 23:29:00+00,,,1.225000003973643,49.99583371480306,
2026-04-26 23:30:00+00,,,1.172727270559831,50.009166399637856,
2026-04-26 23:31:00+00,,,1.3454545384103602,49.9862494468689,
2026-04-26 23:32:00+00,,,1.3099999845027923,50.00166670481364,
2026-04-26 23:33:00+00,,,1.3833333154519398,49.98833338419596,
2026-04-26 23:34:00+00,,,1.4166666716337204,49.99833265940348,
2026-04-26 23:35:00+00,,,1.6833333273728688,50.02999992370606,
2026-04-26 23:36:00+00,,,1.2999999956651167,50.021817987615414,
2026-04-26 23:37:00+00,,,1.4249999970197678,49.99500052134196,
2026-04-26 23:38:00+00,,,1.1916666825612385,50.007500648498535,
2026-04-26 23:39:00+00,,,1.4909090833230452,50.01090934059837,
2026-04-26 23:40:00+00,,,1.3199999928474426,50.00666650136312,
2026-04-26 23:41:00+00,,,1.4,49.97200012207031,
2026-04-26 23:42:00+00,,,1.3818181861530652,49.99700012207031,
2026-04-26 23:43:00+00,,,1.2500000124176343,50.00181857022372,
2026-04-26 23:44:00+00,,,1.2499999850988388,50.01083246866862,
2026-04-26 23:45:00+00,,,1.2499999940395354,50.03090910478072,
2026-04-26 23:46:00+00,,,1.4818181666460903,50.00666650136312,
2026-04-26 23:47:00+00,,,1.2000000029802322,50.00181822343306,
2026-04-26 23:48:00+00,,,1.349999984105428,49.99599990844727,
2026-04-26 23:49:00+00,,,1.272727263922041,50.00499954223633,
2026-04-26 23:50:00+00,,,1.4727272662249478,50.006363261829726,
2026-04-26 23:51:00+00,,,1.4181818095120517,50.02799911499024,
2026-04-26 23:52:00+00,,,1.5333333263794582,49.9883337020874,
2026-04-26 23:53:00+00,,,1.241666669646899,50.00583362579346,
2026-04-26 23:54:00+00,,,1.5363636369054967,49.97166633605957,
2026-04-26 23:55:00+00,,,1.3181818127632141,49.992726759477094,
2026-04-26 23:56:00+00,,,1.327272740277377,49.98749987284342,
2026-04-26 23:57:00+00,,,1.3666666895151138,50.000000346790664,
2026-04-26 23:58:00+00,,,1.4375,50.00636395541105,
2026-04-26 23:59:00+00,,,1.3999999978325584,50.0109089938077,
2026-04-27 00:00:00+00,,,2.0899999856948854,49.979166984558105,0
2026-04-27 00:01:00+00,,,2.374999980131785,49.98908996582031,
2026-04-27 00:02:00+00,,,2.4083333015441895,49.994166692097984,
2026-04-27 00:03:00+00,,,2.3083333174387612,50.018333435058594,
2026-04-27 00:04:00+00,,,2.2818181839856235,50.00699996948242,
2026-04-27 00:05:00+00,,,2.318181796507402,50.00545432350852,
2026-04-27 00:06:00+00,,,2.4727272553877397,50.00909077037465,
2026-04-27 00:07:00+00,,,2.4833333492279053,50.0281815962358,
2026-04-27 00:08:00+00,,,2.425000011920929,50.00363679365678,
2026-04-27 00:09:00+00,,,2.463636354966597,50.00583362579346,
2026-04-27 00:10:00+00,,,2.525000035762787,50.00272716175426,
2026-04-27 00:11:00+00,,,2.2416666448116302,50.01749960581461,
2026-04-27 00:12:00+00,,,2.4333333373069763,49.99818177656694,
2026-04-27 00:13:00+00,,,2.2999999956651167,50.007272546941586,
2026-04-27 00:14:00+00,,,2.433333327372869,49.98090952092951,
2026-04-27 00:15:00+00,,,2.0636363571340386,49.985833485921226,
2026-04-27 00:16:00+00,,,2.233333339293798,50.006363261829726,
2026-04-27 00:17:00+00,,,2.490909077904441,50.00636395541105,
2026-04-27 00:18:00+00,,,2.409090909090909,50.00454538518732,
2026-04-27 00:19:00+00,,,2.3699999928474424,49.97749996185303,
2026-04-27 00:20:00+00,,,2.249999980131785,49.98090882734819,
2026-04-27 00:21:00+00,,,2.463636354966597,49.9936356977983,
2026-04-27 00:22:00+00,,,2.2181818160143765,50.001000595092776,
2026-04-27 00:23:00+00,,,2.2909090627323496,49.999999618530275,
2026-04-27 00:24:00+00,,,2.433333307504654,50.0016663869222,
2026-04-27 00:25:00+00,,,2.3545454198663887,50.000000346790664,
2026-04-27 00:26:00+00,,,2.5090908895839346,49.99416700998942,
2026-04-27 00:27:00+00,,,2.4099999904632567,50.01545437899503,
2026-04-27 00:28:00+00,,,2.299999988079071,49.97833283742269,
2026-04-27 00:29:00+00,,,2.233333339293798,49.993636738170274,
2026-04-27 00:30:00+00,,,2.4000000086697666,49.98999955919054,
2026-04-27 00:31:00+00,,,2.2416666646798453,50.00416692097982,
2026-04-27 00:32:00+00,,,2.1499999880790712,49.997999572753905,
2026-04-27 00:33:00+00,,,2.4416666527589164,50.011999893188474,
2026-04-27 00:34:00+00,,,2.490000009536743,49.96833292643229,
2026-04-27 00:35:00+00,,,2.3999999978325586,49.99250030517578,
2026-04-27 00:36:00+00,,,2.2999999956651167,50.015999984741214,
2026-04-27 00:37:00+00,,,2.5090908895839346,49.99083296457926,
2026-04-27 00:38:00+00,,,2.1833333174387612,49.97250016530355,
2026-04-27 00:39:00+00,,,2.5454545454545454,49.98499997456869,
2026-04-27 00:40:00+00,,,2.174999992052714,49.98416678110758,
2026-04-27 00:41:00+00,,,2.1799999833106996,50.01545437899503,
2026-04-27 00:42:00+00,,,2.3099999904632567,50.04000015258789,
2026-04-27 00:43:00+00,,,2.263636339794506,50.01100082397461,
2026-04-27 00:44:00+00,,,2.2583333055178323,49.99400024414062,
2026-04-27 00:45:00+00,,,2.1799999952316282,50.00699996948242,
2026-04-27 00:46:00+00,,,2.2454545389522207,49.98181811246005,
2026-04-27 00:47:00+00,,,2.260000002384186,49.995454268022016,
2026-04-27 00:48:00+00,,,2.2909090627323496,50.01545472578569,
2026-04-27 00:49:00+00,,,2.425000011920929,50.03999996185303,
2026-04-27 00:50:00+00,,,2.3636363527991553,50.00166670481364,
2026-04-27 00:51:00+00,,,2.254545417698947,50.01300048828125,
2026-04-27 00:52:00+00,,,2.359999990463257,50.00916703542074,
2026-04-27 00:53:00+00,,,2.483333339293798,49.9800001780192,
2026-04-27 00:54:00+00,,,2.1636363701386885,49.9916664759318,
2026-04-27 00:55:00+00,,,2.2181818160143765,50.00900001525879,
2026-04-27 00:56:00+00,,,2.341666668653488,50.004544691606,
2026-04-27 00:57:00+00,,,2.372727253220298,50.00909146395597,
2026-04-27 00:58:00+00,,,2.3000000052981906,50.00499979654948,
2026-04-27 00:59:00+00,,,2.4363636428659614,49.98363633589311,
2026-04-27 01:00:00+00,,,3.3500000119209288,50.020999908447266,
2026-04-27 01:01:00+00,,,3.5416666666666665,49.99727283824574,
2026-04-27 01:02:00+00,,,3.758333365122477,50.026364066384055,
2026-04-27 01:03:00+00,,,3.7600000381469725,50.01599960327148,
2026-04-27 01:04:00+00,,,3.844444433848063,50.00999959309896,
2026-04-27 01:05:00+00,,,3.714285748345511,49.994999408721924,
2026-04-27 01:06:00+00,,,3.6909091039137407,50.01818154074929,
2026-04-27 01:07:00+00,,,3.3416666785875955,50.00999959309896,
2026-04-27 01:08:00+00,,,3.718181783502752,50.00166670481364,
2026-04-27 01:09:00+00,,,3.518181800842285,50.00727289373224,
2026-04-27 01:10:00+00,,,3.6181818571957676,49.985454906116836,
2026-04-27 01:11:00+00,,,3.3181818181818183,50.009090423583984,
2026-04-27 01:12:00+00,,,3.3833333452542624,50.015000343322754,
2026-04-27 01:13:00+00,,,3.5818181904879483,50.01749960581461,
2026-04-27 01:14:00+00,,,3.339999961853027,50.00909077037465,
2026-04-27 01:15:00+00,,,3.6083333492279053,50.021666526794434,
2026-04-27 01:16:00+00,,,3.5666666626930237,49.99333381652832,
2026-04-27 01:17:00+00,,,3.399999996026357,49.981666564941406,
2026-04-27 01:18:00+00,,,3.459999990463257,49.99090853604403,
2026-04-27 01:19:00+00,,,3.624999980131785,50.00545432350852,
2026-04-27 01:20:00+00,,,3.645454536784779,49.97636344216087,
2026-04-27 01:21:00+00,,,3.591666658719381,50.0011109246148,
2026-04-27 01:22:00+00,,,3.699999988079071,50.00000031789144,
2026-04-27 01:23:00+00,,,3.590909069234675,49.975454503839664,
2026-04-27 01:24:00+00,,,3.780000019073486,50.00833288828532,
2026-04-27 01:25:00+00,,,3.5090909004211426,49.9908332824707,
2026-04-27 01:26:00+00,,,3.7083333134651184,49.9991668065389,
2026-04-27 01:27:00+00,,,3.6083333690961203,49.98749987284342,
2026-04-27 01:28:00+00,,,3.549999976158142,50.001000213623044,
2026-04-27 01:29:00+00,,,3.416666646798452,50.00727289373224,
2026-04-27 01:30:00+00,,,3.524999976158142,50.00272716175426,
2026-04-27 01:31:00+00,,,3.5583333373069763,49.98749955495199,
2026-04-27 01:32:00+00,,,3.772727272727273,50.009090423583984,
2026-04-27 01:33:00+00,,,3.563636367971247,49.978333473205566,
2026-04-27 01:34:00+00,,,3.6916666825612388,49.9950008392334,
2026-04-27 01:35:00+00,,,3.574999988079071,50.0116662979126,
2026-04-27 01:36:00+00,,,3.4166666865348816,50.015000343322754,
2026-04-27 01:37:00+00,,,3.6800000190734865,50.01700019836426,
2026-04-27 01:38:00+00,,,3.60833332935969,49.98363633589311,
2026-04-27 01:39:00+00,,,3.4181818095120517,49.979090603915125,
2026-04-27 01:40:00+00,,,3.555555582046509,49.99363639137962,
2026-04-27 01:41:00+00,,,3.5000000216744165,50.0091667175293,
2026-04-27 01:42:00+00,,,3.7000000043348833,49.993636738170274,
2026-04-27 01:43:00+00,,,3.624999980131785,50.00363610007546,
2026-04-27 01:44:00+00,,,3.6899999618530273,50.00090928511186,
2026-04-27 01:45:00+00,,,3.6333333452542624,49.98090917413885,
2026-04-27 01:46:00+00,,,3.499999980131785,50.018333435058594,
2026-04-27 01:47:00+00,,,3.7700000047683715,50.01636366410689,
2026-04-27 01:48:00+00,,,3.6999999483426413,50.00999984741211,
2026-04-27 01:49:00+00,,,3.3666666944821677,50.00583362579346,
2026-04-27 01:50:00+00,,,3.574999968210856,50.01499970753988,
2026-04-27 01:51:00+00,,,3.4272727099331943,50.004545731977984,
2026-04-27 01:52:00+00,,,3.6200000524520872,50.017499923706055,
2026-04-27 01:53:00+00,,,3.3833333452542624,49.9908332824707,
2026-04-27 01:54:00+00,,,3.4583333333333335,49.98999994451349,
2026-04-27 01:55:00+00,,,3.7727272510528564,49.989166577657066,
2026-04-27 01:56:00+00,,,3.4899999856948853,50.0060001373291,
2026-04-27 01:57:00+00,,,3.6545454372059214,49.9991668065389,
2026-04-27 01:58:00+00,,,3.3583333492279053,49.979166984558105,
2026-04-27 01:59:00+00,,,3.7000000260092993,50.01250012715658,
2026-04-27 02:00:00+00,,,4.8818181644786485,49.99999968210856,
2026-04-27 02:01:00+00,,,5.210000038146973,49.98777813381619,
2026-04-27 02:02:00+00,,,4.958333412806193,49.9975004196167,
2026-04-27 02:03:00+00,,,5.041666666666667,50,
2026-04-27 02:04:00+00,,,4.909090909090909,50.01499938964844,
2026-04-27 02:05:00+00,,,4.745454571463845,49.9870002746582,
2026-04-27 02:06:00+00,,,4.969999980926514,49.99900016784668,
2026-04-27 02:07:00+00,,,4.874999920527141,49.99916617075602,
2026-04-27 02:08:00+00,,,4.858333349227905,50.0008331934611,
2026-04-27 02:09:00+00,,,5,49.987272089177914,
2026-04-27 02:10:00+00,,,4.98181811246005,49.995454268022016,
2026-04-27 02:11:00+00,,,5.074999928474426,49.98500029246012,
2026-04-27 02:12:00+00,,,4.81818186153065,49.99583307902018,
2026-04-27 02:13:00+00,,,4.975000023841858,49.99499956766764,
2026-04-27 02:14:00+00,,,4.933333357175191,49.989166577657066,
2026-04-27 02:15:00+00,,,5.054545445875688,50.01636297052557,
2026-04-27 02:16:00+00,,,4.9454545107754795,50.00181857022372,
2026-04-27 02:17:00+00,,,5.1099999904632565,49.99833329518636,
2026-04-27 02:18:00+00,,,4.9666666984558105,49.97083346048991,
2026-04-27 02:19:00+00,,,5.075000007947286,49.993333180745445,
2026-04-27 02:20:00+00,,,4.92000002861023,50.03363661332564,
2026-04-27 02:21:00+00,,,4.858333388964335,50.00727289373224,
2026-04-27 02:22:00+00,,,4.954545476219871,50.01250044504801,
2026-04-27 02:23:00+00,,,4.809090831063011,49.997499783833824,
2026-04-27 02:24:00+00,,,5.018181800842285,49.987272782759234,
2026-04-27 02:25:00+00,,,5.181818095120517,49.99818177656694,
2026-04-27 02:26:00+00,,,4.858333309491475,50.02272727272727,
2026-04-27 02:27:00+00,,,4.924999992052714,50.030833880106606,
2026-04-27 02:28:00+00,,,4.7583333651224775,49.99916648864746,
2026-04-27 02:29:00+00,,,5.0111111005147295,50.003000259399414,
2026-04-27 02:30:00+00,,,5.045454502105713,50.010000228881836,
2026-04-27 02:31:00+00,,,4.841666618982951,49.992726759477094,
2026-04-27 02:32:00+00,,,4.99090914292769,50.00000031789144,
2026-04-27 02:33:00+00,,,4.929999971389771,49.99249998728434,
2026-04-27 02:34:00+00,,,5.1,50.02272727272727,
2026-04-27 02:35:00+00,,,4.9749999443689985,50.00090928511186,
2026-04-27 02:36:00+00,,,5.258333404858907,50.00363679365678,
2026-04-27 02:37:00+00,,,4.981818155808882,49.98599967956543,
2026-04-27 02:38:00+00,,,4.989999914169312,50.01000054677328,
2026-04-27 02:39:00+00,,,5.041666666666667,49.990000291304156,
2026-04-27 02:40:00+00,,,5.000000043348833,50.005999374389646,
2026-04-27 02:41:00+00,,,4.972727342085405,50.00272716175426,
2026-04-27 02:42:00+00,,,4.872727264057506,49.98818241466176,
2026-04-27 02:43:00+00,,,4.991666674613953,49.99249998728434,
2026-04-27 02:44:00+00,,,4.889999961853027,49.99900016784668,
2026-04-27 02:45:00+00,,,4.808333396911621,49.985833485921226,
2026-04-27 02:46:00+00,,,5.119999980926513,49.98818172108043,
2026-04-27 02:47:00+00,,,5.03636360168457,49.98666636149088,
2026-04-27 02:48:00+00,,,4.980000019073486,49.99200019836426,
2026-04-27 02:49:00+00,,,5.009090900421143,50,
2026-04-27 02:50:00+00,,,4.516666611035665,50.00000031789144,
2026-04-27 02:51:00+00,,,5.000000043348833,50.01800003051758,
2026-04-27 02:52:00+00,,,5.263636328957298,49.98818172108043,
2026-04-27 02:53:00+00,,,5.03636360168457,49.99454567649148,
2026-04-27 02:54:00+00,,,4.983333388964335,49.982726703990586,
2026-04-27 02:55:00+00,,,4.73636362769387,50.000832875569664,
2026-04-27 02:56:00+00,,,4.854545419866389,49.989999597722836,
2026-04-27 02:57:00+00,,,5.0083333651224775,50.014166831970215,
2026-04-27 02:58:00+00,,,4.872727307406339,50.01454578746449,
2026-04-27 02:59:00+00,,,5.044444402058919,49.998888651529946,
2026-04-27 03:00:00+00,,,6.358333230018616,49.97999988902699,
2026-04-27 03:01:00+00,,,6.399999952316284,49.992727453058414,
2026-04-27 03:02:00+00,,,6.45,50.00500011444092,
2026-04-27 03:03:00+00,,,6.570000028610229,50.03111139933268,
2026-04-27 03:04:00+00,,,6.416666666666667,50.01636331731623,
2026-04-27 03:05:00+00,,,6.409090909090909,50.01916662851969,
2026-04-27 03:06:00+00,,,6.37500003973643,49.99500052134196,
2026-04-27 03:07:00+00,,,6.363636363636363,50.005455017089844,
2026-04-27 03:08:00+00,,,6.599999984105428,49.997272144664414,
2026-04-27 03:09:00+00,,,6.518181800842285,49.98454562100497,
2026-04-27 03:10:00+00,,,6.28333334128062,50.01545437899503,
2026-04-27 03:11:00+00,,,6.491666674613953,50.00090859153054,
2026-04-27 03:12:00+00,,,6.436363610354337,49.97636344216087,
2026-04-27 03:13:00+00,,,6.299999992052714,49.99583371480306,
2026-04-27 03:14:00+00,,,6.424999952316284,49.99555587768555,
2026-04-27 03:15:00+00,,,6.309090874411843,50.00333340962728,
2026-04-27 03:16:00+00,,,6.575000047683716,49.98909135298295,
2026-04-27 03:17:00+00,,,6.5111110475328235,49.98090952092951,
2026-04-27 03:18:00+00,,,6.445454554124312,50.01818223433061,
2026-04-27 03:19:00+00,,,6.318181818181818,49.999999576144745,
2026-04-27 03:20:00+00,,,6.436363697052002,50.013333002726235,
2026-04-27 03:21:00+00,,,6.6200000762939455,49.99250030517578,
2026-04-27 03:22:00+00,,,6.460000038146973,50.014545093883164,
2026-04-27 03:23:00+00,,,6.450000007947286,49.97083377838135,
2026-04-27 03:24:00+00,,,6.37499996026357,50.01249980926514,
2026-04-27 03:25:00+00,,,6.549999952316284,50.007273240522906,
2026-04-27 03:26:00+00,,,6.477777745988634,49.99222267998589,
2026-04-27 03:27:00+00,,,6.5,50.015000343322754,
2026-04-27 03:28:00+00,,,6.463636311617765,50.026363372802734,
2026-04-27 03:29:00+00,,,6.424999952316284,50,
2026-04-27 03:30:00+00,,,6.363636363636363,49.99300079345703,
2026-04-27 03:31:00+00,,,6.559999942779541,50.00600051879883,
2026-04-27 03:32:00+00,,,6.490909099578857,49.990908882834695,
2026-04-27 03:33:00+00,,,6.54545445875688,50.00749969482422,
2026-04-27 03:34:00+00,,,6.563636389645663,49.99636389992454,
2026-04-27 03:35:00+00,,,6.372727264057506,49.98749955495199,
2026-04-27 03:36:00+00,,,6.236363671042702,49.98299980163574,
2026-04-27 03:37:00+00,,,6.290909073569558,50.00199966430664,
2026-04-27 03:38:00+00,,,6.4454545107754795,49.99916617075602,
2026-04-27 03:39:00+00,,,6.558333357175191,50.01272756403143,
2026-04-27 03:40:00+00,,,6.53636360168457,50.01545472578569,
2026-04-27 03:41:00+00,,,6.427272753282026,49.991818167946555,
2026-04-27 03:42:00+00,,,6.508333325386047,49.98818172108043,
2026-04-27 03:43:00+00,,,6.22727277062156,50.00374984741211,
2026-04-27 03:44:00+00,,,6.672727281397039,49.99583339691162,
2026-04-27 03:45:00+00,,,6.3199999809265135,49.98454562100497,
2026-04-27 03:46:00+00,,,6.510000085830688,50.00333340962728,
2026-04-27 03:47:00+00,,,6.291666746139526,49.98333295186361,
2026-04-27 03:48:00+00,,,6.40833334128062,50.004545038396664,
2026-04-27 03:49:00+00,,,6.411111195882161,49.99416637420654,
2026-04-27 03:50:00+00,,,6.460000038146973,50.018888261583115,
2026-04-27 03:51:00+00,,,6.516666690508525,50.00818148526278,
2026-04-27 03:52:00+00,,,6.4083333015441895,50.01636331731623,
2026-04-27 03:53:00+00,,,6.472727255387739,50.015000343322754,
2026-04-27 03:54:00+00,,,6.630000019073487,50.0018178766424,
2026-04-27 03:55:00+00,,,6.436363653703169,50.0009089383212,
2026-04-27 03:56:00+00,,,6.290000009536743,49.99363604458895,
2026-04-27 03:57:00+00,,,6.424999952316284,49.97416687011719,
2026-04-27 03:58:00+00,,,6.225000023841858,50.013000106811525,
2026-04-27 03:59:00+00,,,6.345454519445246,50.03083356221517,
2026-04-27 04:00:00+00,,,8.062499940395355,50.01300048828125,
2026-04-27 04:01:00+00,,,8.150000095367432,49.988000106811526,
2026-04-27 04:02:00+00,,,7.836363662372936,50.02454514936967,
2026-04-27 04:03:00+00,,,7.908333381017049,50.01909082586115,
2026-04-27 04:04:00+00,,,7.980000066757202,50.00181857022372,
2026-04-27 04:05:00+00,,,8.079999923706055,50.01999961005317,
2026-04-27 04:06:00+00,,,7.916666746139526,50.010000228881836,
2026-04-27 04:07:00+00,,,8.190909125588156,49.970909118652344,
2026-04-27 04:08:00+00,,,7.8166667222976685,50.00083382924398,
2026-04-27 04:09:00+00,,,8.100000078027898,49.96400032043457,
2026-04-27 04:10:00+00,,,7.863636363636363,49.98833338419596,
2026-04-27 04:11:00+00,,,7.741666714350383,50.020909396084875,
2026-04-27 04:12:00+00,,,8.100000023841858,49.96181800148704,
2026-04-27 04:13:00+00,,,7.890909108248624,49.9908332824707,
2026-04-27 04:14:00+00,,,7.919999980926514,49.99090853604403,
2026-04-27 04:15:00+00,,,7.8666666348775225,49.9890910061923,
2026-04-27 04:16:00+00,,,8.018181844191117,50.01545403220437,
2026-04-27 04:17:00+00,,,8.125,49.99250030517578,
2026-04-27 04:18:00+00,,,7.908333381017049,49.994166692097984,
2026-04-27 04:19:00+00,,,7.9499999523162845,49.9919994354248,
2026-04-27 04:20:00+00,,,8.083333412806192,49.99818247014826,
2026-04-27 04:21:00+00,,,7.9,49.99666659037272,
2026-04-27 04:22:00+00,,,8.079999971389771,50,
2026-04-27 04:23:00+00,,,7.927272709933194,49.99909071488814,
2026-04-27 04:24:00+00,,,8.1,49.99545461481268,
2026-04-27 04:25:00+00,,,8.085714408329554,50.017499923706055,
2026-04-27 04:26:00+00,,,8.027272701263428,49.986666679382324,
2026-04-27 04:27:00+00,,,8.181818268515848,49.97400016784668,
2026-04-27 04:28:00+00,,,8.109090978449041,50.01181758533824,
2026-04-27 04:29:00+00,,,7.791666706403096,50.01444456312392,
2026-04-27 04:30:00+00,,,7.916666706403096,50.003636446866125,
2026-04-27 04:31:00+00,,,7.963636441664263,50.026363372802734,
2026-04-27 04:32:00+00,,,8.180000066757202,49.99000040690104,
2026-04-27 04:33:00+00,,,8.077777862548828,50.008181832053445,
2026-04-27 04:34:00+00,,,7.9749999443689985,49.989999771118164,
2026-04-27 04:35:00+00,,,7.699999982660467,50.00583267211914,
2026-04-27 04:36:00+00,,,7.909090952439741,50.00500011444092,
2026-04-27 04:37:00+00,,,8.03333338101705,50.00750001271566,
2026-04-27 04:38:00+00,,,8.299999918256487,49.991818167946555,
2026-04-27 04:39:00+00,,,7.775000095367432,50.00636395541105,
2026-04-27 04:40:00+00,,,7.924999952316284,50.01916662851969,
2026-04-27 04:41:00+00,,,8.162500023841858,49.9983336130778,
2026-04-27 04:42:00+00,,,7.960000038146973,50.00272750854492,
2026-04-27 04:43:00+00,,,8.033333420753479,49.9890910061923,
2026-04-27 04:44:00+00,,,8.025000015894571,49.98363633589311,
2026-04-27 04:45:00+00,,,7.950000047683716,50.010000228881836,
2026-04-27 04:46:00+00,,,8.25454551523382,49.99545461481268,
2026-04-27 04:47:00+00,,,7.800000190734863,50.01599960327148,
2026-04-27 04:48:00+00,,,8.009090900421143,50.00454538518732,
2026-04-27 04:49:00+00,,,7.944444444444445,50.02333354949951,
2026-04-27 04:50:00+00,,,7.754545558582652,49.989999771118164,
2026-04-27 04:51:00+00,,,7.9500000953674315,50.02454514936967,
2026-04-27 04:52:00+00,,,7.790000009536743,50.00444454616971,
2026-04-27 04:53:00+00,,,7.9454545974731445,50.013636502352625,
2026-04-27 04:54:00+00,,,7.880000114440918,50.004545731977984,
2026-04-27 04:55:00+00,,,8.05833343664805,49.97272699529474,
2026-04-27 04:56:00+00,,,8.045454588803379,49.986666679382324,
2026-04-27 04:57:00+00,,,8.050000047683715,49.979000091552734,
2026-04-27 04:58:00+00,,,7.916666626930237,49.98499997456869,
2026-04-27 04:59:00+00,,,8.040000009536744,49.998999786376956,
2026-04-27 05:00:00+00,,,9.53333338101705,49.985833485921226,
2026-04-27 05:01:00+00,,,9.399999965320934,49.994544982910156,
2026-04-27 05:02:00+00,,,9.529999923706054,50.01199913024902,
2026-04-27 05:03:00+00,,,9.43333331743876,50.003636446866125,
2026-04-27 05:04:00+00,,,9.600000063578287,49.99750010172526,
2026-04-27 05:05:00+00,,,9.520000076293945,49.98181811246005,
2026-04-27 05:06:00+00,,,16.69999991522895,49.987273476340555,
2026-04-27 05:07:00+00,,,16.5583332379659,49.994166692097984,
2026-04-27 05:08:00+00,,,16.579999923706055,50.013636502352625,
2026-04-27 05:09:00+00,,,16.566666920979817,50.01250012715658,
2026-04-27 05:10:00+00,,,16.636363636363637,49.9800001780192,
2026-04-27 05:11:00+00,,,16.53636342828924,50.0281815962358,
2026-04-27 05:12:00+00,,,16.666666587193806,49.982499758402504,
2026-04-27 05:13:00+00,,,16.241666475931805,50.00099983215332,
2026-04-27 05:14:00+00,,,16.458333492279053,49.98999994451349,
2026-04-27 05:15:00+00,,,16.6333331267039,50.01666673024496,
2026-04-27 05:16:00+00,,,16.587499976158142,50.00999984741211,
2026-04-27 05:17:00+00,,,16.13999996185303,50.021999740600585,
2026-04-27 05:18:00+00,,,16.8166667620341,50.014166831970215,
2026-04-27 05:19:00+00,,,16.34545473618941,49.99500007629395,
2026-04-27 05:20:00+00,,,16.454545281150125,50.004444970024956,
2026-04-27 05:21:00+00,,,16.400000138716265,49.97166601816813,
2026-04-27 05:22:00+00,,,16.309090961109508,49.9770004272461,
2026-04-27 05:23:00+00,,,16.71666685740153,50.0083335240682,
2026-04-27 05:24:00+00,,,16.633333285649616,49.982727397571914,
2026-04-27 05:25:00+00,,,16.369999885559082,49.989999771118164,
2026-04-27 05:26:00+00,,,16.72499990463257,50.02000045776367,
2026-04-27 05:27:00+00,,,16.27500009536743,49.97749996185303,
2026-04-27 05:28:00+00,,,16.92727279663086,49.97416623433431,9.999999747378752e-05
2026-04-27 05:29:00+00,,,16.46666669845581,50.01583353678385,0.00019999999494757503
2026-04-27 05:30:00+00,,,16.490000247955322,49.979000091552734,0.00035000000207219273
2026-04-27 05:31:00+00,,,16.500000086697664,49.98545455932617,
2026-04-27 05:32:00+00,,,16.608333428700764,49.9891668955485,
2026-04-27 05:33:00+00,,,16.6916667620341,49.986999893188475,0.0006000000090959171
2026-04-27 05:34:00+00,,,16.72499990463257,49.99416700998942,0.0009000000039425989
2026-04-27 05:35:00+00,,,16.47999973297119,50.001111348470054,0.0010999999940395355
2026-04-27 05:36:00+00,,,16.72500006357829,50.006667137145996,0.0012500000302679837
2026-04-27 05:37:00+00,,,16.608333269755047,50.005833307902016,0.001700000005907246
2026-04-27 05:38:00+00,,,16.40833322207133,50.01250012715658,0.0024000000142093214
2026-04-27 05:39:00+00,,,16.463636311617766,50.00900001525879,0.0030999999892498764
2026-04-27 05:40:00+00,,,16.281818389892578,50.003333727518715,
2026-04-27 05:41:00+00,,,27.516666730244953,49.98749987284342,0.005436363629996777
2026-04-27 05:42:00+00,,,29.029999923706054,50.01916694641113,0.013650000095367432
2026-04-27 05:43:00+00,,,28.489999961853027,50.00833320617676,0.019725000020116568
2026-04-27 05:44:00+00,,,28.62499976158142,49.97888861762153,0.023636363785375248
2026-04-27 05:45:00+00,,,29.059999847412108,50.010833740234375,0.029391666874289513
2026-04-27 05:46:00+00,,,28.955555597941082,49.99750010172526,0.03635833350320657
2026-04-27 05:47:00+00,,,28.766666571299236,49.99400024414062,0.039400000125169754
2026-04-27 05:48:00+00,,,28.999999809265137,49.99300003051758,0.042445454407822
2026-04-27 05:49:00+00,,,28.983333110809326,50.01181827891957,0.045524999809761844
2026-04-27 05:50:00+00,,,29.100000208074395,49.98500029246012,0.049416666850447655
2026-04-27 05:51:00+00,,,29.93333355585734,50.01166693369547,0.060858333483338356
2026-04-27 05:52:00+00,,,29.050000190734863,49.9972731850364,0.06907500016192596
2026-04-27 05:53:00+00,,,28.625,50,0.07199166715145111
2026-04-27 05:54:00+00,,,29.136363636363637,50.0200008392334,0.07520909065550024
2026-04-27 05:55:00+00,,,29.63999996185303,49.99583371480306,0.08007500010232131
2026-04-27 05:56:00+00,,,29.25,50.00833384195963,0.08449999988079071
2026-04-27 05:57:00+00,,,29.4399995803833,50.01545472578569,0.08822500022749107
2026-04-27 05:58:00+00,,,29.23636349764737,50.00090928511186,0.09165454520420595
2026-04-27 05:59:00+00,,,29.629999923706055,50.01583353678385,0.09560000027219455
2026-04-27 06:00:00+00,,,31.891666253407795,49.96500015258789,0.10855833378930886
2026-04-27 06:01:00+00,,,32.02727283130992,50.02363586425781,0.12479999971886475
2026-04-27 06:02:00+00,,,31.958332856496174,49.99833329518636,0.1407583331068357
2026-04-27 06:03:00+00,,,32.03636360168457,49.99363639137962,0.15619999983093955
2026-04-27 06:04:00+00,,,32.20000041614879,49.99666690826416,0.172050000478824
2026-04-27 06:05:00+00,,,32.4545451077548,50.010833422342934,0.1894249990582466
2026-04-27 06:06:00+00,,,32.11666695276896,50.0091667175293,0.2058416667083899
2026-04-27 06:07:00+00,,,31.527272137728605,50.03181873668324,0.2135727270082994
2026-04-27 06:08:00+00,,,31.241666793823242,49.98909065940163,0.21922500059008598
2026-04-27 06:09:00+00,,,31.65833314259847,49.99583339691162,0.22564166660110155
2026-04-27 06:10:00+00,,,32.675000031789146,50.03545448996804,0.24184166764219603
2026-04-27 06:11:00+00,,,32.550000031789146,50.01090934059837,0.26047499974568683
2026-04-27 06:12:00+00,,,32.56999969482422,50.008000183105466,0.27837272665717383
2026-04-27 06:13:00+00,,,32.727272900668055,49.986666679382324,0.2965083395441373
2026-04-27 06:14:00+00,,,33.05000019073486,50.0263637195934,0.3160499980052312
2026-04-27 06:15:00+00,,,33.190909125588156,50,0.33691666771968204
2026-04-27 06:16:00+00,,,32.936363220214844,49.98363564231179,0.3567083328962326
2026-04-27 06:17:00+00,,,32.63999996185303,49.99636320634322,0.3727363646030426
2026-04-27 06:18:00+00,,,32.56999950408935,49.992726759477094,0.38445000102122623
2026-04-27 06:19:00+00,,,33.11666711171468,49.9966672261556,0.40037500361601513
2026-04-27 06:20:00+00,,,33.163636294278234,50.01166661580404,0.42223333815733594
2026-04-27 06:21:00+00,,,33.55454566261985,50.02454514936967,0.4423363642259078
2026-04-27 06:22:00+00,,,33.510000228881836,49.99800033569336,0.46305833011865616
2026-04-27 06:23:00+00,,,33.358333587646484,49.97999988902699,0.48528333256642026
2026-04-27 06:24:00+00,,,33.3833335240682,49.995454961603336,0.5077333226799965
2026-04-27 06:25:00+00,,,32.29090811989524,50,0.5162166506052017
2026-04-27 06:26:00+00,,,32.745454441417344,50.02200012207031,0.5205636295405301
2026-04-27 06:27:00+00,,,32.96666622161865,49.97699966430664,0.5259000013271967
2026-04-27 06:28:00+00,,,33.87499968210856,49.982727397571914,0.5446333338816961
2026-04-27 06:29:00+00,,,34.03333346048991,49.97749996185303,0.5700583358605703
2026-04-27 06:30:00+00,,,33.972727342085406,49.97083377838135,0.5944333324829737
2026-04-27 06:31:00+00,,,34.081818320534445,50,0.6179090955040671
2026-04-27 06:32:00+00,,,33.43999977111817,49.988182067871094,0.6362250000238419
2026-04-27 06:33:00+00,,,33.15454517711293,50.000832875569664,0.6470416684945425
2026-04-27 06:34:00+00,,,33.5,50.02599983215332,0.658791666229566
2026-04-27 06:35:00+00,,,33.77500025431315,49.98416678110758,0.6731416632731756
2026-04-27 06:36:00+00,,,34.5,49.98363633589311,0.6970999945293773
2026-04-27 06:37:00+00,,,34.34999974568685,50.011817932128906,0.7213583240906397
2026-04-27 06:38:00+00,,,33.53333314259847,50.0009089383212,0.7366083413362503
2026-04-27 06:39:00+00,,,33.72499974568685,50.017777336968315,0.7469916691382726
2026-04-27 06:40:00+00,,,34.35999984741211,50.02750062942505,0.7610999996011908
2026-04-27 06:41:00+00,,,34.8666664759318,50.00699996948242,0.7868583351373672
2026-04-27 06:42:00+00,,,33.563636086203836,49.97545485063033,0.8049000004927317
2026-04-27 06:43:00+00,,,33.541666666666664,49.97727307406339,0.8129166662693024
2026-04-27 06:44:00+00,,,34.524999936421715,49.97750027974447,0.8247583359479904
2026-04-27 06:45:00+00,,,34.64545440673828,49.99599952697754,0.8499636324969205
2026-04-27 06:46:00+00,,,33.52222230699327,49.99583339691162,0.8625250061353048
2026-04-27 06:47:00+00,,,33.433332761128746,50.01333363850912,0.8697750071684519
2026-04-27 06:48:00+00,,,33.88333384195963,49.98833401997884,0.877741664648056
2026-04-27 06:49:00+00,,,34.433333502875435,50.00727289373224,0.8865000063722784
2026-04-27 06:50:00+00,,,35.15454517711293,49.99545461481268,0.911450003584226
2026-04-27 06:51:00+00,,,35.38333320617676,49.99888949924045,0.9413166691859564
2026-04-27 06:52:00+00,,,35.736363497647375,50,0.972733328739802
2026-04-27 06:53:00+00,,,35.6,49.98333316379123,1.0051333357890446
2026-04-27 06:54:00+00,,,35.1363639831543,50.01454544067383,1.0343916614850361
2026-04-27 06:55:00+00,,,34.745454268022016,50.008181138472125,1.053754535588351
2026-04-27 06:56:00+00,,,34.85454559326172,49.969999833540484,1.071233332157135
2026-04-27 06:57:00+00,,,35.16363664106889,49.99916648864746,1.0909583469231923
2026-04-27 06:58:00+00,,,35.95000038146973,50.02599983215332,1.118750015894572
2026-04-27 06:59:00+00,,,36.23636384443803,50.01100044250488,1.1498272744092075
2026-04-27 07:00:00+00,,,37.34166685740153,49.975000063578285,1.1815833350022633
2026-04-27 07:01:00+00,,,36.850000063578285,50.01500002543131,1.2100833455721538
2026-04-27 07:02:00+00,,,36.666666984558105,50.00916703542074,1.2318999866644542
2026-04-27 07:03:00+00,,,36.827272935347125,50.0081821788441,1.2521333396434784
2026-04-27 07:04:00+00,,,36.68999977111817,49.990908882834695,1.2714545401659878
2026-04-27 07:05:00+00,,,37.09090839732777,49.982727397571914,1.29093333085378
2026-04-27 07:06:00+00,,,36.840000534057616,49.97999986012777,1.3084749976793926
2026-04-27 07:07:00+00,,,36.25454538518732,49.97999988902699,1.3193916579087575
2026-04-27 07:08:00+00,,,36.29000053405762,50.00909077037465,1.32897272976962
2026-04-27 07:09:00+00,,,36.35999984741211,49.98000023581765,1.338649998108546
2026-04-27 07:10:00+00,,,37.53636342828924,50.01083278656006,1.3528833190600078
2026-04-27 07:11:00+00,,,38.37272678722035,49.997272144664414,1.3886916637420654
2026-04-27 07:12:00+00,,,38.436363913796164,50.00666745503744,1.4267333447933197
2026-04-27 07:13:00+00,,,38.59090943769975,49.96818230368874,1.4628000042655251
2026-04-27 07:14:00+00,,,39.166666666666664,50.020833015441895,1.4989999930063884
2026-04-27 07:15:00+00,,,39.05555555555556,50.00083382924398,1.5369500021139781
2026-04-27 07:16:00+00,,,38.53333282470703,49.997499783833824,1.5770083367824554
2026-04-27 07:17:00+00,,,38.07272720336914,49.99363639137962,1.6036833226680756
2026-04-27 07:18:00+00,,,39.154545523903586,49.995454268022016,1.6353181817314841
2026-04-27 07:19:00+00,,,38.97500038146973,50.012499491373696,1.6727583408355713
2026-04-27 07:20:00+00,,,37.51818188753995,50.03416633605957,1.7025083204110463
2026-04-27 07:21:00+00,,,36.92500019073486,49.978333155314125,1.7121166388193767
2026-04-27 07:22:00+00,,,36.86363636363637,50.01181862571023,1.7207273028113625
2026-04-27 07:23:00+00,,,38.170000076293945,50.02272761951793,1.7313167055447896
2026-04-27 07:24:00+00,,,39.55999984741211,50.010000228881836,1.7655833264191945
2026-04-27 07:25:00+00,,,39.56363643299449,49.99818142977628,1.8087000052134197
2026-04-27 07:26:00+00,,,39.690909298983485,49.997777726915146,1.8492363691329956
2026-04-27 07:27:00+00,,,39.55000038146973,50.003635753284804,1.8891749878724415
2026-04-27 07:28:00+00,,,39.72499974568685,50.002500216166176,1.931333323319753
2026-04-27 07:29:00+00,,,39.84545412930575,50.00400047302246,1.973683347304662
2026-04-27 07:30:00+00,,,39.649999936421715,50.02583312988281,2.0188750326633453
2026-04-27 07:31:00+00,,,39.65454517711293,49.98555586073134,2.0613083640734353
2026-04-27 07:32:00+00,,,39.67777760823568,50.004545731977984,2.1023999777707187
2026-04-27 07:33:00+00,,,39.850000063578285,50.00199966430664,2.1426249941190085
2026-04-27 07:34:00+00,,,38.766666412353516,49.993333180745445,2.168666660785675
2026-04-27 07:35:00+00,,,40.13636328957298,50.02666664123535,2.204716702302297
2026-04-27 07:36:00+00,,,40.209090839732774,49.991818167946555,2.246600021015514
2026-04-27 07:37:00+00,,,37.96363657171076,50.01272756403143,2.2689249912897744
2026-04-27 07:38:00+00,,,37.74545461481268,50.00545432350852,2.280758321285248
2026-04-27 07:39:00+00,,,38.40999984741211,50.00500011444092,2.2930249770482383
2026-04-27 07:40:00+00,,,39.354545246471055,49.990000089009605,2.3183000087738037
2026-04-27 07:41:00+00,,,38.82727258855646,49.98090917413885,2.3342727314342153
2026-04-27 07:42:00+00,,,38.48181811246005,50.01083278656006,2.348775009314219
2026-04-27 07:43:00+00,,,39.85833295186361,50.00999936190519,2.3699333667755127
2026-04-27 07:44:00+00,,,40.77499961853027,50.00500011444092,2.417233328024546
2026-04-27 07:45:00+00,,,40.62999992370605,50.004545038396664,2.4620181863958184
2026-04-27 07:46:00+00,,,39.941665967305504,49.99166679382324,2.501391669114431
2026-04-27 07:47:00+00,,,39.31818216497248,49.98600044250488,2.5261083245277405
2026-04-27 07:48:00+00,,,39.080000686645505,49.9916664759318,2.5502416690190635
2026-04-27 07:49:00+00,,,39.68333339691162,50.01699981689453,2.575683315594991
2026-04-27 07:50:00+00,,,40.89999961853027,50.02181833440607,2.6067909110676157
2026-04-27 07:51:00+00,,,41.122222900390625,49.99583371480306,2.6527249813079834
2026-04-27 07:52:00+00,,,41.44545468417081,50.03083292643229,2.701099971930186
2026-04-27 07:53:00+00,,,40.10833295186361,50.00583362579346,2.7398916482925415
2026-04-27 07:54:00+00,,,39.81111145019531,49.98454527421431,2.7688999573389688
2026-04-27 07:55:00+00,,,40.510000228881836,49.98500022888184,2.795927264473655
2026-04-27 07:56:00+00,,,40.733333587646484,50.017499923706055,2.828499992688497
2026-04-27 07:57:00+00,,,41.75454538518732,49.98499997456869,2.8773083289464316
2026-04-27 07:58:00+00,,,39.98181776566939,49.99818142977628,2.914341688156128
2026-04-27 07:59:00+00,,,40.73636384443803,50.02700004577637,2.9367727149616587
2026-04-27 08:00:00+00,,,41.274999936421715,50.03199996948242,2.9641000032424927
2026-04-27 08:01:00+00,,,42.64166673024496,49.99916648864746,2.993166704972585
2026-04-27 08:02:00+00,,,43.350000063578285,49.98083305358887,3.044908364613851
2026-04-27 08:03:00+00,,,43.54545454545455,50.00833320617676,3.1001500288645425
2026-04-27 08:04:00+00,,,43.30000062422319,49.984999656677246,3.150572755120017
2026-04-27 08:05:00+00,,,43.754545731977984,49.986363497647375,3.2010500033696494
2026-04-27 08:06:00+00,,,43.49999952316284,49.991428920200896,0.4390375018119812
2026-04-27 08:07:00+00,,,43.65000057220459,49.9941660563151,0.0827583335340023
2026-04-27 08:08:00+00,,,43.854545246471055,49.989999771118164,0.13438181985508313
2026-04-27 08:09:00+00,,,43.350000063578285,49.97181805697355,0.186124999076128
2026-04-27 08:10:00+00,,,43.97499974568685,50.013635808771305,0.24265000348289809
2026-04-27 08:11:00+00,,,42.027272657914594,49.98166688283285,0.2825833335518837
2026-04-27 08:12:00+00,,,42.063636779785156,49.99250030517578,0.30697499712308246
2026-04-27 08:13:00+00,,,43.94999961853027,49.98727243596857,0.34787272865122015
2026-04-27 08:14:00+00,,,43.99999968210856,49.98999994451349,0.4007500037550926
2026-04-27 08:15:00+00,,,44.29999987284342,50.00500011444092,0.46100833018620807
2026-04-27 08:16:00+00,,,44.125,50.004545038396664,0.5172499989469846
2026-04-27 08:17:00+00,,,43.99090922962535,49.992726759477094,0.5710727409882979
2026-04-27 08:18:00+00,,,44.13636363636363,49.98166688283285,0.6252666662136713
2026-04-27 08:19:00+00,,,44.43333371480306,50,0.6830000032981237
2026-04-27 08:20:00+00,,,44.791666984558105,50.01818188753995,0.7438750018676122
2026-04-27 08:21:00+00,,,44.46666622161865,50.04000027974447,0.8013500074545542
2026-04-27 08:22:00+00,,,44.66363664106889,50.01181862571023,0.8566636334766041
2026-04-27 08:23:00+00,,,44.87272782759233,50.0060001373291,0.9120416591564814
2026-04-27 08:24:00+00,,,44.916666666666664,50.01916694641113,0.9721416731675466
2026-04-27 08:25:00+00,,,44.84999974568685,50.030909451571375,1.033733328183492
2026-04-27 08:26:00+00,,,44.77272692593661,50.02545512806285,1.0926499962806702
2026-04-27 08:27:00+00,,,44.836363705721766,50.00272716175426,1.1492818160490557
2026-04-27 08:28:00+00,,,45.02727300470526,49.99166679382324,1.2060666680335999
2026-04-27 08:29:00+00,,,45.05454566261985,49.99333360460069,1.2686666746934254
2026-04-27 08:30:00+00,,,45.01666673024496,50.006363261829726,1.329666664203008
2026-04-27 08:31:00+00,,,45.40000048550692,49.98900032043457,1.3903916577498119
2026-04-27 08:32:00+00,,,44.95999984741211,50.005555894639755,1.4484363902698865
2026-04-27 08:33:00+00,,,44.42727279663086,50.00727289373224,1.5029499928156536
2026-04-27 08:34:00+00,,,43.2090915333141,50.01799964904785,1.538150002559026
2026-04-27 08:35:00+00,,,43.354545246471055,50.00181822343306,1.5670999983946483
2026-04-27 08:36:00+00,,,44.47000007629394,50.025,1.6094000014391812
2026-04-27 08:37:00+00,,,43.15833346048991,50.0081821788441,1.64136670033137
2026-04-27 08:38:00+00,,,43.208333333333336,49.99416700998942,1.6668666700522106
2026-04-27 08:39:00+00,,,43.333333015441895,50.00555547078451,1.6942499876022339
2026-04-27 08:40:00+00,,,43.47499990463257,50.003636446866125,1.7199166516462963
2026-04-27 08:41:00+00,,,43.80000027743253,49.99636389992454,1.7487000226974487
2026-04-27 08:42:00+00,,,42.516666412353516,49.98333326975504,1.7679499983787537
2026-04-27 08:43:00+00,,,42.72999992370605,50.0008331934611,1.7822666664918263
2026-04-27 08:44:00+00,,,42.73333295186361,49.987500508626304,1.797091672817866
2026-04-27 08:45:00+00,,,45.50833320617676,49.990000089009605,1.8340583244959514
2026-04-27 08:46:00+00,,,45.918181679465555,49.96909089521928,1.8950454538518733
2026-04-27 08:47:00+00,,,44.754545731977984,50.00500011444092,1.938866674900055
2026-04-27 08:48:00+00,,,44.73333326975504,50.00727289373224,1.979174981514613
2026-04-27 08:49:00+00,,,45.53333314259847,49.986666679382324,2.0234083334604898
2026-04-27 08:50:00+00,,,45.54000015258789,50.03000036875407,2.0816666881243386
2026-04-27 08:51:00+00,,,44.69999972256747,50.00399971008301,2.115881854837591
2026-04-27 08:52:00+00,,,44.44545433738015,49.997499783833824,2.14499165614446
2026-04-27 08:53:00+00,,,46.09166717529297,50.01416619618734,2.1887583335240683
2026-04-27 08:54:00+00,,,46.50833288828532,50.02272692593661,2.2537916700045266
2026-04-27 08:55:00+00,,,43.96363657171076,50.009091117165305,2.298118157820268
2026-04-27 08:56:00+00,,,45.14166673024496,49.98833306630453,2.3295416633288064
2026-04-27 08:57:00+00,,,44.36666615804037,50.017272602428086,2.3777916431427
2026-04-27 08:58:00+00,,,43.49166711171468,50.014545093883164,2.3994083404541016
2026-04-27 08:59:00+00,,,43.66363594748757,50.013999938964844,2.4190636548128994
2026-04-27 09:00:00+00,,,46.05833307902018,50.00499992370605,2.443733334541321
2026-04-27 09:01:00+00,,,45.936363913796164,50.01818223433061,2.488366683324178
2026-04-27 09:02:00+00,,,45.88181825117631,49.98363668268377,2.5224250157674155
2026-04-27 09:03:00+00,,,45.80000027743253,49.97999986012777,2.5546583334604898
2026-04-27 09:04:00+00,,,47.999999653209336,49.970909118652344,2.598418192429976
2026-04-27 09:05:00+00,,,46.16363594748757,50.003636446866125,2.650124986966451
2026-04-27 09:06:00+00,,,45.81818216497248,50.00166670481364,2.682758311430613
2026-04-27 09:07:00+00,,,46.22999954223633,49.99272710626776,2.7163416544596353
2026-04-27 09:08:00+00,,,47.69166660308838,50,2.7553250193595886
2026-04-27 09:09:00+00,,,48.254544691606,50.011817932128906,2.8200545527718286
2026-04-27 09:10:00+00,,,48.57272720336914,49.99583307902018,2.887049992879232
2026-04-27 09:11:00+00,,,48.65833314259847,50.01909082586115,2.960950016975403
2026-04-27 09:12:00+00,,,48.718181956898086,49.99500045776367,3.034125010172526
2026-04-27 09:13:00+00,,,49.23636384443803,50.0069995880127,3.1023636297746138
2026-04-27 09:14:00+00,,,48.59999974568685,49.98333316379123,3.170524994532267
2026-04-27 09:15:00+00,,,47.24166679382324,50.00454538518732,3.2270999948183694
2026-04-27 09:16:00+00,,,47.249999618530275,50.00166670481364,3.269291659196218
2026-04-27 09:17:00+00,,,48.83636335893111,49.970909118652344,3.3297500014305115
2026-04-27 09:18:00+00,,,49.259999465942386,50.01099967956543,3.399372772736983
2026-04-27 09:19:00+00,,,49.25000031789144,49.98999994451349,3.469616651535034
2026-04-27 09:20:00+00,,,48.900000138716265,50.02083365122477,3.542858362197876
2026-04-27 09:21:00+00,,,49.19999972256747,49.96454585682262,3.6210999886194863
2026-04-27 09:22:00+00,,,47.583333015441895,50.00416628519694,3.677999993165334
2026-04-27 09:23:00+00,,,47.30909035422585,49.996999740600586,3.7188909487290815
2026-04-27 09:24:00+00,,,47.59166622161865,49.99374961853027,3.759824971357981
2026-04-27 09:25:00+00,,,48.07499980926514,49.99545392123136,3.806999981403351
2026-04-27 09:26:00+00,,,49.28181838989258,49.97899971008301,3.8787333170572915
2026-04-27 09:27:00+00,,,46.78333377838135,50.03000051325018,3.9338250160217285
2026-04-27 09:28:00+00,,,46.436363913796164,49.995454268022016,3.9573000127618965
2026-04-27 09:29:00+00,,,46.79166603088379,49.987999725341794,3.9816250006357827
2026-04-27 09:30:00+00,,,49.45000044504801,49.98833306630453,4.043624957402547
2026-04-27 09:31:00+00,,,49.74166679382324,50.01818188753995,4.122041662534078
2026-04-27 09:32:00+00,,,49.72999954223633,49.998999786376956,4.193590944463557
2026-04-27 09:33:00+00,,,49.48181811246005,50.03272767500444,4.265950004259746
2026-04-27 09:34:00+00,,,49.74545461481268,50.02083365122477,4.341524998346965
2026-04-27 09:35:00+00,,,49.74545461481268,49.99666690826416,4.421974976857503
2026-04-27 09:36:00+00,,,49.7583335240682,49.97249952952067,4.4999083280563354
2026-04-27 09:37:00+00,,,50.00909077037465,50.025454781272195,4.5735908421603115
2026-04-27 09:38:00+00,,,49.808332761128746,49.996363553133875,4.647141615549724
2026-04-27 09:39:00+00,,,48.618182095614344,49.99999968210856,4.719766616821289
2026-04-27 09:40:00+00,,,46.149999936421715,50.00909146395597,4.7494083642959595
2026-04-27 09:41:00+00,,,46.083333015441895,49.97545415704901,4.765891671180725
2026-04-27 09:42:00+00,,,46.16363594748757,49.981999206542966,4.781472769650546
2026-04-27 09:43:00+00,,,46.20000006935813,50.00200004577637,4.797091682751973
2026-04-27 09:44:00+00,,,49.9,50.00727289373224,4.838474949200948
2026-04-27 09:45:00+00,,,50.208333333333336,49.989999771118164,4.9199665784835815
2026-04-27 09:46:00+00,,,48.066667238871254,49.996666272481285,4.986225048700969
2026-04-27 09:47:00+00,,,47.499999653209336,49.979090603915125,5.012127312746915
2026-04-27 09:48:00+00,,,48.02499961853027,50.027272657914594,5.059725046157837
2026-04-27 09:49:00+00,,,47.566665967305504,49.981666564941406,5.092708349227905
2026-04-27 09:50:00+00,,,47.774999936421715,50.009999910990395,5.1244916915893555
2026-04-27 09:51:00+00,,,47.82727258855646,49.98999955919054,5.154681725935503
2026-04-27 09:52:00+00,,,50.527272657914594,50.01545472578569,5.217316627502441
2026-04-27 09:53:00+00,,,50.541666666666664,50.00181752985174,5.296000003814697
2026-04-27 09:54:00+00,,,50.59166685740153,49.989166577657066,5.37969172000885
2026-04-27 09:55:00+00,,,48.59999942779541,49.965000534057616,5.444458285967509
2026-04-27 09:56:00+00,,,47.96363657171076,50.00899963378906,5.478572715412486
2026-04-27 09:57:00+00,,,48.281818043101914,50.004545731977984,5.512600024541219
2026-04-27 09:58:00+00,,,48.83636405251243,49.99333349863688,5.551116665204366
2026-04-27 09:59:00+00,,,51.01818188753995,50.000832875569664,5.62945830821991
2026-04-27 10:00:00+00,,,51.975000063578285,50.01181827891957,5.710824966430664
2026-04-27 10:01:00+00,,,51.91818202625621,49.98545421253551,5.788445472717285
2026-04-27 10:02:00+00,,,51.583333015441895,50.01749960581461,5.866291642189026
2026-04-27 10:03:00+00,,,48.27499961853027,49.996363553133875,5.920225063959758
2026-04-27 10:04:00+00,,,47.916666666666664,50.0081821788441,5.943033417065938
2026-04-27 10:05:00+00,,,52.00909077037465,49.99600028991699,5.994009061293169
2026-04-27 10:06:00+00,,,52.06666692097982,49.98909065940163,6.072433352470398
2026-04-27 10:07:00+00,,,52.154545523903586,50.02090904929421,6.155224959055583
2026-04-27 10:08:00+00,,,52.31818181818182,50.0027268149636,6.240241686503093
2026-04-27 10:09:00+00,,,52.07272720336914,50.01888910929362,6.326808333396912
2026-04-27 10:10:00+00,,,52.38888846503364,50.02099952697754,6.405809185721657
2026-04-27 10:11:00+00,,,51.975000063578285,50.00833320617676,6.485491673151652
2026-04-27 10:12:00+00,,,48.15833314259847,49.98181845925071,6.530374924341838
2026-04-27 10:13:00+00,,,48.48333326975504,49.99750010172526,6.552908380826314
2026-04-27 10:14:00+00,,,48.40833346048991,50.00363610007546,6.5752750635147095
2026-04-27 10:15:00+00,,,47.98181880604137,49.99727283824574,6.595890912142667
2026-04-27 10:16:00+00,,,49.77272727272727,50.01454544067383,6.620991587638855
2026-04-27 10:17:00+00,,,52.72727272727273,50.01181827891957,6.693333347638448
2026-04-27 10:18:00+00,,,52.70000012715658,49.990908882834695,6.783524990081787
2026-04-27 10:19:00+00,,,52.67499987284342,49.9983336130778,6.869999965031941
2026-04-27 10:20:00+00,,,50.03636342828924,50.01545472578569,6.938172687183727
2026-04-27 10:21:00+00,,,48.90000025431315,50.01700019836426,6.965616742769877
2026-04-27 10:22:00+00,,,50.15833314259847,49.98090882734819,7.002624988555908
2026-04-27 10:23:00+00,,,49.081818320534445,49.9883337020874,7.0434499979019165
2026-04-27 10:24:00+00,,,49.29999993064187,49.96363587812944,7.072490952231667
2026-04-27 10:25:00+00,,,51.818181471391156,49.989166577657066,7.11490003267924
2026-04-27 10:26:00+00,,,48.93636356700551,49.996363553133875,7.169366717338562
2026-04-27 10:27:00+00,,,50.24166615804037,49.9941660563151,7.1992500225702925
2026-04-27 10:28:00+00,,,52.858333587646484,49.99416637420654,7.278783321380615
2026-04-27 10:29:00+00,,,53.01999969482422,49.98900032043457,7.3609091585332695
2026-04-27 10:30:00+00,,,52.583333333333336,49.99583307902018,7.443258245786031
2026-04-27 10:31:00+00,,,53.0454548922452,50.009999910990395,7.529674967130025
2026-04-27 10:32:00+00,,,53.13333320617676,50.0199998219808,7.618283311525981
2026-04-27 10:33:00+00,,,52.845454476096414,49.974166552225746,7.7092249393463135
2026-04-27 10:34:00+00,,,53.46363587812944,50.001000595092776,7.792709090492942
2026-04-27 10:35:00+00,,,52.77499961853027,49.98909135298295,7.876249988873799
2026-04-27 10:36:00+00,,,53.300000508626304,49.97416623433431,7.963341633478801
2026-04-27 10:37:00+00,,,53.32727258855646,49.98454562100497,8.054633299509684
2026-04-27 10:38:00+00,,,53.208333333333336,50.01900024414063,8.144508361816406
2026-04-27 10:39:00+00,,,53.18181818181818,50.016250133514404,8.227663560347123
2026-04-27 10:40:00+00,,,53.11666615804037,50.00400047302246,8.311266740163168
2026-04-27 10:41:00+00,,,53.39000015258789,49.98545421253551,8.398550033569336
2026-04-27 10:42:00+00,,,53.45000012715658,50.04545419866388,8.492724974950155
2026-04-27 10:43:00+00,,,52.6090913252397,49.98900032043457,8.577399947426535
2026-04-27 10:44:00+00,,,49.74999968210856,49.99272779984908,8.62559994061788
2026-04-27 10:45:00+00,,,49.98333326975504,49.97583293914795,8.655808369318644
2026-04-27 10:46:00+00,,,50.42727279663086,49.98833338419596,8.68910837173462
2026-04-27 10:47:00+00,,,49.540000915527344,50.00699996948242,8.724883079528809
2026-04-27 10:48:00+00,,,49.55,50.007777743869354,8.7496544231068
2026-04-27 10:49:00+00,,,49.959999084472656,50.01833311716715,8.77459160486857
2026-04-27 10:50:00+00,,,53.209090839732774,49.995834032694496,8.838658253351847
2026-04-27 10:51:00+00,,,53.62727286598899,50.01111094156901,8.9291250705719
2026-04-27 10:52:00+00,,,53.672727064652875,50.02000045776367,9.01975458318537
2026-04-27 10:53:00+00,,,53.10000038146973,49.99999930641868,9.10295836130778
2026-04-27 10:54:00+00,,,49.380000305175784,50.007500330607094,9.147791624069214
2026-04-27 10:55:00+00,,,49.42499987284342,50,9.172383149464926
2026-04-27 10:56:00+00,,,49.324999491373696,49.972727342085406,9.19825013478597
2026-04-27 10:57:00+00,,,49.381817904385656,50.01545507257635,9.223245360634543
2026-04-27 10:58:00+00,,,52.59166622161865,50.012727217240766,9.267325083414713
2026-04-27 10:59:00+00,,,53.72499974568685,50.00416628519694,9.355558315912882
2026-04-27 11:00:00+00,,,53.9636362249201,49.992499351501465,9.445049921671549
2026-04-27 11:01:00+00,,,53.533333672417534,50.024166107177734,9.538191636403402
2026-04-27 11:02:00+00,,,49.65454517711293,49.99818142977628,9.578090927817605
2026-04-27 11:03:00+00,,,50.041666984558105,50.01454474709251,9.599824984868368
2026-04-27 11:04:00+00,,,49.833333015441895,49.990833600362144,9.622658332188925
2026-04-27 11:05:00+00,,,53.42727314342152,49.9883337020874,9.672216653823853
2026-04-27 11:06:00+00,,,51.35833326975504,49.99500020345052,9.75183335940043
2026-04-27 11:07:00+00,,,50.78999977111816,50.018999862670896,9.787172750993209
2026-04-27 11:08:00+00,,,51.13333320617676,50.00749969482422,9.821124951044718
2026-04-27 11:09:00+00,,,50.93000030517578,50.01909117265181,9.857074975967407
2026-04-27 11:10:00+00,,,53.84166653951009,50.02272727272727,9.916400035222372
2026-04-27 11:11:00+00,,,54.27000007629395,49.96300010681152,10.006963729858398
2026-04-27 11:12:00+00,,,54.763636502352625,49.98363668268377,10.093541781107584
2026-04-27 11:13:00+00,,,54.163636294278234,50.030908757990055,10.18452501296997
2026-04-27 11:14:00+00,,,53.21818230368874,50.00545467029918,10.268616596857706
2026-04-27 11:15:00+00,,,50.6333335240682,50.000999450683594,10.306691646575928
2026-04-27 11:16:00+00,,,50.708333333333336,50.010833422342934,10.335408369700113
2026-04-27 11:17:00+00,,,50.20000006935813,49.98300018310547,10.36186356977983
2026-04-27 11:18:00+00,,,50.56363643299449,49.99363708496094,10.38879164059957
2026-04-27 11:19:00+00,,,52.24166679382324,49.99333349863688,10.423233350118002
2026-04-27 11:20:00+00,,,54.78333377838135,49.993333180745445,10.512158393859863
2026-04-27 11:21:00+00,,,54.50999984741211,49.97727272727273,10.601354598999023
2026-04-27 11:22:00+00,,,52.87499968210856,49.98833338419596,10.681749979654947
2026-04-27 11:23:00+00,,,50.59166685740153,49.98499997456869,10.717966636021933
2026-04-27 11:24:00+00,,,50.581817626953125,50.03600006103515,10.744758367538452
2026-04-27 11:25:00+00,,,54.300000508626304,50.01545472578569,10.803083419799805
2026-04-27 11:26:00+00,,,54.260000228881836,49.96636408025568,10.891209082169967
2026-04-27 11:27:00+00,,,54.47499974568685,50.00499947865804,10.978174924850464
2026-04-27 11:28:00+00,,,54.88333288828532,49.99500020345052,11.070133368174234
2026-04-27 11:29:00+00,,,54.69999980926514,50.03272767500444,11.164733091990152
2026-04-27 11:30:00+00,,,54.690909298983485,50.01499977111816,11.25732725316828
2026-04-27 11:31:00+00,,,53.33333365122477,50.00833320617676,11.340491692225138
2026-04-27 11:32:00+00,,,50.37272713401101,50.00454607876864,11.37986675898234
2026-04-27 11:33:00+00,,,50.61666679382324,49.990000089009605,11.406649907430014
2026-04-27 11:34:00+00,,,50.490000534057614,49.99500052134196,11.434691667556763
2026-04-27 11:35:00+00,,,50.48181845925071,50.00636360862038,11.461218227039684
2026-04-27 11:36:00+00,,,54.827272241765804,49.97999988902699,11.516291777292887
2026-04-27 11:37:00+00,,,54.93000030517578,50.00833320617676,11.608516693115234
2026-04-27 11:38:00+00,,,54.654545523903586,49.987999725341794,11.700708389282227
2026-04-27 11:39:00+00,,,54.79090881347656,49.992727453058414,11.79966672261556
2026-04-27 11:40:00+00,,,54.47999954223633,49.99454567649148,11.888790824196555
2026-04-27 11:41:00+00,,,53.3909086747603,49.987272782759234,11.971841732660929
2026-04-27 11:42:00+00,,,50.375,50.01583321889242,12.010941743850708
2026-04-27 11:43:00+00,,,54.56999969482422,50.013333002726235,12.064308325449625
2026-04-27 11:44:00+00,,,55.29166634877523,49.99833297729492,12.163600047429403
2026-04-27 11:45:00+00,,,54.89090902155096,49.98181811246005,12.252599889581854
2026-04-27 11:46:00+00,,,55.00909077037465,50.02545443448153,12.341299931208292
2026-04-27 11:47:00+00,,,55.166666984558105,50.02250003814697,12.43369174003601
2026-04-27 11:48:00+00,,,55.050000508626304,50.0009089383212,12.529833396275839
2026-04-27 11:49:00+00,,,55.01999969482422,50.006666819254555,12.623336358503861
2026-04-27 11:50:00+00,,,55.21666653951009,50.00583362579346,12.711866537729898
2026-04-27 11:51:00+00,,,54.941667238871254,50.01666673024496,12.804416735967001
2026-04-27 11:52:00+00,,,55.47500069936117,50.00545432350852,12.898174921671549
2026-04-27 11:53:00+00,,,55.21818161010742,50.01299934387207,12.997158368428549
2026-04-27 11:54:00+00,,,55.23636384443803,49.99909175526012,13.088845686479049
2026-04-27 11:55:00+00,,,54.97499974568685,49.99090922962535,13.178391536076864
2026-04-27 11:56:00+00,,,54.92727314342152,49.98749955495199,13.2713250319163
2026-04-27 11:57:00+00,,,54.983333905537926,49.99499988555908,13.36448327700297
2026-04-27 11:58:00+00,,,53.28333377838135,49.96909089521928,13.446100076039633
2026-04-27 11:59:00+00,,,53.05454566261985,49.98299942016602,13.502654509110885
2026-04-27 12:00:00+00,,,52.36363636363637,50.00099983215332,13.549333254496256
2026-04-27 12:01:00+00,,,52.041666666666664,49.981000137329104,13.592891772588095
2026-04-27 12:02:00+00,,,52.30833339691162,50.013333320617676,13.637049992879232
2026-04-27 12:03:00+00,,,52.090909784490414,49.995713915143696,13.682109225880016
2026-04-27 12:04:00+00,,,54.81818181818182,49.979166666666664,13.750724951426188
2026-04-27 12:05:00+00,,,54.927272449840196,49.968333880106606,13.842333396275839
2026-04-27 12:06:00+00,,,54.949999491373696,50.01833311716715,13.934749921162924
2026-04-27 12:07:00+00,,,55.166666984558105,49.97833379109701,14.02999997138977
2026-04-27 12:08:00+00,,,55.27000007629395,49.99272710626776,14.121818108992143
2026-04-27 12:09:00+00,,,55.31666660308838,49.989165941874184,14.210650046666464
2026-04-27 12:10:00+00,,,52.68333371480306,50.01166661580404,14.293266614278158
2026-04-27 12:11:00+00,,,50.64545405994762,49.978182012384586,14.324458360671997
2026-04-27 12:12:00+00,,,53.37000007629395,49.993636738170274,14.356927178122781
2026-04-27 12:13:00+00,,,54.809090701016515,50.01272687045011,14.438350121180216
2026-04-27 12:14:00+00,,,55.28333377838135,50.017500241597496,14.530425071716309
2026-04-27 12:15:00+00,,,55.49166679382324,50.02090904929421,14.623383283615112
2026-04-27 12:16:00+00,,,52.35000069936117,49.98545455932617,14.695374965667725
2026-04-27 12:17:00+00,,,51.98333326975504,49.99500052134196,14.744933287302652
2026-04-27 12:18:00+00,,,52.277777353922524,50.03300018310547,14.788772669705478
2026-04-27 12:19:00+00,,,52.081818320534445,49.98200035095215,14.832416693369547
2026-04-27 12:20:00+00,,,54.75833320617676,49.97666613260905,14.899483442306519
2026-04-27 12:21:00+00,,,55.18333339691162,50.000000346790664,14.99448331197103
2026-04-27 12:22:00+00,,,55.420000076293945,49.96875047683716,15.088818116621537
2026-04-27 12:23:00+00,,,55.15833250681559,49.99777687920464,15.1774001121521
2026-04-27 12:24:00+00,,,55.15833346048991,50.00272716175426,15.270224968592325
2026-04-27 12:25:00+00,,,54.56666660308838,49.99833265940348,15.362216631571451
2026-04-27 12:26:00+00,,,52.15454517711293,50.02111138237847,15.42253641648726
2026-04-27 12:27:00+00,,,51.93333339691162,49.96100044250488,15.462550004323324
2026-04-27 12:28:00+00,,,52.04999987284342,50.007272546941586,15.502508401870728
2026-04-27 12:29:00+00,,,52.44545399058949,49.996363553133875,15.543433348337809
2026-04-27 12:30:00+00,,,54.97999992370605,50.00299911499023,15.615924914677938
2026-04-27 12:31:00+00,,,54.83636405251243,50.01363615556197,15.710945476185191
2026-04-27 12:32:00+00,,,55.35454594005238,49.977499643961586,15.800174951553345
2026-04-27 12:33:00+00,,,55.281818043101914,50.00500043233236,15.892650047938028
2026-04-27 12:34:00+00,,,55.10909097844904,49.99545461481268,15.984866619110107
2026-04-27 12:35:00+00,,,54.27500025431315,50.03363591974432,16.07740831375122
2026-04-27 12:36:00+00,,,50.95454545454545,50.01636331731623,16.1283182664351
2026-04-27 12:37:00+00,,,50.318181471391156,49.989166577657066,16.151474952697754
2026-04-27 12:38:00+00,,,50.80000027743253,50.014166831970215,16.175850073496502
2026-04-27 12:39:00+00,,,50.263636502352625,50.023636211048476,16.200266520182293
2026-04-27 12:40:00+00,,,54.65833346048991,49.98181845925071,16.263808250427246
2026-04-27 12:41:00+00,,,54.839999771118165,49.98899955749512,16.355899984186347
2026-04-27 12:42:00+00,,,55.09166717529297,49.993636738170274,16.44450839360555
2026-04-27 12:43:00+00,,,54.72727272727273,50.002727855335586,16.53672520319621
2026-04-27 12:44:00+00,,,53.85833326975504,50.008181832053445,16.62398322423299
2026-04-27 12:45:00+00,,,52.21111128065321,49.96624994277954,16.681854594837535
2026-04-27 12:46:00+00,,,53.809091394597836,50.010833422342934,16.735841751098633
2026-04-27 12:47:00+00,,,54.80833339691162,49.97727307406339,16.82158327102661
2026-04-27 12:48:00+00,,,54.80000027743253,50.00833320617676,16.912833372751873
2026-04-27 12:49:00+00,,,54.90999984741211,50.032000350952146,17.00463326772054
2026-04-27 12:50:00+00,,,54.8909086747603,50.005455017089844,17.099336277354848
2026-04-27 12:51:00+00,,,54.85454559326172,49.99636389992454,17.18720006942749
2026-04-27 12:52:00+00,,,54.81666660308838,50.00500011444092,17.27894163131714
2026-04-27 12:53:00+00,,,54.809091394597836,49.99099960327148,17.371283054351807
2026-04-27 12:54:00+00,,,53.03636342828924,49.97999954223633,17.446827455000445
2026-04-27 12:55:00+00,,,54.16999969482422,50.0091667175293,17.5042249361674
2026-04-27 12:56:00+00,,,54.82500044504801,50.00416692097982,17.591041882832844
2026-04-27 12:57:00+00,,,54.89090936834162,49.99583339691162,17.682799975077312
2026-04-27 12:58:00+00,,,51.94999980926514,49.99454567649148,17.7523832321167
2026-04-27 12:59:00+00,,,51.15454517711293,50.022222730848526,17.785554539073598
2026-04-27 13:00:00+00,,,53.96666653951009,49.9916664759318,17.838266531626385
2026-04-27 13:01:00+00,,,54.42500019073486,50.00416660308838,17.927183469136555
2026-04-27 13:02:00+00,,,53.92499987284342,49.992726759477094,18.015558401743572
2026-04-27 13:03:00+00,,,54.58181797374379,49.98909135298295,18.104881980202414
2026-04-27 13:04:00+00,,,54.274999936421715,49.97999986012777,18.193599859873455
2026-04-27 13:05:00+00,,,54.40833314259847,49.99454602328214,18.28243335088094
2026-04-27 13:06:00+00,,,51.218181956898086,50.00750001271566,18.34678332010905
2026-04-27 13:07:00+00,,,51.04166634877523,50.003333727518715,18.38274161020915
2026-04-27 13:08:00+00,,,51.1000002080744,49.99727283824574,18.419754201715644
2026-04-27 13:09:00+00,,,52.416666666666664,49.9991668065389,18.46061658859253
2026-04-27 13:10:00+00,,,54.290909160267226,49.9763630953702,18.538972854614258
2026-04-27 13:11:00+00,,,52.89999961853027,50.010833740234375,18.625399907430012
2026-04-27 13:12:00+00,,,51.7583335240682,50.0091667175293,18.681283315022785
2026-04-27 13:13:00+00,,,51.85000038146973,49.99833329518636,18.73223336537679
2026-04-27 13:14:00+00,,,52.5000010899135,50.038333892822266,18.775571278163365
2026-04-28 08:18:00+00,,,44.107143129621235,50.0035719190325,3.8141142981392995
2026-04-28 08:19:00+00,,,44.44545468417081,49.994544982910156,3.8740818283774634
2026-04-28 08:20:00+00,,,44.40833377838135,50.00363610007546,3.933275024096171
2026-04-28 08:21:00+00,,,44.04166634877523,50.01416619618734,3.98984165986379
2026-04-28 08:22:00+00,,,41.672727758234196,50.029999542236325,4.015708327293396
2026-04-28 08:23:00+00,,,41.8833335240682,49.97500038146973,4.027950008710225
2026-04-28 08:24:00+00,,,41.44545433738015,50.01909082586115,4.040109070864591
2026-04-28 08:25:00+00,,,41.880000305175784,50.01400032043457,4.05147275057706
2026-04-28 08:26:00+00,,,42.9545451077548,49.986363497647375,4.067145390944048
2026-04-28 08:27:00+00,,,44.833333333333336,49.98909135298295,4.11869998772939
2026-04-28 08:28:00+00,,,44.972727342085406,49.98083305358887,4.180716633796692
2026-04-28 08:29:00+00,,,45.072727550159804,50.00400047302246,4.240925033887227
2026-04-28 08:30:00+00,,,45.17272741144354,50.01400032043457,4.3005333344141645
2026-04-28 08:31:00+00,,,45.524999936421715,49.99454532970082,4.3611916700998945
2026-04-28 08:32:00+00,,,45.10909028486772,50.00444412231445,4.422781814228404
2026-04-28 08:33:00+00,,,44.28181838989258,49.99909071488814,4.4792666832606
2026-04-28 08:34:00+00,,,43.172727064652875,50.02666664123535,4.512441674868266
2026-04-28 08:35:00+00,,,44.65833346048991,49.986363497647375,4.548900008201599
2026-04-28 08:36:00+00,,,45.51818188753995,49.96636373346502,4.6064091162248095
2026-04-28 08:37:00+00,,,45.30909035422585,49.993333180745445,4.670133312543233
2026-04-28 08:38:00+00,,,45.69090895219283,50.00272716175426,4.733227209611372
2026-04-28 08:39:00+00,,,45.970000457763675,50.01727225563743,4.796236384998668
2026-04-28 08:40:00+00,,,45.81000022888183,49.9990910616788,4.858809080990878
2026-04-28 08:41:00+00,,,46.000000346790664,50.001000595092776,4.921672734347257
2026-04-28 08:42:00+00,,,45.77272727272727,49.98090952092951,4.985681837255305
2026-04-28 08:43:00+00,,,46.19090895219283,49.99399948120117,5.0494818253950635
2026-04-28 08:44:00+00,,,46.11111068725586,49.97909025712447,5.113754575902766
2026-04-28 08:45:00+00,,,46.27272761951793,49.99363639137962,5.178099979053844
2026-04-28 08:46:00+00,,,46.07272720336914,50.02727300470526,5.243090889670632
2026-04-28 08:47:00+00,,,46.17272741144354,50.00900001525879,5.306445425206965
2026-04-28 08:48:00+00,,,46.17272810502486,50.00699996948242,5.371227221055464
2026-04-28 08:49:00+00,,,46.24000015258789,50.00636360862038,5.4362544579939405
2026-04-28 08:50:00+00,,,46.29090950705788,50.00900001525879,5.501481793143532
2026-04-28 08:51:00+00,,,44.927272449840196,49.971000289916994,5.560081828724254
2026-04-28 08:52:00+00,,,43.28181838989258,49.97636344216087,5.584499994913737
2026-04-28 08:53:00+00,,,44.50909077037465,50.033999633789065,5.603445399891246
2026-04-28 08:54:00+00,,,46.399999936421715,49.98750019073486,5.662624915440877
2026-04-28 08:55:00+00,,,46.66666634877523,49.99454532970082,5.731399973233541
2026-04-28 08:56:00+00,,,45.91818202625621,50.01727294921875,5.79651665687561
2026-04-28 08:57:00+00,,,45.399999936421715,50.000000381469725,5.841808358828227
2026-04-28 08:58:00+00,,,45.67272741144354,50.01200065612793,5.880409023978493
2026-04-28 08:59:00+00,,,45.21000022888184,49.99818177656694,5.922150055567424
2026-04-28 09:00:00+00,,,46.54545454545455,49.97999954223633,5.96346656481425
2026-04-28 09:01:00+00,,,47.51666673024496,50.00545397671786,6.011449972788493
2026-04-28 09:02:00+00,,,46.01666704813639,50.013333002726235,6.061250011126201
2026-04-28 09:03:00+00,,,45.98181811246005,50.01363684914329,6.090754465623335
2026-04-28 09:04:00+00,,,45.81666692097982,50.006666819254555,6.122408350308736
2026-04-28 09:05:00+00,,,46.03636342828924,49.99272710626776,6.153300007184346
2026-04-28 09:06:00+00,,,48.15833282470703,49.997499783833824,6.201733390490214
2026-04-28 09:07:00+00,,,48.60909097844904,49.9890910061923,6.269027233123779
2026-04-28 09:08:00+00,,,48.50833320617676,49.98833306630453,6.337733308474223
2026-04-28 09:09:00+00,,,48.58333365122477,49.98272705078125,6.411916613578796
2026-04-28 09:10:00+00,,,48.69999980926514,50.01181862571023,6.4824750026067095
2026-04-28 09:11:00+00,,,46.208333015441895,50.0108331044515,6.538791696230571
2026-04-28 09:12:00+00,,,46.03636342828924,50.0009089383212,6.564590974287554
2026-04-28 09:13:00+00,,,46.29166603088379,50.02249972025553,6.59084165096283
2026-04-28 09:14:00+00,,,46.44545433738015,50.01272756403143,6.617933392524719
2026-04-28 09:15:00+00,,,47.399999445134945,50.003636446866125,6.65945839881897
2026-04-28 09:16:00+00,,,45.599999861283735,49.99818142977628,6.6883909052068535
2026-04-28 09:17:00+00,,,46.16666709052192,50.00916608174642,6.711749990781148
2026-04-28 09:18:00+00,,,48.51818188753995,49.99099922180176,6.750316619873047
2026-04-28 09:19:00+00,,,48.26666704813639,50.00833384195963,6.8190272504633125
2026-04-28 09:20:00+00,,,46.916666666666664,49.990833600362144,6.862833340962728
2026-04-28 09:21:00+00,,,47.38333320617676,49.97083314259847,6.8992083470026655
2026-04-28 09:22:00+00,,,47.108333587646484,50.00636395541105,6.93535836537679
2026-04-28 09:23:00+00,,,47.32727258855646,50.00727289373224,6.970527302135121
2026-04-28 09:24:00+00,,,49.00833384195963,50.010833740234375,7.019975026448567
2026-04-28 09:25:00+00,,,49.22727307406339,50.0109089938077,7.09386666615804
2026-04-28 09:26:00+00,,,49.51666673024496,49.97727238048207,7.168066620826721
2026-04-28 09:27:00+00,,,49.509091117165305,50.013000106811525,7.239018136804754
2026-04-28 09:28:00+00,,,49.85833326975504,50.00500011444092,7.311658342679341
2026-04-28 09:29:00+00,,,47.763636502352625,50.009090423583984,7.3767499923706055
2026-04-28 09:30:00+00,,,47.69999980926514,50.020833333333336,7.418558359146118
2026-04-28 09:31:00+00,,,47.82500012715658,49.99545461481268,7.460325042406718
2026-04-28 09:32:00+00,,,47.77000007629395,49.9981821233576,7.5001090656627305
2026-04-28 09:33:00+00,,,48.07500012715658,50.00749937693278,7.541641632715861
2026-04-28 09:34:00+00,,,50.154545523903586,50.01500053405762,7.609216690063477
2026-04-28 09:35:00+00,,,50.11666679382324,49.96416664123535,7.685733318328857
2026-04-28 09:36:00+00,,,50.01666673024496,49.97583293914795,7.762491663297017
2026-04-28 09:37:00+00,,,49.920000076293945,50.03272767500444,7.8359363729303535
2026-04-28 09:38:00+00,,,49.05833371480306,50.01636366410689,7.910975019137065
2026-04-28 09:39:00+00,,,47.124999364217125,49.978333473205566,7.9538499514261884
2026-04-28 09:40:00+00,,,47.027272657914594,50.00727220015092,7.982008337974548
2026-04-28 09:41:00+00,,,47.06363643299449,50.01500053405762,8.010258277257284
2026-04-28 09:42:00+00,,,47.02727300470526,49.98363564231179,8.037181854248047
2026-04-28 09:43:00+00,,,49.208333015441895,50.00083351135254,8.078425089518229
2026-04-28 09:44:00+00,,,46.46363657171076,49.98000023581765,8.131449937820435
2026-04-28 09:45:00+00,,,46.4636362249201,50.04750029246012,8.149483442306519
2026-04-28 09:46:00+00,,,47.70909049294212,49.9981821233576,8.171090906316584
2026-04-28 09:47:00+00,,,50.645454753528945,50.01000005548651,8.237091700236002
2026-04-28 09:48:00+00,,,50.60000038146973,49.99750073750814,8.322383324305216
2026-04-28 09:49:00+00,,,50.25,49.98999994451349,8.400633335113525
2026-04-28 09:50:00+00,,,50.77499961853027,50.01454578746449,8.479133367538452
2026-04-28 09:51:00+00,,,50.35454559326172,49.99909071488814,8.55489106611772
2026-04-28 09:52:00+00,,,51.1,49.99500020345052,8.634099960327148
2026-04-28 09:53:00+00,,,50.8999997919256,49.999999576144745,8.718999862670898
2026-04-28 09:54:00+00,,,50.74166679382324,49.99272710626776,8.79930837949117
2026-04-28 09:55:00+00,,,50.67499987284342,49.980832735697426,8.879025061925253
2026-04-28 09:56:00+00,,,49.290909160267226,49.99636320634322,8.94376364621249
2026-04-28 09:57:00+00,,,48.16000061035156,49.98250039418539,8.980716784795126
2026-04-28 09:58:00+00,,,48.3833335240682,50.01500002543131,9.01752495765686
2026-04-28 09:59:00+00,,,49.42499987284342,49.97999986012777,9.065733432769775
2026-04-28 10:00:00+00,,,49.77272692593661,50.007272546941586,9.113981680436568
2026-04-28 10:01:00+00,,,51.0083335240682,50.01583290100098,9.169049978256226
2026-04-28 10:02:00+00,,,51.64000015258789,49.99666659037272,9.231750011444092
2026-04-28 10:11:00+00,,,51.86363636363637,50.00636395541105,10.000672773881393
2026-04-28 10:12:00+00,,,52.083333333333336,49.98545455932617,10.08193333943685
2026-04-28 10:13:00+00,,,52.4916664759318,50.00000031789144,10.1658083597819
2026-04-28 10:14:00+00,,,48.35555564032661,50.01999961005317,10.229233317905003
2026-04-28 10:15:00+00,,,49.23750019073486,49.97714287894113,7.694024953059852
2026-04-28 10:16:00+00,,,50.66363664106889,49.982499758402504,0.08452500061442454
2026-04-28 10:17:00+00,,,49.35833326975504,49.995454268022016,0.12185833230614662
2026-04-28 10:18:00+00,,,49.12000007629395,49.9918178211559,0.15470000017773022
2026-04-28 10:19:00+00,,,49.22499974568685,49.982727397571914,0.18939999987681708
2026-04-28 10:20:00+00,,,52.083333015441895,50.002500216166176,0.24246666952967644
2026-04-28 10:21:00+00,,,52.583333015441895,49.986000061035156,0.3267333308855693
2026-04-28 10:22:00+00,,,52.65000025431315,49.98833338419596,0.4125083287556966
2026-04-28 10:23:00+00,,,52.23000030517578,49.99600028991699,0.49583636359734967
2026-04-28 10:24:00+00,,,49.32727258855646,50.00777732001411,0.5451249976952871
2026-04-28 10:25:00+00,,,49.32499980926514,49.983333587646484,0.5766916672388712
2026-04-28 10:26:00+00,,,49.47000007629394,50.013000106811525,0.6057700037956237
2026-04-28 10:27:00+00,,,51.91818202625621,50.00181752985174,0.6558999906886708
2026-04-28 10:28:00+00,,,53.06666692097982,50.00499992370605,0.7369333356618881
2026-04-28 10:29:00+00,,,50.958333333333336,50.03833325703939,0.8071999947230021
2026-04-28 10:30:00+00,,,50.80000027743253,50.00499992370605,0.8573909076777372
2026-04-28 10:31:00+00,,,51.041666666666664,50.01500015258789,0.9095416565736135
2026-04-28 10:32:00+00,,,50.95454545454545,49.9991668065389,0.9605166614055634
2026-04-28 10:33:00+00,,,51.524999936421715,50,1.0117833365996678
2026-04-28 10:34:00+00,,,52.82500044504801,49.97999954223633,1.084850013256073
2026-04-28 10:35:00+00,,,53.163636294278234,50.01222271389432,1.1706636493856257
2026-04-28 10:36:00+00,,,53.26363684914329,49.99166711171468,1.2579916715621948
2026-04-28 10:37:00+00,,,53.03333314259847,49.99916617075602,1.34519166747729
2026-04-28 10:38:00+00,,,51.31666660308838,49.99833393096924,1.4099250038464863
2026-04-28 10:39:00+00,,,51.05,49.9890910061923,1.4579272703690962
2026-04-28 10:40:00+00,,,53.42499987284342,50.01500002543131,1.530083328485489
2026-04-28 10:41:00+00,,,53.250000635782875,50.00999959309896,1.6207416752974193
2026-04-28 10:42:00+00,,,53.20909118652344,50.017500241597496,1.7079750100771587
2026-04-28 10:43:00+00,,,52.96666653951009,49.9991668065389,1.7952000002066295
2026-04-28 10:44:00+00,,,50.78181838989258,49.99400024414062,1.8681545365940442
2026-04-28 10:45:00+00,,,48.79999987284342,49.991818167946555,1.8922666609287262
2026-04-28 10:46:00+00,,,53.44166692097982,50.024166425069176,1.9435916741689045
2026-04-28 10:47:00+00,,,53.79999993064187,49.9891668955485,2.0325833559036255
2026-04-28 10:48:00+00,,,53.20909049294212,49.97833379109701,2.121958295504252
2026-04-28 10:49:00+00,,,53.333333333333336,49.99333381652832,2.210416634877523
2026-04-28 10:50:00+00,,,53.59090943769975,49.99222267998589,2.3024091070348565
2026-04-28 10:51:00+00,,,53.86250019073486,50.00999959309896,2.3945888678232827
2026-04-28 10:52:00+00,,,53.527272657914594,49.98833338419596,2.4772333105405173
2026-04-28 10:53:00+00,,,52.95,49.98749955495199,2.5654999812444053
2026-04-28 10:54:00+00,,,49.15,49.994999694824216,2.6075249711672464
2026-04-28 10:55:00+00,,,49.25454538518732,50.008182525634766,2.627827275883068
2026-04-28 10:56:00+00,,,49.281818043101914,49.96000012484464,2.6477583050727844
2026-04-28 10:57:00+00,,,48.8999998304579,50.007777743869354,2.665344476699829
2026-04-28 11:09:00+00,,,51.89999961853027,50.01499938964844,3.635550022125244
2026-04-28 11:10:00+00,,,50.78181838989258,50.0060001373291,3.653990875590931
2026-04-28 11:11:00+00,,,53.99166679382324,49.995454961603336,3.7135916352272034
2026-04-28 11:12:00+00,,,54.51818154074929,49.99272710626776,3.8058416843414307
2026-04-28 11:13:00+00,,,54.44166692097982,49.99249998728434,3.8970999717712402
2026-04-28 11:14:00+00,,,54.590000534057616,50.005455017089844,3.9882583618164062
2026-04-28 11:15:00+00,,,54.64000015258789,50.008181832053445,4.074936389923096
2026-04-28 11:16:00+00,,,54.708333015441895,50.00333340962728,4.170050064722697
2026-04-28 11:17:00+00,,,54.666666984558105,50.00636360862038,4.261866728464763
2026-04-28 11:18:00+00,,,53.59166653951009,50.026363372802734,4.350091536839803
2026-04-28 11:19:00+00,,,50.849999618530276,50.008181832053445,4.390854532068426
2026-04-28 11:22:00+00,,,55.400001525878906,50.02000045776367,4.595699787139893
2026-04-28 11:23:00+00,,,54.975000063578285,50.00666650136312,4.6455583572387695
2026-04-28 11:24:00+00,,,55.12000007629395,50.00599975585938,4.734036272222346
2026-04-28 11:25:00+00,,,52.60833326975504,50.00666650136312,4.81629999478658
2026-04-28 11:26:00+00,,,52.881817904385656,50.00333340962728,4.868099967638652
2026-04-28 11:27:00+00,,,54.81666660308838,50.01545437899503,4.952783306439717
2026-04-28 11:28:00+00,,,54.71818230368874,49.9966663784451,5.044866641362508
2026-04-28 11:29:00+00,,,54.94545433738015,50.005455017089844,5.134109063581987
2026-04-28 11:30:00+00,,,52.07272720336914,49.977499643961586,5.208833336830139
2026-04-28 11:31:00+00,,,51.46363657171076,49.986666679382324,5.24833329518636
2026-04-28 11:32:00+00,,,52.300000508626304,49.96909089521928,5.288574934005737
2026-04-28 11:33:00+00,,,54.74166679382324,49.98999998304579,5.364516655604045
2026-04-28 11:34:00+00,,,54.47272768887606,49.99874973297119,5.454454552043568
2026-04-28 11:35:00+00,,,50.391666412353516,50.0091667175293,5.504058321317037
2026-04-28 11:36:00+00,,,50,50.01333363850912,5.524241646130879
2026-04-28 11:37:00+00,,,50.1090913252397,49.9972731850364,5.544550021489461
2026-04-28 11:38:00+00,,,54.30909035422585,49.9981821233576,5.588781790299849
2026-04-28 11:39:00+00,,,51.02500025431315,49.986666679382324,5.6502416133880615
2026-04-28 11:40:00+00,,,50.47999954223633,49.994166692097984,5.671833356221517
2026-04-28 11:41:00+00,,,51.2583335240682,50,5.705149968465169
2026-04-28 11:42:00+00,,,50.67272741144354,49.996363553133875,5.72985835870107
2026-04-28 11:43:00+00,,,50.68181818181818,49.98899917602539,5.7535272078080615
2026-04-28 11:44:00+00,,,50.53333346048991,50.01636366410689,5.779116590817769
2026-04-28 11:45:00+00,,,50.62727286598899,50.00166670481364,5.804391622543335
2026-04-28 11:46:00+00,,,51.54166730244955,50.00749969482422,5.837583343187968
2026-04-28 11:47:00+00,,,51.63999977111816,49.969999833540484,5.872799916700884
2026-04-28 11:48:00+00,,,51.50000031789144,50.01500002543131,5.9086917241414385
2026-04-28 11:49:00+00,,,52.483333587646484,50.0116662979126,5.950424989064534
2026-04-28 11:50:00+00,,,52.96666685740153,50.00333340962728,6.016208291053772
2026-04-28 11:51:00+00,,,51.56363573941317,49.9890910061923,6.058500011761983
2026-04-28 11:52:00+00,,,52.18181748823686,49.98500022888184,6.097136367451061
2026-04-28 11:53:00+00,,,51.754545731977984,50.003636446866125,6.137091596921285
2026-04-28 11:54:00+00,,,52.58333365122477,49.99363639137962,6.180516680081685
2026-04-28 11:55:00+00,,,55.06363643299449,50.01545403220437,6.257291674613953
2026-04-28 11:56:00+00,,,54.81666628519694,50.01083278656006,6.350683331489563
2026-04-28 11:57:00+00,,,54.61666742960612,50.01599960327148,6.420916636784871
2026-04-28 11:58:00+00,,,55.014286041259766,50.01571464538574,6.527307067598615
2026-04-28 11:59:00+00,,,54.824999491373696,49.99583371480306,6.63058336575826
2026-04-28 12:00:00+00,,,54.766666412353516,50.0533332824707,6.688733418782552
2026-04-28 12:01:00+00,,,52.38888825310601,50.01777776082357,6.756555530760023
2026-04-28 12:02:00+00,,,52.31666628519694,50.00333309173584,6.811575015385945
2026-04-28 12:03:00+00,,,51.96666685740153,49.9975004196167,6.854958335558574
2026-04-28 12:04:00+00,,,52.8545448996804,49.99099998474121,6.902409076690674
2026-04-28 12:05:00+00,,,52.58333365122477,50.00166670481364,6.950233379999797
2026-04-28 12:06:00+00,,,52.15833346048991,49.999167124430336,7.002041618029277
2026-04-28 12:07:00+00,,,52.611111111111114,50.02111138237847,7.056633313496907
2026-04-28 12:08:00+00,,,54.66000061035156,50.01444456312392,7.108169984817505
2026-04-28 12:09:00+00,,,55.23000030517578,50.01900024414063,7.20834002494812
2026-04-28 12:10:00+00,,,55.25,50.02200050354004,7.293441692988078
2026-04-28 12:11:00+00,,,55.418181679465555,50.00909007679332,7.393733302752177
2026-04-28 12:12:00+00,,,53.32727328213778,49.982727397571914,7.46654995282491
2026-04-28 12:13:00+00,,,53.075000286102295,49.99555587768555,7.520275076230367
2026-04-28 12:14:00+00,,,52.82500012715658,50.012727910822086,7.573858340581258
2026-04-28 12:15:00+00,,,52.90909125588157,50.02363655783913,7.625090989199552
2026-04-28 12:16:00+00,,,53.32222239176432,49.97888861762153,7.674400011698405
2026-04-28 12:17:00+00,,,55.33333428700765,49.98100051879883,7.759041706720988
2026-04-28 12:18:00+00,,,55.29166634877523,49.979166984558105,7.851558327674866
2026-04-28 12:19:00+00,,,54.30999984741211,49.99799995422363,7.939709056507457
2026-04-28 12:20:00+00,,,50.78333346048991,49.99090853604403,7.981916705767314
2026-04-28 12:21:00+00,,,52.881818597966976,50.015000343322754,8.015883406003317
2026-04-28 12:22:00+00,,,55.55,50.01000054677328,8.100200017293295
2026-04-28 12:23:00+00,,,55.063636779785156,49.9916664759318,8.193666934967041
2026-04-28 12:24:00+00,,,52.880000305175784,50.004545731977984,8.262481862848455
2026-04-28 12:25:00+00,,,53.391666094462074,49.982499758402504,8.317358334859213
2026-04-28 12:26:00+00,,,55.23636315085671,49.99727283824574,8.407074928283691
2026-04-28 12:27:00+00,,,55.00833320617676,50.00090928511186,8.501083532969156
2026-04-28 12:28:00+00,,,54.916666666666664,49.99636320634322,8.59356657663981
2026-04-28 12:29:00+00,,,55.02000007629395,50.00399971008301,8.682318080555309
2026-04-28 12:30:00+00,,,54.20000044504801,49.982499758402504,8.769924879074097
2026-04-28 12:31:00+00,,,52.61818174882369,49.97818166559393,8.828633387883505
2026-04-28 12:32:00+00,,,52.63999977111816,50.0016663869222,8.877191623051962
2026-04-28 12:33:00+00,,,53.72727238048207,49.99833329518636,8.933300018310547
2026-04-28 12:34:00+00,,,54.781818043101914,49.99636320634322,9.017781777815385
2026-04-28 12:35:00+00,,,55.28333346048991,50.01250044504801,9.112074931462606
2026-04-28 12:36:00+00,,,55.175000508626304,49.996363553133875,9.207516749699911
2026-04-28 12:37:00+00,,,53.30000019073486,49.98416678110758,9.285716613133749
2026-04-28 12:38:00+00,,,52.936363913796164,49.98090882734819,9.33989091352983
2026-04-28 12:39:00+00,,,52.93333339691162,50.01499970753988,9.393983364105225
2026-04-28 12:40:00+00,,,54.400000138716265,49.98909065940163,9.466183503468832
2026-04-28 12:41:00+00,,,55.1090913252397,49.99363639137962,9.558274984359741
2026-04-28 12:42:00+00,,,51.85833295186361,49.99909071488814,9.62928326924642
2026-04-28 12:43:00+00,,,50.499999653209336,50.00727289373224,9.653045394203879
2026-04-28 12:44:00+00,,,50.81666628519694,49.99636389992454,9.675724983215332
2026-04-28 12:45:00+00,,,50.416666666666664,50.0112509727478,9.700641632080078
2026-04-28 12:46:00+00,,,54.93333371480306,49.9890910061923,9.75569979349772
2026-04-28 12:47:00+00,,,54.709090839732774,50.01833311716715,9.848608255386353
2026-04-28 12:48:00+00,,,54.954546148126774,49.99909071488814,9.936481909318404
2026-04-28 12:49:00+00,,,54.754545731977984,50.010833740234375,10.026600042978922
2026-04-28 12:50:00+00,,,54.708333333333336,50.025454781272195,10.12369998296102
2026-04-28 12:51:00+00,,,50.791666984558105,50.013333320617676,10.178216775258383
2026-04-28 12:52:00+00,,,50.54545419866388,49.99636389992454,10.201127312400125
2026-04-28 12:53:00+00,,,50.42499987284342,49.982727397571914,10.224133253097534
2026-04-28 12:54:00+00,,,53.391666094462074,49.997499783833824,10.264808416366577
2026-04-28 12:55:00+00,,,55.089999771118165,50.03000068664551,10.356450080871582
2026-04-28 12:56:00+00,,,54.300000508626304,50.01416619618734,10.446925083796183
2026-04-28 12:57:00+00,,,53.00909146395597,49.98833306630453,10.510849952697754
2026-04-28 12:58:00+00,,,52.91999969482422,49.97818166559393,10.562709114768289
2026-04-28 12:59:00+00,,,52.65833282470703,50.013000106811525,10.617700020472208
2026-04-28 13:00:00+00,,,54.86363636363637,50.00166670481364,10.686825037002563
2026-04-28 13:01:00+00,,,54.55833339691162,50.015000343322754,10.77744992574056
2026-04-28 13:02:00+00,,,54.73000030517578,49.97299995422363,10.863400025801225
2026-04-28 13:03:00+00,,,53.19999980926514,50.00999959309896,10.945191621780396
2026-04-28 13:04:00+00,,,52.07272720336914,49.97333367665609,11.003000100453695
2026-04-28 13:05:00+00,,,51.93333339691162,49.990000089009605,11.05019990603129
2026-04-28 13:06:00+00,,,51.836363705721766,49.99500036239624,11.095790949734775
2026-04-28 13:07:00+00,,,54.15833346048991,50.007500330607094,11.157366673151651
2026-04-28 13:08:00+00,,,54.225000063578285,50.01333321465386,11.253700017929077
2026-04-28 13:09:00+00,,,54.875000635782875,50.02833334604899,11.343258301417032
2026-04-28 13:10:00+00,,,54.58181797374379,50.01272687045011,11.42977272380482
2026-04-28 13:11:00+00,,,51.89999961853027,49.969999833540484,11.501683314641317
2026-04-28 13:12:00+00,,,51.45000012715658,49.97999986012777,11.548683325449625
2026-04-28 13:13:00+00,,,51.23999938964844,50.008181832053445,11.592791636784872
2026-04-28 13:14:00+00,,,51.336363705721766,50.00181857022372,11.634108976884322
2026-04-28 13:15:00+00,,,52.29999987284342,50.0083335240682,11.677416801452637
2026-04-28 13:16:00+00,,,51.208333333333336,49.99363604458895,11.735241889953613
2026-04-28 13:17:00+00,,,50.416666666666664,49.9916664759318,11.763283729553223
2026-04-28 13:18:00+00,,,49.708333333333336,49.98727243596857,11.788633187611898
2026-04-28 13:19:00+00,,,52,49.98545455932617,11.82016355341131
2026-04-28 13:20:00+00,,,54.18333307902018,49.99727283824574,11.898200035095215
2026-04-28 13:21:00+00,,,54.25,50.003636446866125,11.994133313496908
2026-04-28 13:22:00+00,,,54.15833377838135,50.02818194302645,12.083566745122274
2026-04-28 13:23:00+00,,,54.12727355957031,50.011000061035155,12.167545578696512
2026-04-28 13:24:00+00,,,54.18000030517578,49.99583371480306,12.252158323923746
2026-04-28 13:25:00+00,,,54.125,50.00249989827474,12.34534994761149
2026-04-28 13:26:00+00,,,54.09166622161865,50.013333320617676,12.435816605885824
2026-04-28 13:27:00+00,,,51.86363636363637,50.0108331044515,12.5164581934611
2026-04-28 13:28:00+00,,,49.92727314342152,50.01111136542426,12.549063595858486
2026-04-28 13:29:00+00,,,49.69999980926514,50.00500011444092,12.573333501815796
2026-04-28 13:30:00+00,,,49.77000007629395,50.03416665395101,12.59958322842916
2026-04-28 13:31:00+00,,,50.86666679382324,49.98727243596857,12.626625061035156
2026-04-28 13:32:00+00,,,53.08181797374379,49.989090312610976,12.692163640802557
2026-04-28 13:33:00+00,,,51.900000381469724,49.98454562100497,12.746050039927164
2026-04-28 13:34:00+00,,,51.43333307902018,49.979000091552734,12.799900134404501
2026-04-28 13:35:00+00,,,53.44166660308838,50.017500241597496,12.863983313242594
2026-04-28 13:36:00+00,,,53.68181783502752,50.008000183105466,12.947563691572709
2026-04-28 13:37:00+00,,,53.654545523903586,50.02749983469645,13.03314995765686
2026-04-28 13:38:00+00,,,53.96666685740153,50.001000213623044,13.12534991900126
2026-04-28 13:39:00+00,,,53.625,50.00090963190252,13.212783416112265
2026-04-28 13:40:00+00,,,53.55454496903853,50.016666412353516,13.295036142522639
2026-04-28 13:41:00+00,,,53.54999987284342,49.99636389992454,13.377091646194458
2026-04-28 13:42:00+00,,,53.49166711171468,50.019999504089355,13.468533356984457
2026-04-28 13:43:00+00,,,53.4916664759318,49.99166679382324,13.556658426920572
2026-04-28 13:44:00+00,,,53.618182095614344,50.003636446866125,13.638954509388316
2026-04-28 13:45:00+00,,,53.54166634877523,49.99000063809481,13.722224950790405
2026-04-28 13:46:00+00,,,53.79999955495199,49.99249998728434,13.810058434804281
2026-04-28 13:47:00+00,,,53.54999987284342,49.9981821233576,13.902341683705648
2026-04-28 13:48:00+00,,,50.53000030517578,50.00416660308838,13.960833390553793
2026-04-28 13:49:00+00,,,52.65454517711293,49.9890910061923,14.008054733276367
2026-04-28 13:50:00+00,,,51.774999936421715,49.99416700998942,14.081875165303549
2026-04-28 13:51:00+00,,,50.4,49.99363604458895,14.123008171717325
2026-04-28 13:52:00+00,,,50.033333248562286,49.98555543687608,14.153455522325304
2026-04-28 13:53:00+00,,,52.950000286102295,50.00399932861328,0.07061000019311905
2026-04-28 13:54:00+00,,,50,49.981666564941406,0.11208333261311054
2026-04-28 13:55:00+00,,,50.02999992370606,50.00909146395597,0.14580833291014036
2026-04-28 13:56:00+00,,,50.041666984558105,49.99000040690104,0.17950833464662233
2026-04-28 13:57:00+00,,,51.46666622161865,50.006666819254555,0.22192500159144402
2026-04-28 13:58:00+00,,,53.010000228881836,49.984000015258786,0.3025181835347956
2026-04-28 13:59:00+00,,,53.254545731977984,49.99727249145508,0.3842750017841657
2026-04-28 14:00:00+00,,,52.22500038146973,50.03000047471788,0.46749166895945865
2026-04-28 14:01:00+00,,,52.43333339691162,50.01500002543131,0.5493916720151901
2026-04-28 14:02:00+00,,,52.39090936834162,50.012727217240766,0.6333727240562439
2026-04-28 14:03:00+00,,,52.34545482288707,49.99000063809481,0.7142916768789291
2026-04-28 14:04:00+00,,,52.375,50.007500330607094,0.7970999926328659
2026-04-28 14:05:00+00,,,51.86363671042702,50.01909117265181,0.878850003083547
2026-04-28 14:06:00+00,,,52.71666653951009,50.005833307902016,0.9643333305915197
2026-04-28 14:07:00+00,,,52.327272935347125,50.0009089383212,1.0479363744909114
2026-04-28 14:08:00+00,,,52.20833365122477,49.97583325703939,1.1262166698773701
2026-04-28 14:09:00+00,,,51.88333288828532,50.00833320617676,1.2070416708787282
2026-04-28 14:10:00+00,,,52.38181825117631,50.00099983215332,1.287966678539912
2026-04-28 14:11:00+00,,,52.12727286598899,49.98900032043457,1.3705454522913152
2026-04-28 14:12:00+00,,,48.666666666666664,50.014167149861656,1.4272333184878032
2026-04-28 14:13:00+00,,,47.8666664759318,50.00500011444092,1.4483333230018616
2026-04-28 14:14:00+00,,,49.958333333333336,49.97333272298177,1.4776250024636586
2026-04-28 14:15:00+00,,,49.11666711171468,50.00999984741211,1.529958337545395
2026-04-28 14:16:00+00,,,49.64545440673828,49.98454562100497,1.568699999289079
2026-04-28 14:17:00+00,,,49.36666679382324,49.97249952952067,1.6050416628519695
2026-04-28 14:18:00+00,,,51.51666673024496,50.03249994913737,1.665708323319753
2026-04-28 14:19:00+00,,,50.65454587069425,50.00090963190252,1.738863630728288
2026-04-28 14:20:00+00,,,48.32499980926514,49.98416646321615,1.779358337322871
2026-04-28 14:21:00+00,,,48.37499968210856,50.012727217240766,1.8079666594664257
2026-04-28 14:22:00+00,,,50.01818223433061,49.99583339691162,1.8417749802271526
2026-04-28 14:23:00+00,,,51.95000012715658,50.02166620890299,1.9135166704654694
2026-04-28 14:24:00+00,,,51.69999972256747,49.98300018310547,1.9950818040154197
2026-04-28 14:25:00+00,,,51.574999491373696,50.006667137145996,2.0726750095685325
2026-04-28 14:26:00+00,,,51.44166660308838,50.021817987615414,2.151300032933553
2026-04-28 14:27:00+00,,,51.149999936421715,50.00000076293945,2.2291083137194314
2026-04-28 14:28:00+00,,,51.60999984741211,50.00499954223633,2.306236353787509
2026-04-28 14:29:00+00,,,51.25833288828532,49.9908332824707,2.385741631189982
2026-04-28 14:30:00+00,,,51.30000027743253,50.00909077037465,2.4640416701634726
2026-04-28 14:31:00+00,,,49.95000044504801,49.98750019073486,2.5358833273251853
2026-04-28 14:32:00+00,,,48.92499987284342,50.01000005548651,2.5781333446502686
2026-04-28 14:33:00+00,,,48.50909146395597,49.981000137329104,2.616818167946555
2026-04-28 14:34:00+00,,,48.65833314259847,49.994166692097984,2.6528666814168296
2026-04-28 14:35:00+00,,,48.86363636363637,50,2.6902249852816262
2026-04-28 14:36:00+00,,,50.725000063578285,50.004545731977984,2.7427583734194436
2026-04-28 14:37:00+00,,,48.20909118652344,50.00363679365678,2.797381791201505
2026-04-28 14:38:00+00,,,48.145454753528945,49.98749987284342,2.831258316834768
2026-04-28 14:39:00+00,,,48.29999993064187,49.99833329518636,2.86599999666214
2026-04-28 14:40:00+00,,,48.29999993064187,50.01083278656006,2.900583326816559
2026-04-28 14:41:00+00,,,48.190909298983485,49.98111131456163,2.939418164166537
2026-04-28 14:42:00+00,,,47.2416664759318,50.0083335240682,2.963325003782908
2026-04-28 14:43:00+00,,,50.858333587646484,50.02000045776367,3.0133249958356223
2026-04-28 14:44:00+00,,,51.04999987284342,49.98818172108043,3.089674989382426
2026-04-28 14:45:00+00,,,50.649999936421715,50.02749983469645,3.165341635545095
2026-04-28 14:46:00+00,,,50.43636356700551,49.99299964904785,3.2432727163488213
2026-04-28 14:47:00+00,,,49.96363657171076,49.99272710626776,3.3153083125750222
2026-04-28 14:48:00+00,,,50.57500012715658,49.9991668065389,3.390641669432322
2026-04-28 14:49:00+00,,,50.51111094156901,50.021818681196734,3.4626454440030185
2026-04-28 14:50:00+00,,,50.45000044504801,50.00900039672852,3.537833352883657
2026-04-28 14:51:00+00,,,50.524999936421715,50.00000031789144,3.615191638469696
2026-04-28 14:52:00+00,,,48.00909077037465,49.98749987284342,3.670016666253408
2026-04-28 14:53:00+00,,,47.80833339691162,50.00083351135254,3.7021750013033548
2026-04-28 14:54:00+00,,,47.80909104780717,49.99500045776367,3.734533349672953
2026-04-28 14:55:00+00,,,47.95454545454545,49.98363598910245,3.767827272415161
2026-04-28 14:56:00+00,,,49.291666984558105,50.010000402277164,3.8045583367347717
2026-04-28 14:57:00+00,,,49.3666664759318,49.98777770996094,3.870716651280721
2026-04-28 14:58:00+00,,,48.44545468417081,50.00400009155273,3.916990887035023
2026-04-28 14:59:00+00,,,48.54000015258789,49.98090917413885,3.961608350276947
2026-04-28 15:00:00+00,,,47.1454551003196,50.010833422342934,4.005075017611186
2026-04-28 15:01:00+00,,,47.1090913252397,50.014166514078774,4.047274907430013
2026-04-28 15:02:00+00,,,47.845454476096414,49.97333304087321,4.100600004196167
2026-04-28 15:03:00+00,,,46.881817904385656,49.974999618530276,4.141390930522572
2026-04-28 15:04:00+00,,,46.599999861283735,49.978182012384586,4.174583236376445
2026-04-28 15:05:00+00,,,47.72499974568685,50.0018178766424,4.215233365694682
2026-04-28 15:06:00+00,,,48.53000030517578,49.9627272865989,4.279045451771129
2026-04-28 15:07:00+00,,,48.76666673024496,50.008334159851074,4.350300033887227
2026-04-28 15:08:00+00,,,48.69166660308838,49.99399948120117,4.421424984931946
2026-04-28 15:09:00+00,,,48.75833320617676,50.010833740234375,4.4905833800633745
2026-04-28 15:10:00+00,,,46.84999974568685,50.007273240522906,4.5504833062489825
2026-04-28 15:11:00+00,,,46.90000025431315,50.008181832053445,4.591099999167702
2026-04-28 15:12:00+00,,,46.88333384195963,49.996364246715196,4.631183385848999
2026-04-28 15:13:00+00,,,46.51818188753995,50.00272716175426,4.670799970626831
2026-04-28 15:14:00+00,,,47.89090902155096,50.010833422342934,4.718966643015544
2026-04-28 15:15:00+00,,,48.0555551317003,50.0018178766424,4.783509124409068
2026-04-28 15:16:00+00,,,48.45454545454545,49.99250030517578,4.854816675186157
2026-04-28 15:17:00+00,,,48.06666660308838,50.014166831970215,4.921808362007141
2026-04-28 15:18:00+00,,,47.99090922962535,49.990000089009605,4.988475044568379
2026-04-28 15:19:00+00,,,47.78999977111816,49.994444105360245,5.052027225494385
2026-04-28 15:20:00+00,,,48.4916664759318,50.00583362579346,5.1218249797821045
2026-04-28 15:21:00+00,,,48.0083335240682,49.98454492742365,5.188974976539612
2026-04-28 15:22:00+00,,,48.18181783502752,49.97000007629394,5.255591630935669
2026-04-28 15:23:00+00,,,47.70000006935813,50.00555547078451,5.318854505365545
2026-04-28 15:24:00+00,,,47.47499974568685,49.989166577657066,5.385975042978923
2026-04-28 15:25:00+00,,,47.70833365122477,49.99099960327148,5.451833327611287
2026-04-28 15:26:00+00,,,47.5,50.01833279927572,5.5172083377838135
2026-04-28 15:27:00+00,,,47.55833307902018,49.98363598910245,5.582800070444743
2026-04-28 15:28:00+00,,,47.844444274902344,49.98727243596857,5.649445447054776
2026-04-28 15:29:00+00,,,47.458333333333336,50.00727289373224,5.713733394940694
2026-04-28 15:30:00+00,,,47.49166711171468,50.01583321889242,5.778475006421407
2026-04-28 15:31:00+00,,,47.725000063578285,49.97636344216087,5.842483401298523
2026-04-28 15:32:00+00,,,46.70909118652344,50.00299987792969,5.900872750715776
2026-04-28 15:33:00+00,,,44.654545523903586,50.01249980926514,5.932416637738545
2026-04-28 15:34:00+00,,,44.854545246471055,49.96999994913737,5.956800063451131
2026-04-28 15:35:00+00,,,46.916666984558105,49.98400039672852,5.999075015385945
2026-04-28 15:36:00+00,,,47.07272720336914,49.96500015258789,6.059945453297008
2026-04-28 15:37:00+00,,,46.87500031789144,49.98727312954989,6.1250249942143755
2026-04-28 15:38:00+00,,,47.118182095614344,50.01888868543837,6.188433289527893
2026-04-28 15:39:00+00,,,46.98000030517578,49.994166692097984,6.2511582771937055
2026-04-28 15:40:00+00,,,46.80000038146973,49.991817474365234,6.311363697052002
2026-04-28 15:41:00+00,,,46.89090902155096,49.98545421253551,6.374266664187114
2026-04-28 15:42:00+00,,,46.08181797374379,50.00499979654948,6.436458388964335
2026-04-28 15:43:00+00,,,43.208333333333336,49.99083391825358,6.46150004863739
2026-04-28 15:44:00+00,,,45.29999923706055,49.999999653209336,6.485825022061666
2026-04-28 15:45:00+00,,,46.8,49.97272768887606,6.5447727116671475
2026-04-28 15:46:00+00,,,45.43333392673068,50.00500011444092,6.6012749671936035
2026-04-28 15:47:00+00,,,44.80000027743253,50.01583385467529,6.6379750569661455
2026-04-28 15:48:00+00,,,44.608333587646484,49.99333349863688,6.6726999680201216
2026-04-28 15:49:00+00,,,45.28181838989258,50.003333197699654,6.706490906802091
2026-04-28 15:50:00+00,,,44.82500044504801,50.00400009155273,6.742408275604248
2026-04-28 15:51:00+00,,,45.691667238871254,50.003333727518715,6.78582505385081
2026-04-28 15:52:00+00,,,46.46666653951009,50.03000051325018,6.845849990844727
2026-04-28 15:53:00+00,,,45.77499930063883,50.02000045776367,6.905391653378804
2026-04-28 15:54:00+00,,,46.563636779785156,50.00900001525879,6.965527274391868
2026-04-28 15:55:00+00,,,44.40833346048991,50.01583353678385,7.016608357429504
2026-04-28 15:56:00+00,,,43.0363637750799,49.97909095070579,7.036458373069763
2026-04-28 15:57:00+00,,,45.69090895219283,50.01499977111816,7.075909051028165
2026-04-28 15:58:00+00,,,45.82499980926514,50.02699966430664,7.134716749191284
2026-04-28 15:59:00+00,,,43.21666653951009,49.99583307902018,7.178249994913737
2026-04-28 16:00:00+00,,,41.516666412353516,50.0018178766424,7.191466569900513
2026-04-28 16:01:00+00,,,41.27272761951793,50.01500002543131,7.203733404477437
2026-04-28 16:02:00+00,,,41.4636362249201,49.97909095070579,7.216136325489391
2026-04-28 16:03:00+00,,,42.68181818181818,50.010000402277164,7.232991695404053
2026-04-28 16:04:00+00,,,44.32499980926514,49.98181845925071,7.281616648038228
2026-04-28 16:05:00+00,,,44.124999364217125,50.0033327738444,7.336275060971578
2026-04-28 16:06:00+00,,,44.190908605402164,50.01100044250488,7.38848183371804
2026-04-28 16:07:00+00,,,44.099999861283735,49.99833329518636,7.444783290227254
2026-04-28 16:08:00+00,,,43.60909097844904,50.01090934059837,7.498725056648254
2026-04-28 16:09:00+00,,,41.67272741144354,50.0008331934611,7.533616662025452
2026-04-28 16:10:00+00,,,42.02999992370606,49.98200035095215,7.555900053544478
2026-04-28 16:11:00+00,,,42.02500025431315,49.986666679382324,7.579416632652283
2026-04-28 16:12:00+00,,,43.77499961853027,50.0091667175293,7.617133339246114
2026-04-28 16:13:00+00,,,43.66666709052192,49.991999816894534,7.670558373133342
2026-04-28 16:14:00+00,,,43.55454566261985,50.01363615556197,7.720981857993386
2026-04-28 16:15:00+00,,,43.483333905537926,50.013333320617676,7.772508303324382
2026-04-28 16:16:00+00,,,43.20000044504801,50.013636502352625,7.828375021616618
2026-04-28 16:17:00+00,,,41.563636086203836,49.98666636149088,7.86080002784729
2026-04-28 16:18:00+00,,,41.80000114440918,49.9900016784668,7.872649908065796
